rank,residue1,protein1,copy1,restype1,body1,residue2,protein2,copy2,restype2,body2,distance,kind
1,30,ECOIL,0,G,linker,31,ECOIL,0,G,linker,2.922,intra_mol
2,22,KCOIL,0,G,linker,23,KCOIL,0,G,linker,3.038,intra_mol
3,25,KCOIL,0,G,linker,26,KCOIL,0,G,linker,3.243,intra_mol
4,26,KCOIL,0,G,linker,27,KCOIL,0,G,linker,3.256,intra_mol
5,30,KCOIL,0,G,linker,31,KCOIL,0,G,linker,3.298,intra_mol
6,24,ECOIL,0,S,linker,25,ECOIL,0,G,linker,3.300,intra_mol
7,26,ECOIL,0,G,linker,27,ECOIL,0,G,linker,3.482,intra_mol
8,10,KCOIL,0,A,KCOIL_0_1-21,11,KCOIL,0,A,KCOIL_0_1-21,3.497,intra_mol
9,25,ECOIL,0,G,linker,26,ECOIL,0,G,linker,3.498,intra_mol
10,41,ECOIL,0,A,ECOIL_0_32-52,42,ECOIL,0,A,ECOIL_0_32-52,3.503,intra_mol
11,29,KCOIL,0,G,linker,30,KCOIL,0,G,linker,3.505,intra_mol
12,3,KCOIL,0,A,KCOIL_0_1-21,4,KCOIL,0,A,KCOIL_0_1-21,3.507,intra_mol
13,41,KCOIL,0,A,KCOIL_0_32-52,42,KCOIL,0,A,KCOIL_0_32-52,3.508,intra_mol
14,10,ECOIL,0,A,ECOIL_0_1-21,11,ECOIL,0,A,ECOIL_0_1-21,3.509,intra_mol
15,34,KCOIL,0,A,KCOIL_0_32-52,35,KCOIL,0,A,KCOIL_0_32-52,3.511,intra_mol
16,3,ECOIL,0,A,ECOIL_0_1-21,4,ECOIL,0,A,ECOIL_0_1-21,3.512,intra_mol
17,34,ECOIL,0,A,ECOIL_0_32-52,35,ECOIL,0,A,ECOIL_0_32-52,3.516,intra_mol
18,17,KCOIL,0,A,KCOIL_0_1-21,18,KCOIL,0,A,KCOIL_0_1-21,3.522,intra_mol
19,17,ECOIL,0,A,ECOIL_0_1-21,18,ECOIL,0,A,ECOIL_0_1-21,3.527,intra_mol
20,29,ECOIL,0,G,linker,30,ECOIL,0,G,linker,3.536,intra_mol
21,48,KCOIL,0,A,KCOIL_0_32-52,49,KCOIL,0,A,KCOIL_0_32-52,3.547,intra_mol
22,48,ECOIL,0,A,ECOIL_0_32-52,49,ECOIL,0,A,ECOIL_0_32-52,3.549,intra_mol
23,27,ECOIL,0,G,linker,28,ECOIL,0,S,linker,3.551,intra_mol
24,22,ECOIL,0,G,linker,23,ECOIL,0,G,linker,3.556,intra_mol
25,24,KCOIL,0,S,linker,25,KCOIL,0,G,linker,3.590,intra_mol
26,27,KCOIL,0,G,linker,28,KCOIL,0,S,linker,3.678,intra_mol
27,23,ECOIL,0,G,linker,24,ECOIL,0,S,linker,3.692,intra_mol
28,23,KCOIL,0,G,linker,24,KCOIL,0,S,linker,3.693,intra_mol
29,31,KCOIL,0,G,linker,32,KCOIL,0,K,KCOIL_0_32-52,3.892,intra_mol
30,28,ECOIL,0,S,linker,29,ECOIL,0,G,linker,3.935,intra_mol
31,35,ECOIL,0,A,ECOIL_0_32-52,36,ECOIL,0,L,ECOIL_0_32-52,3.945,intra_mol
32,4,ECOIL,0,A,ECOIL_0_1-21,5,ECOIL,0,L,ECOIL_0_1-21,3.946,intra_mol
33,4,KCOIL,0,A,KCOIL_0_1-21,5,KCOIL,0,L,KCOIL_0_1-21,3.960,intra_mol
34,49,KCOIL,0,A,KCOIL_0_32-52,50,KCOIL,0,L,KCOIL_0_32-52,3.962,intra_mol
35,42,ECOIL,0,A,ECOIL_0_32-52,43,ECOIL,0,L,ECOIL_0_32-52,3.977,intra_mol
36,18,KCOIL,0,A,KCOIL_0_1-21,19,KCOIL,0,L,KCOIL_0_1-21,3.980,intra_mol
37,49,ECOIL,0,A,ECOIL_0_32-52,50,ECOIL,0,L,ECOIL_0_32-52,3.981,intra_mol
38,18,ECOIL,0,A,ECOIL_0_1-21,19,ECOIL,0,L,ECOIL_0_1-21,3.994,intra_mol
39,11,ECOIL,0,A,ECOIL_0_1-21,12,ECOIL,0,L,ECOIL_0_1-21,3.996,intra_mol
40,11,KCOIL,0,A,KCOIL_0_1-21,12,KCOIL,0,L,KCOIL_0_1-21,4.008,intra_mol
41,47,KCOIL,0,I,KCOIL_0_32-52,48,KCOIL,0,A,KCOIL_0_32-52,4.137,intra_mol
42,28,KCOIL,0,S,linker,29,KCOIL,0,G,linker,4.158,intra_mol
43,35,KCOIL,0,A,KCOIL_0_32-52,36,KCOIL,0,L,KCOIL_0_32-52,4.211,intra_mol
44,42,KCOIL,0,A,KCOIL_0_32-52,43,KCOIL,0,L,KCOIL_0_32-52,4.238,intra_mol
45,31,ECOIL,0,G,linker,32,ECOIL,0,E,ECOIL_0_32-52,4.247,intra_mol
46,16,ECOIL,0,I,ECOIL_0_1-21,17,ECOIL,0,A,ECOIL_0_1-21,4.248,intra_mol
47,3,ECOIL,0,A,ECOIL_0_1-21,6,ECOIL,0,E,ECOIL_0_1-21,4.316,intra_mol
48,17,ECOIL,0,A,ECOIL_0_1-21,20,ECOIL,0,E,ECOIL_0_1-21,4.321,intra_mol
49,31,ECOIL,0,G,linker,34,ECOIL,0,A,ECOIL_0_32-52,4.345,intra_mol
50,40,ECOIL,0,I,ECOIL_0_32-52,41,ECOIL,0,A,ECOIL_0_32-52,4.346,intra_mol
51,47,ECOIL,0,I,ECOIL_0_32-52,48,ECOIL,0,A,ECOIL_0_32-52,4.346,intra_mol
52,9,KCOIL,0,I,KCOIL_0_1-21,10,KCOIL,0,A,KCOIL_0_1-21,4.361,intra_mol
53,16,KCOIL,0,I,KCOIL_0_1-21,17,KCOIL,0,A,KCOIL_0_1-21,4.362,intra_mol
54,33,KCOIL,0,I,KCOIL_0_32-52,34,KCOIL,0,A,KCOIL_0_32-52,4.406,intra_mol
55,40,KCOIL,0,I,KCOIL_0_32-52,41,KCOIL,0,A,KCOIL_0_32-52,4.414,intra_mol
56,2,ECOIL,0,I,ECOIL_0_1-21,3,ECOIL,0,A,ECOIL_0_1-21,4.428,intra_mol
57,34,ECOIL,0,A,ECOIL_0_32-52,37,ECOIL,0,E,ECOIL_0_32-52,4.431,intra_mol
58,33,ECOIL,0,I,ECOIL_0_32-52,34,ECOIL,0,A,ECOIL_0_32-52,4.438,intra_mol
59,9,ECOIL,0,I,ECOIL_0_1-21,10,ECOIL,0,A,ECOIL_0_1-21,4.439,intra_mol
60,2,KCOIL,0,I,KCOIL_0_1-21,3,KCOIL,0,A,KCOIL_0_1-21,4.445,intra_mol
61,48,ECOIL,0,A,ECOIL_0_32-52,51,ECOIL,0,E,ECOIL_0_32-52,4.457,intra_mol
62,17,KCOIL,0,A,KCOIL_0_1-21,20,KCOIL,0,K,KCOIL_0_1-21,4.524,intra_mol
63,48,KCOIL,0,A,KCOIL_0_32-52,51,KCOIL,0,K,KCOIL_0_32-52,4.541,intra_mol
64,24,ECOIL,0,S,linker,25,KCOIL,0,G,linker,4.570,inter_mol
65,49,KCOIL,0,A,KCOIL_0_32-52,52,KCOIL,0,E,KCOIL_0_32-52,4.590,intra_mol
66,34,KCOIL,0,A,KCOIL_0_32-52,37,KCOIL,0,K,KCOIL_0_32-52,4.603,intra_mol
67,23,ECOIL,0,G,linker,25,KCOIL,0,G,linker,4.633,inter_mol
68,4,KCOIL,0,A,KCOIL_0_1-21,7,KCOIL,0,E,KCOIL_0_1-21,4.638,intra_mol
69,11,KCOIL,0,A,KCOIL_0_1-21,14,KCOIL,0,E,KCOIL_0_1-21,4.668,intra_mol
70,27,ECOIL,0,G,linker,33,ECOIL,0,I,ECOIL_0_32-52,4.730,intra_mol
71,41,KCOIL,0,A,KCOIL_0_32-52,44,KCOIL,0,K,KCOIL_0_32-52,4.774,intra_mol
72,35,KCOIL,0,A,KCOIL_0_32-52,38,KCOIL,0,E,KCOIL_0_32-52,4.829,intra_mol
73,42,KCOIL,0,A,KCOIL_0_32-52,45,KCOIL,0,E,KCOIL_0_32-52,4.830,intra_mol
74,10,KCOIL,0,A,KCOIL_0_1-21,13,KCOIL,0,K,KCOIL_0_1-21,4.860,intra_mol
75,3,KCOIL,0,A,KCOIL_0_1-21,6,KCOIL,0,K,KCOIL_0_1-21,4.864,intra_mol
76,41,ECOIL,0,A,ECOIL_0_32-52,44,ECOIL,0,E,ECOIL_0_32-52,4.870,intra_mol
77,10,ECOIL,0,A,ECOIL_0_1-21,13,ECOIL,0,E,ECOIL_0_1-21,4.886,intra_mol
78,49,ECOIL,0,A,ECOIL_0_32-52,52,ECOIL,0,K,ECOIL_0_32-52,4.902,intra_mol
79,24,ECOIL,0,S,linker,24,KCOIL,0,S,linker,4.942,inter_mol
80,42,ECOIL,0,A,ECOIL_0_32-52,45,ECOIL,0,K,ECOIL_0_32-52,5.013,intra_mol
81,7,ECOIL,0,K,ECOIL_0_1-21,8,ECOIL,0,E,ECOIL_0_1-21,5.019,intra_mol
82,51,ECOIL,0,E,ECOIL_0_32-52,2,KCOIL,0,I,KCOIL_0_1-21,5.021,inter_mol
83,24,ECOIL,0,S,linker,23,KCOIL,0,G,linker,5.025,inter_mol
84,35,ECOIL,0,A,ECOIL_0_32-52,38,ECOIL,0,K,ECOIL_0_32-52,5.033,intra_mol
85,38,ECOIL,0,K,ECOIL_0_32-52,39,ECOIL,0,E,ECOIL_0_32-52,5.058,intra_mol
86,21,ECOIL,0,K,ECOIL_0_1-21,22,ECOIL,0,G,linker,5.095,intra_mol
87,4,ECOIL,0,A,ECOIL_0_1-21,7,ECOIL,0,K,ECOIL_0_1-21,5.096,intra_mol
88,36,KCOIL,0,L,KCOIL_0_32-52,37,KCOIL,0,K,KCOIL_0_32-52,5.107,intra_mol
89,37,ECOIL,0,E,ECOIL_0_32-52,38,ECOIL,0,K,ECOIL_0_32-52,5.111,intra_mol
90,46,ECOIL,0,E,ECOIL_0_32-52,47,KCOIL,0,I,KCOIL_0_32-52,5.117,inter_mol
91,14,ECOIL,0,K,ECOIL_0_1-21,15,ECOIL,0,E,ECOIL_0_1-21,5.123,intra_mol
92,11,ECOIL,0,A,ECOIL_0_1-21,14,ECOIL,0,K,ECOIL_0_1-21,5.124,intra_mol
93,40,ECOIL,0,I,ECOIL_0_32-52,43,ECOIL,0,L,ECOIL_0_32-52,5.128,intra_mol
94,45,ECOIL,0,K,ECOIL_0_32-52,46,ECOIL,0,E,ECOIL_0_32-52,5.134,intra_mol
95,16,ECOIL,0,I,ECOIL_0_1-21,19,ECOIL,0,L,ECOIL_0_1-21,5.134,intra_mol
96,16,ECOIL,0,I,ECOIL_0_1-21,15,KCOIL,0,K,KCOIL_0_1-21,5.137,inter_mol
97,13,ECOIL,0,E,ECOIL_0_1-21,12,KCOIL,0,L,KCOIL_0_1-21,5.146,inter_mol
98,37,KCOIL,0,K,KCOIL_0_32-52,38,KCOIL,0,E,KCOIL_0_32-52,5.150,intra_mol
99,16,KCOIL,0,I,KCOIL_0_1-21,19,KCOIL,0,L,KCOIL_0_1-21,5.159,intra_mol
100,51,ECOIL,0,E,ECOIL_0_32-52,52,ECOIL,0,K,ECOIL_0_32-52,5.168,intra_mol
101,15,ECOIL,0,E,ECOIL_0_1-21,32,KCOIL,0,K,KCOIL_0_32-52,5.183,inter_mol
102,27,ECOIL,0,G,linker,31,ECOIL,0,G,linker,5.191,intra_mol
103,9,ECOIL,0,I,ECOIL_0_1-21,8,KCOIL,0,K,KCOIL_0_1-21,5.202,inter_mol
104,47,KCOIL,0,I,KCOIL_0_32-52,50,KCOIL,0,L,KCOIL_0_32-52,5.204,intra_mol
105,44,KCOIL,0,K,KCOIL_0_32-52,45,KCOIL,0,E,KCOIL_0_32-52,5.205,intra_mol
106,32,ECOIL,0,E,ECOIL_0_32-52,33,KCOIL,0,I,KCOIL_0_32-52,5.217,inter_mol
107,43,ECOIL,0,L,ECOIL_0_32-52,44,KCOIL,0,K,KCOIL_0_32-52,5.226,inter_mol
108,29,ECOIL,0,G,linker,31,ECOIL,0,G,linker,5.226,intra_mol
109,9,KCOIL,0,I,KCOIL_0_1-21,12,KCOIL,0,L,KCOIL_0_1-21,5.228,intra_mol
110,12,ECOIL,0,L,ECOIL_0_1-21,39,KCOIL,0,K,KCOIL_0_32-52,5.229,inter_mol
111,6,KCOIL,0,K,KCOIL_0_1-21,7,KCOIL,0,E,KCOIL_0_1-21,5.230,intra_mol
112,20,KCOIL,0,K,KCOIL_0_1-21,21,KCOIL,0,E,KCOIL_0_1-21,5.232,intra_mol
113,27,KCOIL,0,G,linker,30,KCOIL,0,G,linker,5.239,intra_mol
114,20,ECOIL,0,E,ECOIL_0_1-21,21,ECOIL,0,K,ECOIL_0_1-21,5.240,intra_mol
115,21,KCOIL,0,E,KCOIL_0_1-21,22,KCOIL,0,G,linker,5.251,intra_mol
116,30,ECOIL,0,G,linker,34,ECOIL,0,A,ECOIL_0_32-52,5.251,intra_mol
117,18,KCOIL,0,A,KCOIL_0_1-21,21,KCOIL,0,E,KCOIL_0_1-21,5.251,intra_mol
118,2,ECOIL,0,I,ECOIL_0_1-21,5,ECOIL,0,L,ECOIL_0_1-21,5.255,intra_mol
119,13,KCOIL,0,K,KCOIL_0_1-21,14,KCOIL,0,E,KCOIL_0_1-21,5.260,intra_mol
120,47,ECOIL,0,I,ECOIL_0_32-52,50,ECOIL,0,L,ECOIL_0_32-52,5.266,intra_mol
121,6,ECOIL,0,E,ECOIL_0_1-21,7,ECOIL,0,K,ECOIL_0_1-21,5.273,intra_mol
122,39,ECOIL,0,E,ECOIL_0_32-52,40,KCOIL,0,I,KCOIL_0_32-52,5.283,inter_mol
123,19,KCOIL,0,L,KCOIL_0_1-21,23,KCOIL,0,G,linker,5.309,intra_mol
124,33,ECOIL,0,I,ECOIL_0_32-52,36,ECOIL,0,L,ECOIL_0_32-52,5.313,intra_mol
125,18,ECOIL,0,A,ECOIL_0_1-21,21,ECOIL,0,K,ECOIL_0_1-21,5.314,intra_mol
126,7,KCOIL,0,E,KCOIL_0_1-21,8,KCOIL,0,K,KCOIL_0_1-21,5.317,intra_mol
127,14,KCOIL,0,E,KCOIL_0_1-21,15,KCOIL,0,K,KCOIL_0_1-21,5.322,intra_mol
128,2,KCOIL,0,I,KCOIL_0_1-21,5,KCOIL,0,L,KCOIL_0_1-21,5.326,intra_mol
129,40,KCOIL,0,I,KCOIL_0_32-52,43,KCOIL,0,L,KCOIL_0_32-52,5.330,intra_mol
130,9,ECOIL,0,I,ECOIL_0_1-21,12,ECOIL,0,L,ECOIL_0_1-21,5.345,intra_mol
131,50,ECOIL,0,L,ECOIL_0_32-52,51,ECOIL,0,E,ECOIL_0_32-52,5.345,intra_mol
132,20,ECOIL,0,E,ECOIL_0_1-21,19,KCOIL,0,L,KCOIL_0_1-21,5.348,inter_mol
133,44,ECOIL,0,E,ECOIL_0_32-52,9,KCOIL,0,I,KCOIL_0_1-21,5.357,inter_mol
134,19,ECOIL,0,L,ECOIL_0_1-21,22,ECOIL,0,G,linker,5.363,intra_mol
135,43,KCOIL,0,L,KCOIL_0_32-52,44,KCOIL,0,K,KCOIL_0_32-52,5.363,intra_mol
136,27,KCOIL,0,G,linker,29,KCOIL,0,G,linker,5.367,intra_mol
137,19,ECOIL,0,L,ECOIL_0_1-21,20,ECOIL,0,E,ECOIL_0_1-21,5.374,intra_mol
138,33,KCOIL,0,I,KCOIL_0_32-52,36,KCOIL,0,L,KCOIL_0_32-52,5.394,intra_mol
139,1,ECOIL,0,E,ECOIL_0_1-21,4,ECOIL,0,A,ECOIL_0_1-21,5.397,intra_mol
140,47,ECOIL,0,I,ECOIL_0_32-52,2,KCOIL,0,I,KCOIL_0_1-21,5.402,inter_mol
141,34,KCOIL,0,A,KCOIL_0_32-52,36,KCOIL,0,L,KCOIL_0_32-52,5.438,intra_mol
142,27,ECOIL,0,G,linker,20,KCOIL,0,K,KCOIL_0_1-21,5.447,inter_mol
143,41,KCOIL,0,A,KCOIL_0_32-52,43,KCOIL,0,L,KCOIL_0_32-52,5.448,intra_mol
144,32,KCOIL,0,K,KCOIL_0_32-52,35,KCOIL,0,A,KCOIL_0_32-52,5.459,intra_mol
145,15,ECOIL,0,E,ECOIL_0_1-21,36,KCOIL,0,L,KCOIL_0_32-52,5.464,inter_mol
146,12,ECOIL,0,L,ECOIL_0_1-21,36,KCOIL,0,L,KCOIL_0_32-52,5.474,inter_mol
147,32,ECOIL,0,E,ECOIL_0_32-52,33,ECOIL,0,I,ECOIL_0_32-52,5.476,intra_mol
148,4,ECOIL,0,A,ECOIL_0_1-21,6,ECOIL,0,E,ECOIL_0_1-21,5.477,intra_mol
149,27,ECOIL,0,G,linker,29,ECOIL,0,G,linker,5.480,intra_mol
150,25,ECOIL,0,G,linker,23,KCOIL,0,G,linker,5.489,inter_mol
151,48,KCOIL,0,A,KCOIL_0_32-52,50,KCOIL,0,L,KCOIL_0_32-52,5.492,intra_mol
152,35,ECOIL,0,A,ECOIL_0_32-52,37,ECOIL,0,E,ECOIL_0_32-52,5.496,intra_mol
153,36,ECOIL,0,L,ECOIL_0_32-52,37,KCOIL,0,K,KCOIL_0_32-52,5.497,inter_mol
154,3,KCOIL,0,A,KCOIL_0_1-21,7,KCOIL,0,E,KCOIL_0_1-21,5.499,intra_mol
155,51,KCOIL,0,K,KCOIL_0_32-52,52,KCOIL,0,E,KCOIL_0_32-52,5.506,intra_mol
156,8,ECOIL,0,E,ECOIL_0_1-21,9,ECOIL,0,I,ECOIL_0_1-21,5.506,intra_mol
157,19,KCOIL,0,L,KCOIL_0_1-21,22,KCOIL,0,G,linker,5.507,intra_mol
158,50,ECOIL,0,L,ECOIL_0_32-52,2,KCOIL,0,I,KCOIL_0_1-21,5.507,inter_mol
159,23,ECOIL,0,G,linker,26,KCOIL,0,G,linker,5.515,inter_mol
160,5,ECOIL,0,L,ECOIL_0_1-21,46,KCOIL,0,K,KCOIL_0_32-52,5.516,inter_mol
161,40,ECOIL,0,I,ECOIL_0_32-52,13,KCOIL,0,K,KCOIL_0_1-21,5.517,inter_mol
162,22,KCOIL,0,G,linker,24,KCOIL,0,S,linker,5.521,intra_mol
163,40,ECOIL,0,I,ECOIL_0_32-52,9,KCOIL,0,I,KCOIL_0_1-21,5.523,inter_mol
164,1,ECOIL,0,E,ECOIL_0_1-21,2,ECOIL,0,I,ECOIL_0_1-21,5.529,intra_mol
165,31,ECOIL,0,G,linker,33,ECOIL,0,I,ECOIL_0_32-52,5.535,intra_mol
166,17,KCOIL,0,A,KCOIL_0_1-21,19,KCOIL,0,L,KCOIL_0_1-21,5.537,intra_mol
167,39,ECOIL,0,E,ECOIL_0_32-52,40,ECOIL,0,I,ECOIL_0_32-52,5.541,intra_mol
168,46,ECOIL,0,E,ECOIL_0_32-52,47,ECOIL,0,I,ECOIL_0_32-52,5.542,intra_mol
169,38,KCOIL,0,E,KCOIL_0_32-52,39,KCOIL,0,K,KCOIL_0_32-52,5.545,intra_mol
170,34,ECOIL,0,A,ECOIL_0_32-52,36,ECOIL,0,L,ECOIL_0_32-52,5.551,intra_mol
171,45,KCOIL,0,E,KCOIL_0_32-52,46,KCOIL,0,K,KCOIL_0_32-52,5.557,intra_mol
172,47,ECOIL,0,I,ECOIL_0_32-52,6,KCOIL,0,K,KCOIL_0_1-21,5.559,inter_mol
173,19,KCOIL,0,L,KCOIL_0_1-21,20,KCOIL,0,K,KCOIL_0_1-21,5.565,intra_mol
174,8,ECOIL,0,E,ECOIL_0_1-21,43,KCOIL,0,L,KCOIL_0_32-52,5.569,inter_mol
175,48,ECOIL,0,A,ECOIL_0_32-52,52,ECOIL,0,K,ECOIL_0_32-52,5.570,intra_mol
176,48,ECOIL,0,A,ECOIL_0_32-52,50,ECOIL,0,L,ECOIL_0_32-52,5.579,intra_mol
177,31,ECOIL,0,G,linker,35,ECOIL,0,A,ECOIL_0_32-52,5.589,intra_mol
178,34,KCOIL,0,A,KCOIL_0_32-52,38,KCOIL,0,E,KCOIL_0_32-52,5.591,intra_mol
179,17,ECOIL,0,A,ECOIL_0_1-21,19,ECOIL,0,L,ECOIL_0_1-21,5.592,intra_mol
180,10,ECOIL,0,A,ECOIL_0_1-21,12,ECOIL,0,L,ECOIL_0_1-21,5.601,intra_mol
181,44,ECOIL,0,E,ECOIL_0_32-52,45,ECOIL,0,K,ECOIL_0_32-52,5.603,intra_mol
182,3,ECOIL,0,A,ECOIL_0_1-21,5,ECOIL,0,L,ECOIL_0_1-21,5.603,intra_mol
183,41,ECOIL,0,A,ECOIL_0_32-52,43,ECOIL,0,L,ECOIL_0_32-52,5.604,intra_mol
184,50,KCOIL,0,L,KCOIL_0_32-52,51,KCOIL,0,K,KCOIL_0_32-52,5.614,intra_mol
185,32,KCOIL,0,K,KCOIL_0_32-52,33,KCOIL,0,I,KCOIL_0_32-52,5.614,intra_mol
186,5,ECOIL,0,L,ECOIL_0_1-21,6,ECOIL,0,E,ECOIL_0_1-21,5.620,intra_mol
187,15,ECOIL,0,E,ECOIL_0_1-21,16,ECOIL,0,I,ECOIL_0_1-21,5.623,intra_mol
188,10,KCOIL,0,A,KCOIL_0_1-21,14,KCOIL,0,E,KCOIL_0_1-21,5.624,intra_mol
189,33,ECOIL,0,I,ECOIL_0_32-52,20,KCOIL,0,K,KCOIL_0_1-21,5.630,inter_mol
190,24,ECOIL,0,S,linker,26,KCOIL,0,G,linker,5.641,inter_mol
191,3,KCOIL,0,A,KCOIL_0_1-21,5,KCOIL,0,L,KCOIL_0_1-21,5.641,intra_mol
192,11,KCOIL,0,A,KCOIL_0_1-21,15,KCOIL,0,K,KCOIL_0_1-21,5.644,intra_mol
193,18,KCOIL,0,A,KCOIL_0_1-21,22,KCOIL,0,G,linker,5.651,intra_mol
194,12,KCOIL,0,L,KCOIL_0_1-21,15,KCOIL,0,K,KCOIL_0_1-21,5.655,intra_mol
195,1,KCOIL,0,K,KCOIL_0_1-21,4,KCOIL,0,A,KCOIL_0_1-21,5.665,intra_mol
196,10,KCOIL,0,A,KCOIL_0_1-21,12,KCOIL,0,L,KCOIL_0_1-21,5.676,intra_mol
197,30,KCOIL,0,G,linker,32,KCOIL,0,K,KCOIL_0_32-52,5.679,intra_mol
198,36,ECOIL,0,L,ECOIL_0_32-52,37,ECOIL,0,E,ECOIL_0_32-52,5.681,intra_mol
199,18,ECOIL,0,A,ECOIL_0_1-21,20,ECOIL,0,E,ECOIL_0_1-21,5.682,intra_mol
200,13,ECOIL,0,E,ECOIL_0_1-21,14,ECOIL,0,K,ECOIL_0_1-21,5.684,intra_mol
201,33,ECOIL,0,I,ECOIL_0_32-52,19,KCOIL,0,L,KCOIL_0_1-21,5.686,inter_mol
202,43,KCOIL,0,L,KCOIL_0_32-52,46,KCOIL,0,K,KCOIL_0_32-52,5.689,intra_mol
203,35,KCOIL,0,A,KCOIL_0_32-52,39,KCOIL,0,K,KCOIL_0_32-52,5.693,intra_mol
204,47,ECOIL,0,I,ECOIL_0_32-52,5,KCOIL,0,L,KCOIL_0_1-21,5.695,inter_mol
205,20,ECOIL,0,E,ECOIL_0_1-21,15,KCOIL,0,K,KCOIL_0_1-21,5.700,inter_mol
206,6,ECOIL,0,E,ECOIL_0_1-21,5,KCOIL,0,L,KCOIL_0_1-21,5.710,inter_mol
207,50,ECOIL,0,L,ECOIL_0_32-52,50,KCOIL,0,L,KCOIL_0_32-52,5.712,inter_mol
208,25,ECOIL,0,G,linker,27,ECOIL,0,G,linker,5.720,intra_mol
209,39,ECOIL,0,E,ECOIL_0_32-52,42,ECOIL,0,A,ECOIL_0_32-52,5.721,intra_mol
210,20,ECOIL,0,E,ECOIL_0_1-21,18,KCOIL,0,A,KCOIL_0_1-21,5.722,inter_mol
211,12,ECOIL,0,L,ECOIL_0_1-21,15,ECOIL,0,E,ECOIL_0_1-21,5.724,intra_mol
212,5,ECOIL,0,L,ECOIL_0_1-21,43,KCOIL,0,L,KCOIL_0_32-52,5.725,inter_mol
213,26,ECOIL,0,G,linker,23,KCOIL,0,G,linker,5.736,inter_mol
214,49,ECOIL,0,A,ECOIL_0_32-52,51,ECOIL,0,E,ECOIL_0_32-52,5.743,intra_mol
215,36,KCOIL,0,L,KCOIL_0_32-52,39,KCOIL,0,K,KCOIL_0_32-52,5.744,intra_mol
216,23,ECOIL,0,G,linker,27,KCOIL,0,G,linker,5.745,inter_mol
217,18,ECOIL,0,A,ECOIL_0_1-21,22,ECOIL,0,G,linker,5.746,intra_mol
218,39,KCOIL,0,K,KCOIL_0_32-52,40,KCOIL,0,I,KCOIL_0_32-52,5.752,intra_mol
219,25,ECOIL,0,G,linker,24,KCOIL,0,S,linker,5.753,inter_mol
220,42,ECOIL,0,A,ECOIL_0_32-52,46,ECOIL,0,E,ECOIL_0_32-52,5.761,intra_mol
221,50,ECOIL,0,L,ECOIL_0_32-52,51,KCOIL,0,K,KCOIL_0_32-52,5.762,inter_mol
222,41,KCOIL,0,A,KCOIL_0_32-52,45,KCOIL,0,E,KCOIL_0_32-52,5.766,intra_mol
223,25,ECOIL,0,G,linker,25,KCOIL,0,G,linker,5.787,inter_mol
224,43,ECOIL,0,L,ECOIL_0_32-52,46,ECOIL,0,E,ECOIL_0_32-52,5.788,intra_mol
225,19,ECOIL,0,L,ECOIL_0_1-21,32,KCOIL,0,K,KCOIL_0_32-52,5.790,inter_mol
226,4,ECOIL,0,A,ECOIL_0_1-21,8,ECOIL,0,E,ECOIL_0_1-21,5.793,intra_mol
227,17,ECOIL,0,A,ECOIL_0_1-21,21,ECOIL,0,K,ECOIL_0_1-21,5.795,intra_mol
228,4,KCOIL,0,A,KCOIL_0_1-21,8,KCOIL,0,K,KCOIL_0_1-21,5.797,intra_mol
229,42,KCOIL,0,A,KCOIL_0_32-52,46,KCOIL,0,K,KCOIL_0_32-52,5.804,intra_mol
230,47,KCOIL,0,I,KCOIL_0_32-52,49,KCOIL,0,A,KCOIL_0_32-52,5.807,intra_mol
231,35,ECOIL,0,A,ECOIL_0_32-52,39,ECOIL,0,E,ECOIL_0_32-52,5.817,intra_mol
232,16,ECOIL,0,I,ECOIL_0_1-21,18,ECOIL,0,A,ECOIL_0_1-21,5.821,intra_mol
233,8,ECOIL,0,E,ECOIL_0_1-21,11,ECOIL,0,A,ECOIL_0_1-21,5.826,intra_mol
234,43,ECOIL,0,L,ECOIL_0_32-52,9,KCOIL,0,I,KCOIL_0_1-21,5.831,inter_mol
235,19,ECOIL,0,L,ECOIL_0_1-21,19,KCOIL,0,L,KCOIL_0_1-21,5.838,inter_mol
236,19,ECOIL,0,L,ECOIL_0_1-21,23,ECOIL,0,G,linker,5.840,intra_mol
237,27,ECOIL,0,G,linker,34,ECOIL,0,A,ECOIL_0_32-52,5.841,intra_mol
238,46,ECOIL,0,E,ECOIL_0_32-52,49,ECOIL,0,A,ECOIL_0_32-52,5.845,intra_mol
239,8,KCOIL,0,K,KCOIL_0_1-21,9,KCOIL,0,I,KCOIL_0_1-21,5.853,intra_mol
240,11,ECOIL,0,A,ECOIL_0_1-21,15,ECOIL,0,E,ECOIL_0_1-21,5.854,intra_mol
241,33,ECOIL,0,I,ECOIL_0_32-52,16,KCOIL,0,I,KCOIL_0_1-21,5.855,inter_mol
242,16,ECOIL,0,I,ECOIL_0_1-21,20,ECOIL,0,E,ECOIL_0_1-21,5.856,intra_mol
243,29,KCOIL,0,G,linker,31,KCOIL,0,G,linker,5.856,intra_mol
244,17,KCOIL,0,A,KCOIL_0_1-21,21,KCOIL,0,E,KCOIL_0_1-21,5.866,intra_mol
245,5,ECOIL,0,L,ECOIL_0_1-21,8,ECOIL,0,E,ECOIL_0_1-21,5.870,intra_mol
246,43,ECOIL,0,L,ECOIL_0_32-52,43,KCOIL,0,L,KCOIL_0_32-52,5.870,inter_mol
247,15,KCOIL,0,K,KCOIL_0_1-21,16,KCOIL,0,I,KCOIL_0_1-21,5.872,intra_mol
248,29,ECOIL,0,G,linker,34,ECOIL,0,A,ECOIL_0_32-52,5.874,intra_mol
249,49,KCOIL,0,A,KCOIL_0_32-52,51,KCOIL,0,K,KCOIL_0_32-52,5.882,intra_mol
250,18,KCOIL,0,A,KCOIL_0_1-21,20,KCOIL,0,K,KCOIL_0_1-21,5.883,intra_mol
251,15,ECOIL,0,E,ECOIL_0_1-21,18,ECOIL,0,A,ECOIL_0_1-21,5.888,intra_mol
252,12,ECOIL,0,L,ECOIL_0_1-21,40,KCOIL,0,I,KCOIL_0_32-52,5.894,inter_mol
253,16,KCOIL,0,I,KCOIL_0_1-21,18,KCOIL,0,A,KCOIL_0_1-21,5.898,intra_mol
254,8,KCOIL,0,K,KCOIL_0_1-21,11,KCOIL,0,A,KCOIL_0_1-21,5.904,intra_mol
255,26,ECOIL,0,G,linker,28,ECOIL,0,S,linker,5.906,intra_mol
256,36,KCOIL,0,L,KCOIL_0_32-52,40,KCOIL,0,I,KCOIL_0_32-52,5.906,intra_mol
257,5,KCOIL,0,L,KCOIL_0_1-21,8,KCOIL,0,K,KCOIL_0_1-21,5.906,intra_mol
258,8,ECOIL,0,E,ECOIL_0_1-21,39,KCOIL,0,K,KCOIL_0_32-52,5.908,inter_mol
259,47,ECOIL,0,I,ECOIL_0_32-52,49,ECOIL,0,A,ECOIL_0_32-52,5.917,intra_mol
260,36,ECOIL,0,L,ECOIL_0_32-52,16,KCOIL,0,I,KCOIL_0_1-21,5.921,inter_mol
261,9,KCOIL,0,I,KCOIL_0_1-21,11,KCOIL,0,A,KCOIL_0_1-21,5.926,intra_mol
262,40,ECOIL,0,I,ECOIL_0_32-52,42,ECOIL,0,A,ECOIL_0_32-52,5.926,intra_mol
263,40,ECOIL,0,I,ECOIL_0_32-52,12,KCOIL,0,L,KCOIL_0_1-21,5.926,inter_mol
264,36,ECOIL,0,L,ECOIL_0_32-52,39,ECOIL,0,E,ECOIL_0_32-52,5.930,intra_mol
265,44,ECOIL,0,E,ECOIL_0_32-52,6,KCOIL,0,K,KCOIL_0_1-21,5.932,inter_mol
266,46,ECOIL,0,E,ECOIL_0_32-52,51,KCOIL,0,K,KCOIL_0_32-52,5.938,inter_mol
267,25,KCOIL,0,G,linker,27,KCOIL,0,G,linker,5.941,intra_mol
268,43,ECOIL,0,L,ECOIL_0_32-52,44,ECOIL,0,E,ECOIL_0_32-52,5.942,intra_mol
269,5,ECOIL,0,L,ECOIL_0_1-21,5,KCOIL,0,L,KCOIL_0_1-21,5.955,inter_mol
270,46,KCOIL,0,K,KCOIL_0_32-52,47,KCOIL,0,I,KCOIL_0_32-52,5.956,intra_mol
271,37,ECOIL,0,E,ECOIL_0_32-52,16,KCOIL,0,I,KCOIL_0_1-21,5.962,inter_mol
272,12,ECOIL,0,L,ECOIL_0_1-21,13,ECOIL,0,E,ECOIL_0_1-21,5.967,intra_mol
273,35,KCOIL,0,A,KCOIL_0_32-52,37,KCOIL,0,K,KCOIL_0_32-52,5.971,intra_mol
274,36,ECOIL,0,L,ECOIL_0_32-52,36,KCOIL,0,L,KCOIL_0_32-52,5.984,inter_mol
275,2,KCOIL,0,I,KCOIL_0_1-21,4,KCOIL,0,A,KCOIL_0_1-21,5.988,intra_mol
276,49,ECOIL,0,A,ECOIL_0_32-52,51,KCOIL,0,K,KCOIL_0_32-52,5.990,inter_mol
277,15,KCOIL,0,K,KCOIL_0_1-21,18,KCOIL,0,A,KCOIL_0_1-21,5.992,intra_mol
278,9,ECOIL,0,I,ECOIL_0_1-21,9,KCOIL,0,I,KCOIL_0_1-21,5.994,inter_mol
279,48,KCOIL,0,A,KCOIL_0_32-52,52,KCOIL,0,E,KCOIL_0_32-52,5.995,intra_mol
280,16,ECOIL,0,I,ECOIL_0_1-21,16,KCOIL,0,I,KCOIL_0_1-21,6.014,inter_mol
281,11,ECOIL,0,A,ECOIL_0_1-21,13,ECOIL,0,E,ECOIL_0_1-21,6.018,intra_mol
282,19,ECOIL,0,L,ECOIL_0_1-21,33,KCOIL,0,I,KCOIL_0_32-52,6.026,inter_mol
283,2,ECOIL,0,I,ECOIL_0_1-21,1,KCOIL,0,K,KCOIL_0_1-21,6.029,inter_mol
284,2,ECOIL,0,I,ECOIL_0_1-21,4,ECOIL,0,A,ECOIL_0_1-21,6.031,intra_mol
285,42,ECOIL,0,A,ECOIL_0_32-52,44,ECOIL,0,E,ECOIL_0_32-52,6.035,intra_mol
286,47,ECOIL,0,I,ECOIL_0_32-52,47,KCOIL,0,I,KCOIL_0_32-52,6.036,inter_mol
287,5,ECOIL,0,L,ECOIL_0_1-21,47,KCOIL,0,I,KCOIL_0_32-52,6.039,inter_mol
288,12,ECOIL,0,L,ECOIL_0_1-21,12,KCOIL,0,L,KCOIL_0_1-21,6.047,inter_mol
289,32,ECOIL,0,E,ECOIL_0_32-52,35,ECOIL,0,A,ECOIL_0_32-52,6.071,intra_mol
290,46,ECOIL,0,E,ECOIL_0_32-52,48,KCOIL,0,A,KCOIL_0_32-52,6.082,inter_mol
291,31,KCOIL,0,G,linker,34,KCOIL,0,A,KCOIL_0_32-52,6.087,intra_mol
292,18,ECOIL,0,A,ECOIL_0_1-21,32,KCOIL,0,K,KCOIL_0_32-52,6.089,inter_mol
293,9,ECOIL,0,I,ECOIL_0_1-21,11,ECOIL,0,A,ECOIL_0_1-21,6.095,intra_mol
294,17,ECOIL,0,A,ECOIL_0_1-21,15,KCOIL,0,K,KCOIL_0_1-21,6.103,inter_mol
295,1,ECOIL,0,E,ECOIL_0_1-21,3,ECOIL,0,A,ECOIL_0_1-21,6.123,intra_mol
296,37,KCOIL,0,K,KCOIL_0_32-52,40,KCOIL,0,I,KCOIL_0_32-52,6.125,intra_mol
297,13,ECOIL,0,E,ECOIL_0_1-21,11,KCOIL,0,A,KCOIL_0_1-21,6.128,inter_mol
298,31,KCOIL,0,G,linker,33,KCOIL,0,I,KCOIL_0_32-52,6.135,intra_mol
299,33,ECOIL,0,I,ECOIL_0_32-52,35,ECOIL,0,A,ECOIL_0_32-52,6.135,intra_mol
300,1,KCOIL,0,K,KCOIL_0_1-21,2,KCOIL,0,I,KCOIL_0_1-21,6.142,intra_mol
301,42,KCOIL,0,A,KCOIL_0_32-52,44,KCOIL,0,K,KCOIL_0_32-52,6.144,intra_mol
302,10,ECOIL,0,A,ECOIL_0_1-21,8,KCOIL,0,K,KCOIL_0_1-21,6.152,inter_mol
303,23,ECOIL,0,G,linker,24,KCOIL,0,S,linker,6.154,inter_mol
304,41,ECOIL,0,A,ECOIL_0_32-52,45,ECOIL,0,K,ECOIL_0_32-52,6.162,intra_mol
305,13,ECOIL,0,E,ECOIL_0_1-21,16,ECOIL,0,I,ECOIL_0_1-21,6.169,intra_mol
306,40,KCOIL,0,I,KCOIL_0_32-52,42,KCOIL,0,A,KCOIL_0_32-52,6.171,intra_mol
307,42,ECOIL,0,A,ECOIL_0_32-52,44,KCOIL,0,K,KCOIL_0_32-52,6.171,inter_mol
308,33,KCOIL,0,I,KCOIL_0_32-52,35,KCOIL,0,A,KCOIL_0_32-52,6.183,intra_mol
309,7,ECOIL,0,K,ECOIL_0_1-21,10,ECOIL,0,A,ECOIL_0_1-21,6.186,intra_mol
310,47,ECOIL,0,I,ECOIL_0_32-52,51,ECOIL,0,E,ECOIL_0_32-52,6.191,intra_mol
311,16,ECOIL,0,I,ECOIL_0_1-21,12,KCOIL,0,L,KCOIL_0_1-21,6.192,inter_mol
312,1,ECOIL,0,E,ECOIL_0_1-21,46,KCOIL,0,K,KCOIL_0_32-52,6.194,inter_mol
313,11,KCOIL,0,A,KCOIL_0_1-21,13,KCOIL,0,K,KCOIL_0_1-21,6.202,intra_mol
314,28,ECOIL,0,S,linker,20,KCOIL,0,K,KCOIL_0_1-21,6.211,inter_mol
315,12,KCOIL,0,L,KCOIL_0_1-21,13,KCOIL,0,K,KCOIL_0_1-21,6.213,intra_mol
316,9,ECOIL,0,I,ECOIL_0_1-21,5,KCOIL,0,L,KCOIL_0_1-21,6.217,inter_mol
317,43,KCOIL,0,L,KCOIL_0_32-52,47,KCOIL,0,I,KCOIL_0_32-52,6.220,intra_mol
318,14,ECOIL,0,K,ECOIL_0_1-21,17,ECOIL,0,A,ECOIL_0_1-21,6.225,intra_mol
319,34,ECOIL,0,A,ECOIL_0_32-52,38,ECOIL,0,K,ECOIL_0_32-52,6.226,intra_mol
320,5,KCOIL,0,L,KCOIL_0_1-21,6,KCOIL,0,K,KCOIL_0_1-21,6.226,intra_mol
321,4,KCOIL,0,A,KCOIL_0_1-21,6,KCOIL,0,K,KCOIL_0_1-21,6.245,intra_mol
322,45,ECOIL,0,K,ECOIL_0_32-52,48,ECOIL,0,A,ECOIL_0_32-52,6.246,intra_mol
323,3,ECOIL,0,A,ECOIL_0_1-21,7,ECOIL,0,K,ECOIL_0_1-21,6.248,intra_mol
324,39,KCOIL,0,K,KCOIL_0_32-52,42,KCOIL,0,A,KCOIL_0_32-52,6.257,intra_mol
325,44,ECOIL,0,E,ECOIL_0_32-52,47,ECOIL,0,I,ECOIL_0_32-52,6.266,intra_mol
326,38,ECOIL,0,K,ECOIL_0_32-52,41,ECOIL,0,A,ECOIL_0_32-52,6.274,intra_mol
327,26,KCOIL,0,G,linker,28,KCOIL,0,S,linker,6.286,intra_mol
328,14,KCOIL,0,E,KCOIL_0_1-21,17,KCOIL,0,A,KCOIL_0_1-21,6.291,intra_mol
329,6,KCOIL,0,K,KCOIL_0_1-21,9,KCOIL,0,I,KCOIL_0_1-21,6.297,intra_mol
330,15,ECOIL,0,E,ECOIL_0_1-21,35,KCOIL,0,A,KCOIL_0_32-52,6.300,inter_mol
331,16,KCOIL,0,I,KCOIL_0_1-21,20,KCOIL,0,K,KCOIL_0_1-21,6.312,intra_mol
332,6,ECOIL,0,E,ECOIL_0_1-21,9,ECOIL,0,I,ECOIL_0_1-21,6.316,intra_mol
333,2,ECOIL,0,I,ECOIL_0_1-21,2,KCOIL,0,I,KCOIL_0_1-21,6.318,inter_mol
334,33,KCOIL,0,I,KCOIL_0_32-52,37,KCOIL,0,K,KCOIL_0_32-52,6.321,intra_mol
335,28,KCOIL,0,S,linker,30,KCOIL,0,G,linker,6.334,intra_mol
336,39,ECOIL,0,E,ECOIL_0_32-52,44,KCOIL,0,K,KCOIL_0_32-52,6.339,inter_mol
337,11,ECOIL,0,A,ECOIL_0_1-21,39,KCOIL,0,K,KCOIL_0_32-52,6.340,inter_mol
338,19,ECOIL,0,L,ECOIL_0_1-21,24,ECOIL,0,S,linker,6.341,intra_mol
339,25,ECOIL,0,G,linker,26,KCOIL,0,G,linker,6.344,inter_mol
340,13,ECOIL,0,E,ECOIL_0_1-21,15,KCOIL,0,K,KCOIL_0_1-21,6.361,inter_mol
341,2,ECOIL,0,I,ECOIL_0_1-21,6,ECOIL,0,E,ECOIL_0_1-21,6.363,intra_mol
342,24,ECOIL,0,S,linker,26,ECOIL,0,G,linker,6.384,intra_mol
343,16,ECOIL,0,I,ECOIL_0_1-21,36,KCOIL,0,L,KCOIL_0_32-52,6.385,inter_mol
344,13,KCOIL,0,K,KCOIL_0_1-21,16,KCOIL,0,I,KCOIL_0_1-21,6.386,intra_mol
345,37,ECOIL,0,E,ECOIL_0_32-52,40,ECOIL,0,I,ECOIL_0_32-52,6.390,intra_mol
346,1,ECOIL,0,E,ECOIL_0_1-21,5,ECOIL,0,L,ECOIL_0_1-21,6.393,intra_mol
347,9,ECOIL,0,I,ECOIL_0_1-21,43,KCOIL,0,L,KCOIL_0_32-52,6.398,inter_mol
348,7,KCOIL,0,E,KCOIL_0_1-21,10,KCOIL,0,A,KCOIL_0_1-21,6.402,intra_mol
349,5,ECOIL,0,L,ECOIL_0_1-21,9,ECOIL,0,I,ECOIL_0_1-21,6.404,intra_mol
350,47,KCOIL,0,I,KCOIL_0_32-52,51,KCOIL,0,K,KCOIL_0_32-52,6.404,intra_mol
351,1,KCOIL,0,K,KCOIL_0_1-21,3,KCOIL,0,A,KCOIL_0_1-21,6.414,intra_mol
352,46,KCOIL,0,K,KCOIL_0_32-52,49,KCOIL,0,A,KCOIL_0_32-52,6.415,intra_mol
353,45,KCOIL,0,E,KCOIL_0_32-52,48,KCOIL,0,A,KCOIL_0_32-52,6.416,intra_mol
354,40,ECOIL,0,I,ECOIL_0_32-52,40,KCOIL,0,I,KCOIL_0_32-52,6.420,inter_mol
355,32,KCOIL,0,K,KCOIL_0_32-52,34,KCOIL,0,A,KCOIL_0_32-52,6.426,intra_mol
356,20,ECOIL,0,E,ECOIL_0_1-21,22,ECOIL,0,G,linker,6.428,intra_mol
357,44,KCOIL,0,K,KCOIL_0_32-52,47,KCOIL,0,I,KCOIL_0_32-52,6.430,intra_mol
358,22,ECOIL,0,G,linker,24,ECOIL,0,S,linker,6.448,intra_mol
359,39,ECOIL,0,E,ECOIL_0_32-52,41,ECOIL,0,A,ECOIL_0_32-52,6.449,intra_mol
360,10,ECOIL,0,A,ECOIL_0_1-21,14,ECOIL,0,K,ECOIL_0_1-21,6.453,intra_mol
361,38,KCOIL,0,E,KCOIL_0_32-52,41,KCOIL,0,A,KCOIL_0_32-52,6.455,intra_mol
362,39,ECOIL,0,E,ECOIL_0_32-52,43,ECOIL,0,L,ECOIL_0_32-52,6.458,intra_mol
363,15,ECOIL,0,E,ECOIL_0_1-21,17,ECOIL,0,A,ECOIL_0_1-21,6.475,intra_mol
364,8,ECOIL,0,E,ECOIL_0_1-21,10,ECOIL,0,A,ECOIL_0_1-21,6.479,intra_mol
365,13,ECOIL,0,E,ECOIL_0_1-21,8,KCOIL,0,K,KCOIL_0_1-21,6.479,inter_mol
366,48,ECOIL,0,A,ECOIL_0_32-52,6,KCOIL,0,K,KCOIL_0_1-21,6.489,inter_mol
367,51,ECOIL,0,E,ECOIL_0_32-52,3,KCOIL,0,A,KCOIL_0_1-21,6.497,inter_mol
368,46,ECOIL,0,E,ECOIL_0_32-52,48,ECOIL,0,A,ECOIL_0_32-52,6.506,intra_mol
369,27,ECOIL,0,G,linker,30,ECOIL,0,G,linker,6.512,intra_mol
370,4,ECOIL,0,A,ECOIL_0_1-21,46,KCOIL,0,K,KCOIL_0_32-52,6.547,inter_mol
371,12,ECOIL,0,L,ECOIL_0_1-21,16,ECOIL,0,I,ECOIL_0_1-21,6.547,intra_mol
372,35,ECOIL,0,A,ECOIL_0_32-52,37,KCOIL,0,K,KCOIL_0_32-52,6.549,inter_mol
373,5,KCOIL,0,L,KCOIL_0_1-21,9,KCOIL,0,I,KCOIL_0_1-21,6.560,intra_mol
374,40,KCOIL,0,I,KCOIL_0_32-52,44,KCOIL,0,K,KCOIL_0_32-52,6.561,intra_mol
375,32,ECOIL,0,E,ECOIL_0_32-52,34,ECOIL,0,A,ECOIL_0_32-52,6.563,intra_mol
376,12,KCOIL,0,L,KCOIL_0_1-21,16,KCOIL,0,I,KCOIL_0_1-21,6.568,intra_mol
377,2,ECOIL,0,I,ECOIL_0_1-21,5,KCOIL,0,L,KCOIL_0_1-21,6.569,inter_mol
378,39,ECOIL,0,E,ECOIL_0_32-52,41,KCOIL,0,A,KCOIL_0_32-52,6.571,inter_mol
379,8,ECOIL,0,E,ECOIL_0_1-21,12,ECOIL,0,L,ECOIL_0_1-21,6.577,intra_mol
380,32,KCOIL,0,K,KCOIL_0_32-52,36,KCOIL,0,L,KCOIL_0_32-52,6.580,intra_mol
381,1,ECOIL,0,E,ECOIL_0_1-21,50,KCOIL,0,L,KCOIL_0_32-52,6.581,inter_mol
382,24,ECOIL,0,S,linker,19,KCOIL,0,L,KCOIL_0_1-21,6.582,inter_mol
383,40,ECOIL,0,I,ECOIL_0_32-52,44,ECOIL,0,E,ECOIL_0_32-52,6.595,intra_mol
384,25,ECOIL,0,G,linker,33,ECOIL,0,I,ECOIL_0_32-52,6.598,intra_mol
385,43,ECOIL,0,L,ECOIL_0_32-52,40,KCOIL,0,I,KCOIL_0_32-52,6.599,inter_mol
386,33,ECOIL,0,I,ECOIL_0_32-52,37,ECOIL,0,E,ECOIL_0_32-52,6.609,intra_mol
387,9,KCOIL,0,I,KCOIL_0_1-21,13,KCOIL,0,K,KCOIL_0_1-21,6.631,intra_mol
388,32,ECOIL,0,E,ECOIL_0_32-52,36,ECOIL,0,L,ECOIL_0_32-52,6.633,intra_mol
389,9,ECOIL,0,I,ECOIL_0_1-21,12,KCOIL,0,L,KCOIL_0_1-21,6.638,inter_mol
390,23,ECOIL,0,G,linker,30,KCOIL,0,G,linker,6.643,inter_mol
391,23,KCOIL,0,G,linker,25,KCOIL,0,G,linker,6.649,intra_mol
392,43,ECOIL,0,L,ECOIL_0_32-52,47,ECOIL,0,I,ECOIL_0_32-52,6.651,intra_mol
393,36,ECOIL,0,L,ECOIL_0_32-52,40,ECOIL,0,I,ECOIL_0_32-52,6.659,intra_mol
394,15,KCOIL,0,K,KCOIL_0_1-21,17,KCOIL,0,A,KCOIL_0_1-21,6.662,intra_mol
395,30,ECOIL,0,G,linker,35,ECOIL,0,A,ECOIL_0_32-52,6.662,intra_mol
396,24,KCOIL,0,S,linker,26,KCOIL,0,G,linker,6.665,intra_mol
397,46,ECOIL,0,E,ECOIL_0_32-52,44,KCOIL,0,K,KCOIL_0_32-52,6.672,inter_mol
398,50,KCOIL,0,L,KCOIL_0_32-52,52,KCOIL,0,E,KCOIL_0_32-52,6.675,intra_mol
399,8,KCOIL,0,K,KCOIL_0_1-21,10,KCOIL,0,A,KCOIL_0_1-21,6.677,intra_mol
400,43,ECOIL,0,L,ECOIL_0_32-52,47,KCOIL,0,I,KCOIL_0_32-52,6.682,inter_mol
401,36,ECOIL,0,L,ECOIL_0_32-52,33,KCOIL,0,I,KCOIL_0_32-52,6.690,inter_mol
402,41,ECOIL,0,A,ECOIL_0_32-52,13,KCOIL,0,K,KCOIL_0_1-21,6.692,inter_mol
403,31,KCOIL,0,G,linker,35,KCOIL,0,A,KCOIL_0_32-52,6.725,intra_mol
404,44,ECOIL,0,E,ECOIL_0_32-52,10,KCOIL,0,A,KCOIL_0_1-21,6.747,inter_mol
405,6,ECOIL,0,E,ECOIL_0_1-21,4,KCOIL,0,A,KCOIL_0_1-21,6.749,inter_mol
406,43,KCOIL,0,L,KCOIL_0_32-52,45,KCOIL,0,E,KCOIL_0_32-52,6.755,intra_mol
407,44,ECOIL,0,E,ECOIL_0_32-52,48,ECOIL,0,A,ECOIL_0_32-52,6.756,intra_mol
408,28,ECOIL,0,S,linker,30,ECOIL,0,G,linker,6.775,intra_mol
409,13,ECOIL,0,E,ECOIL_0_1-21,17,ECOIL,0,A,ECOIL_0_1-21,6.780,intra_mol
410,36,KCOIL,0,L,KCOIL_0_32-52,38,KCOIL,0,E,KCOIL_0_32-52,6.783,intra_mol
411,33,ECOIL,0,I,ECOIL_0_32-52,33,KCOIL,0,I,KCOIL_0_32-52,6.787,inter_mol
412,36,ECOIL,0,L,ECOIL_0_32-52,40,KCOIL,0,I,KCOIL_0_32-52,6.800,inter_mol
413,8,ECOIL,0,E,ECOIL_0_1-21,42,KCOIL,0,A,KCOIL_0_32-52,6.812,inter_mol
414,20,KCOIL,0,K,KCOIL_0_1-21,23,KCOIL,0,G,linker,6.817,intra_mol
415,26,ECOIL,0,G,linker,24,KCOIL,0,S,linker,6.821,inter_mol
416,8,KCOIL,0,K,KCOIL_0_1-21,12,KCOIL,0,L,KCOIL_0_1-21,6.822,intra_mol
417,2,KCOIL,0,I,KCOIL_0_1-21,6,KCOIL,0,K,KCOIL_0_1-21,6.827,intra_mol
418,23,ECOIL,0,G,linker,25,ECOIL,0,G,linker,6.827,intra_mol
419,6,KCOIL,0,K,KCOIL_0_1-21,10,KCOIL,0,A,KCOIL_0_1-21,6.833,intra_mol
420,26,ECOIL,0,G,linker,33,ECOIL,0,I,ECOIL_0_32-52,6.847,intra_mol
421,50,ECOIL,0,L,ECOIL_0_32-52,47,KCOIL,0,I,KCOIL_0_32-52,6.853,inter_mol
422,2,ECOIL,0,I,ECOIL_0_1-21,50,KCOIL,0,L,KCOIL_0_32-52,6.867,inter_mol
423,32,ECOIL,0,E,ECOIL_0_32-52,37,KCOIL,0,K,KCOIL_0_32-52,6.873,inter_mol
424,51,ECOIL,0,E,ECOIL_0_32-52,6,KCOIL,0,K,KCOIL_0_1-21,6.873,inter_mol
425,9,ECOIL,0,I,ECOIL_0_1-21,13,ECOIL,0,E,ECOIL_0_1-21,6.883,intra_mol
426,28,ECOIL,0,S,linker,34,ECOIL,0,A,ECOIL_0_32-52,6.901,intra_mol
427,37,ECOIL,0,E,ECOIL_0_32-52,41,ECOIL,0,A,ECOIL_0_32-52,6.908,intra_mol
428,16,ECOIL,0,I,ECOIL_0_1-21,19,KCOIL,0,L,KCOIL_0_1-21,6.909,inter_mol
429,46,KCOIL,0,K,KCOIL_0_32-52,48,KCOIL,0,A,KCOIL_0_32-52,6.915,intra_mol
430,24,ECOIL,0,S,linker,27,KCOIL,0,G,linker,6.925,inter_mol
431,37,ECOIL,0,E,ECOIL_0_32-52,13,KCOIL,0,K,KCOIL_0_1-21,6.941,inter_mol
432,39,KCOIL,0,K,KCOIL_0_32-52,41,KCOIL,0,A,KCOIL_0_32-52,6.947,intra_mol
433,5,KCOIL,0,L,KCOIL_0_1-21,7,KCOIL,0,E,KCOIL_0_1-21,6.956,intra_mol
434,30,ECOIL,0,G,linker,32,ECOIL,0,E,ECOIL_0_32-52,6.959,intra_mol
435,13,KCOIL,0,K,KCOIL_0_1-21,17,KCOIL,0,A,KCOIL_0_1-21,6.966,intra_mol
436,28,ECOIL,0,S,linker,31,ECOIL,0,G,linker,6.973,intra_mol
437,21,KCOIL,0,E,KCOIL_0_1-21,23,KCOIL,0,G,linker,6.983,intra_mol
438,12,KCOIL,0,L,KCOIL_0_1-21,14,KCOIL,0,E,KCOIL_0_1-21,6.985,intra_mol
439,6,ECOIL,0,E,ECOIL_0_1-21,10,ECOIL,0,A,ECOIL_0_1-21,6.999,intra_mol
440,44,KCOIL,0,K,KCOIL_0_32-52,48,KCOIL,0,A,KCOIL_0_32-52,7.000,intra_mol
441,46,ECOIL,0,E,ECOIL_0_32-52,50,ECOIL,0,L,ECOIL_0_32-52,7.010,intra_mol
442,7,ECOIL,0,K,ECOIL_0_1-21,11,ECOIL,0,A,ECOIL_0_1-21,7.016,intra_mol
443,39,ECOIL,0,E,ECOIL_0_32-52,37,KCOIL,0,K,KCOIL_0_32-52,7.041,inter_mol
444,15,ECOIL,0,E,ECOIL_0_1-21,19,ECOIL,0,L,ECOIL_0_1-21,7.050,intra_mol
445,50,ECOIL,0,L,ECOIL_0_32-52,52,ECOIL,0,K,ECOIL_0_32-52,7.082,intra_mol
446,6,ECOIL,0,E,ECOIL_0_1-21,8,KCOIL,0,K,KCOIL_0_1-21,7.095,inter_mol
447,38,ECOIL,0,K,ECOIL_0_32-52,42,ECOIL,0,A,ECOIL_0_32-52,7.097,intra_mol
448,44,ECOIL,0,E,ECOIL_0_32-52,13,KCOIL,0,K,KCOIL_0_1-21,7.101,inter_mol
449,32,ECOIL,0,E,ECOIL_0_32-52,34,KCOIL,0,A,KCOIL_0_32-52,7.105,inter_mol
450,27,ECOIL,0,G,linker,23,KCOIL,0,G,linker,7.137,inter_mol
451,45,ECOIL,0,K,ECOIL_0_32-52,49,ECOIL,0,A,ECOIL_0_32-52,7.149,intra_mol
452,20,KCOIL,0,K,KCOIL_0_1-21,22,KCOIL,0,G,linker,7.155,intra_mol
453,37,KCOIL,0,K,KCOIL_0_32-52,41,KCOIL,0,A,KCOIL_0_32-52,7.184,intra_mol
454,34,ECOIL,0,A,ECOIL_0_32-52,20,KCOIL,0,K,KCOIL_0_1-21,7.216,inter_mol
455,26,ECOIL,0,G,linker,31,ECOIL,0,G,linker,7.216,intra_mol
456,39,KCOIL,0,K,KCOIL_0_32-52,43,KCOIL,0,L,KCOIL_0_32-52,7.218,intra_mol
457,1,KCOIL,0,K,KCOIL_0_1-21,5,KCOIL,0,L,KCOIL_0_1-21,7.221,intra_mol
458,15,ECOIL,0,E,ECOIL_0_1-21,39,KCOIL,0,K,KCOIL_0_32-52,7.233,inter_mol
459,18,KCOIL,0,A,KCOIL_0_1-21,23,KCOIL,0,G,linker,7.240,intra_mol
460,25,ECOIL,0,G,linker,32,ECOIL,0,E,ECOIL_0_32-52,7.241,intra_mol
461,40,ECOIL,0,I,ECOIL_0_32-52,16,KCOIL,0,I,KCOIL_0_1-21,7.260,inter_mol
462,15,KCOIL,0,K,KCOIL_0_1-21,19,KCOIL,0,L,KCOIL_0_1-21,7.280,intra_mol
463,37,ECOIL,0,E,ECOIL_0_32-52,20,KCOIL,0,K,KCOIL_0_1-21,7.287,inter_mol
464,6,ECOIL,0,E,ECOIL_0_1-21,1,KCOIL,0,K,KCOIL_0_1-21,7.289,inter_mol
465,14,ECOIL,0,K,ECOIL_0_1-21,18,ECOIL,0,A,ECOIL_0_1-21,7.301,intra_mol
466,47,ECOIL,0,I,ECOIL_0_32-52,9,KCOIL,0,I,KCOIL_0_1-21,7.305,inter_mol
467,38,KCOIL,0,E,KCOIL_0_32-52,40,KCOIL,0,I,KCOIL_0_32-52,7.309,intra_mol
468,48,ECOIL,0,A,ECOIL_0_32-52,2,KCOIL,0,I,KCOIL_0_1-21,7.321,inter_mol
469,23,ECOIL,0,G,linker,23,KCOIL,0,G,linker,7.325,inter_mol
470,36,ECOIL,0,L,ECOIL_0_32-52,38,ECOIL,0,K,ECOIL_0_32-52,7.328,intra_mol
471,5,ECOIL,0,L,ECOIL_0_1-21,7,ECOIL,0,K,ECOIL_0_1-21,7.335,intra_mol
472,43,ECOIL,0,L,ECOIL_0_32-52,45,ECOIL,0,K,ECOIL_0_32-52,7.338,intra_mol
473,19,KCOIL,0,L,KCOIL_0_1-21,21,KCOIL,0,E,KCOIL_0_1-21,7.342,intra_mol
474,12,ECOIL,0,L,ECOIL_0_1-21,14,ECOIL,0,K,ECOIL_0_1-21,7.361,intra_mol
475,22,ECOIL,0,G,linker,25,KCOIL,0,G,linker,7.370,inter_mol
476,37,ECOIL,0,E,ECOIL_0_32-52,39,ECOIL,0,E,ECOIL_0_32-52,7.397,intra_mol
477,47,ECOIL,0,I,ECOIL_0_32-52,3,KCOIL,0,A,KCOIL_0_1-21,7.416,inter_mol
478,7,ECOIL,0,K,ECOIL_0_1-21,9,ECOIL,0,I,ECOIL_0_1-21,7.420,intra_mol
479,24,ECOIL,0,S,linker,33,ECOIL,0,I,ECOIL_0_32-52,7.429,intra_mol
480,1,ECOIL,0,E,ECOIL_0_1-21,49,KCOIL,0,A,KCOIL_0_32-52,7.437,inter_mol
481,19,ECOIL,0,L,ECOIL_0_1-21,21,ECOIL,0,K,ECOIL_0_1-21,7.449,intra_mol
482,7,KCOIL,0,E,KCOIL_0_1-21,9,KCOIL,0,I,KCOIL_0_1-21,7.454,intra_mol
483,8,ECOIL,0,E,ECOIL_0_1-21,46,KCOIL,0,K,KCOIL_0_32-52,7.455,inter_mol
484,14,KCOIL,0,E,KCOIL_0_1-21,16,KCOIL,0,I,KCOIL_0_1-21,7.473,intra_mol
485,24,ECOIL,0,S,linker,33,KCOIL,0,I,KCOIL_0_32-52,7.485,inter_mol
486,6,ECOIL,0,E,ECOIL_0_1-21,8,ECOIL,0,E,ECOIL_0_1-21,7.489,intra_mol
487,38,KCOIL,0,E,KCOIL_0_32-52,42,KCOIL,0,A,KCOIL_0_32-52,7.491,intra_mol
488,3,ECOIL,0,A,ECOIL_0_1-21,1,KCOIL,0,K,KCOIL_0_1-21,7.505,inter_mol
489,27,ECOIL,0,G,linker,32,ECOIL,0,E,ECOIL_0_32-52,7.509,intra_mol
490,24,ECOIL,0,S,linker,22,KCOIL,0,G,linker,7.510,inter_mol
491,45,KCOIL,0,E,KCOIL_0_32-52,47,KCOIL,0,I,KCOIL_0_32-52,7.515,intra_mol
492,38,ECOIL,0,K,ECOIL_0_32-52,40,ECOIL,0,I,ECOIL_0_32-52,7.528,intra_mol
493,14,ECOIL,0,K,ECOIL_0_1-21,16,ECOIL,0,I,ECOIL_0_1-21,7.544,intra_mol
494,41,ECOIL,0,A,ECOIL_0_32-52,9,KCOIL,0,I,KCOIL_0_1-21,7.545,inter_mol
495,7,KCOIL,0,E,KCOIL_0_1-21,11,KCOIL,0,A,KCOIL_0_1-21,7.553,intra_mol
496,45,ECOIL,0,K,ECOIL_0_32-52,47,ECOIL,0,I,ECOIL_0_32-52,7.583,intra_mol
497,28,ECOIL,0,S,linker,33,ECOIL,0,I,ECOIL_0_32-52,7.594,intra_mol
498,14,KCOIL,0,E,KCOIL_0_1-21,18,KCOIL,0,A,KCOIL_0_1-21,7.594,intra_mol
499,40,ECOIL,0,I,ECOIL_0_32-52,10,KCOIL,0,A,KCOIL_0_1-21,7.598,inter_mol
500,26,ECOIL,0,G,linker,20,KCOIL,0,K,KCOIL_0_1-21,7.599,inter_mol
501,37,ECOIL,0,E,ECOIL_0_32-52,17,KCOIL,0,A,KCOIL_0_1-21,7.640,inter_mol
502,20,ECOIL,0,E,ECOIL_0_1-21,22,KCOIL,0,G,linker,7.649,inter_mol
503,46,KCOIL,0,K,KCOIL_0_32-52,50,KCOIL,0,L,KCOIL_0_32-52,7.695,intra_mol
504,44,ECOIL,0,E,ECOIL_0_32-52,46,ECOIL,0,E,ECOIL_0_32-52,7.701,intra_mol
505,12,ECOIL,0,L,ECOIL_0_1-21,43,KCOIL,0,L,KCOIL_0_32-52,7.754,inter_mol
506,13,ECOIL,0,E,ECOIL_0_1-21,15,ECOIL,0,E,ECOIL_0_1-21,7.757,intra_mol
507,45,KCOIL,0,E,KCOIL_0_32-52,49,KCOIL,0,A,KCOIL_0_32-52,7.806,intra_mol
508,22,ECOIL,0,G,linker,24,KCOIL,0,S,linker,7.829,inter_mol
509,25,ECOIL,0,G,linker,19,KCOIL,0,L,KCOIL_0_1-21,7.834,inter_mol
510,34,ECOIL,0,A,ECOIL_0_32-52,16,KCOIL,0,I,KCOIL_0_1-21,7.848,inter_mol
511,27,KCOIL,0,G,linker,31,KCOIL,0,G,linker,7.869,intra_mol
512,19,ECOIL,0,L,ECOIL_0_1-21,36,KCOIL,0,L,KCOIL_0_32-52,7.870,inter_mol
513,30,KCOIL,0,G,linker,33,KCOIL,0,I,KCOIL_0_32-52,7.870,intra_mol
514,18,ECOIL,0,A,ECOIL_0_1-21,23,ECOIL,0,G,linker,7.878,intra_mol
515,25,ECOIL,0,G,linker,31,ECOIL,0,G,linker,7.880,intra_mol
516,31,ECOIL,0,G,linker,36,ECOIL,0,L,ECOIL_0_32-52,7.888,intra_mol
517,33,ECOIL,0,I,ECOIL_0_32-52,23,KCOIL,0,G,linker,7.894,inter_mol
518,33,ECOIL,0,I,ECOIL_0_32-52,17,KCOIL,0,A,KCOIL_0_1-21,7.903,inter_mol
519,30,ECOIL,0,G,linker,33,ECOIL,0,I,ECOIL_0_32-52,7.915,intra_mol
520,37,KCOIL,0,K,KCOIL_0_32-52,39,KCOIL,0,K,KCOIL_0_32-52,7.921,intra_mol
521,10,ECOIL,0,A,ECOIL_0_1-21,12,KCOIL,0,L,KCOIL_0_1-21,7.945,inter_mol
522,5,ECOIL,0,L,ECOIL_0_1-21,50,KCOIL,0,L,KCOIL_0_32-52,7.971,inter_mol
523,17,ECOIL,0,A,ECOIL_0_1-21,22,ECOIL,0,G,linker,7.975,intra_mol
524,26,KCOIL,0,G,linker,30,KCOIL,0,G,linker,8.040,intra_mol
525,26,ECOIL,0,G,linker,29,ECOIL,0,G,linker,8.045,intra_mol
526,9,ECOIL,0,I,ECOIL_0_1-21,40,KCOIL,0,I,KCOIL_0_32-52,8.049,inter_mol
527,27,ECOIL,0,G,linker,19,KCOIL,0,L,KCOIL_0_1-21,8.059,inter_mol
528,13,KCOIL,0,K,KCOIL_0_1-21,15,KCOIL,0,K,KCOIL_0_1-21,8.094,intra_mol
529,44,KCOIL,0,K,KCOIL_0_32-52,46,KCOIL,0,K,KCOIL_0_32-52,8.096,intra_mol
530,26,ECOIL,0,G,linker,25,KCOIL,0,G,linker,8.102,inter_mol
531,16,ECOIL,0,I,ECOIL_0_1-21,32,KCOIL,0,K,KCOIL_0_32-52,8.132,inter_mol
532,9,ECOIL,0,I,ECOIL_0_1-21,43,ECOIL,0,L,ECOIL_0_32-52,8.135,intra_mol
533,43,ECOIL,0,L,ECOIL_0_32-52,41,KCOIL,0,A,KCOIL_0_32-52,8.138,inter_mol
534,20,ECOIL,0,E,ECOIL_0_1-21,16,KCOIL,0,I,KCOIL_0_1-21,8.138,inter_mol
535,6,KCOIL,0,K,KCOIL_0_1-21,8,KCOIL,0,K,KCOIL_0_1-21,8.142,intra_mol
536,24,ECOIL,0,S,linker,27,ECOIL,0,G,linker,8.142,intra_mol
537,16,ECOIL,0,I,ECOIL_0_1-21,33,KCOIL,0,I,KCOIL_0_32-52,8.145,inter_mol
538,12,ECOIL,0,L,ECOIL_0_1-21,35,KCOIL,0,A,KCOIL_0_32-52,8.206,inter_mol
539,3,ECOIL,0,A,ECOIL_0_1-21,5,KCOIL,0,L,KCOIL_0_1-21,8.210,inter_mol
540,25,ECOIL,0,G,linker,27,KCOIL,0,G,linker,8.213,inter_mol
541,17,KCOIL,0,A,KCOIL_0_1-21,22,KCOIL,0,G,linker,8.224,intra_mol
542,19,ECOIL,0,L,ECOIL_0_1-21,31,KCOIL,0,G,linker,8.232,inter_mol
543,16,ECOIL,0,I,ECOIL_0_1-21,36,ECOIL,0,L,ECOIL_0_32-52,8.242,intra_mol
544,19,ECOIL,0,L,ECOIL_0_1-21,30,KCOIL,0,G,linker,8.244,inter_mol
545,2,ECOIL,0,I,ECOIL_0_1-21,47,KCOIL,0,I,KCOIL_0_32-52,8.259,inter_mol
546,5,KCOIL,0,L,KCOIL_0_1-21,47,KCOIL,0,I,KCOIL_0_32-52,8.297,intra_mol
547,22,ECOIL,0,G,linker,19,KCOIL,0,L,KCOIL_0_1-21,8.307,inter_mol
548,49,ECOIL,0,A,ECOIL_0_32-52,2,KCOIL,0,I,KCOIL_0_1-21,8.307,inter_mol
549,50,ECOIL,0,L,ECOIL_0_32-52,48,KCOIL,0,A,KCOIL_0_32-52,8.319,inter_mol
550,8,ECOIL,0,E,ECOIL_0_1-21,40,KCOIL,0,I,KCOIL_0_32-52,8.320,inter_mol
551,25,ECOIL,0,G,linker,33,KCOIL,0,I,KCOIL_0_32-52,8.324,inter_mol
552,15,ECOIL,0,E,ECOIL_0_1-21,33,KCOIL,0,I,KCOIL_0_32-52,8.325,inter_mol
553,23,ECOIL,0,G,linker,19,KCOIL,0,L,KCOIL_0_1-21,8.354,inter_mol
554,19,ECOIL,0,L,ECOIL_0_1-21,16,KCOIL,0,I,KCOIL_0_1-21,8.358,inter_mol
555,47,ECOIL,0,I,ECOIL_0_32-52,4,KCOIL,0,A,KCOIL_0_1-21,8.358,inter_mol
556,22,ECOIL,0,G,linker,30,KCOIL,0,G,linker,8.364,inter_mol
557,11,ECOIL,0,A,ECOIL_0_1-21,36,KCOIL,0,L,KCOIL_0_32-52,8.376,inter_mol
558,19,ECOIL,0,L,ECOIL_0_1-21,33,ECOIL,0,I,ECOIL_0_32-52,8.380,intra_mol
559,29,ECOIL,0,G,linker,33,ECOIL,0,I,ECOIL_0_32-52,8.381,intra_mol
560,4,ECOIL,0,A,ECOIL_0_1-21,43,KCOIL,0,L,KCOIL_0_32-52,8.381,inter_mol
561,2,ECOIL,0,I,ECOIL_0_1-21,4,KCOIL,0,A,KCOIL_0_1-21,8.389,inter_mol
562,22,ECOIL,0,G,linker,23,KCOIL,0,G,linker,8.401,inter_mol
563,36,ECOIL,0,L,ECOIL_0_32-52,34,KCOIL,0,A,KCOIL_0_32-52,8.403,inter_mol
564,19,KCOIL,0,L,KCOIL_0_1-21,24,KCOIL,0,S,linker,8.413,intra_mol
565,4,ECOIL,0,A,ECOIL_0_1-21,9,ECOIL,0,I,ECOIL_0_1-21,8.414,intra_mol
566,16,ECOIL,0,I,ECOIL_0_1-21,18,KCOIL,0,A,KCOIL_0_1-21,8.419,inter_mol
567,17,ECOIL,0,A,ECOIL_0_1-21,19,KCOIL,0,L,KCOIL_0_1-21,8.425,inter_mol
568,5,ECOIL,0,L,ECOIL_0_1-21,47,ECOIL,0,I,ECOIL_0_32-52,8.474,intra_mol
569,35,KCOIL,0,A,KCOIL_0_32-52,40,KCOIL,0,I,KCOIL_0_32-52,8.483,intra_mol
570,49,ECOIL,0,A,ECOIL_0_32-52,47,KCOIL,0,I,KCOIL_0_32-52,8.486,inter_mol
571,26,ECOIL,0,G,linker,32,ECOIL,0,E,ECOIL_0_32-52,8.489,intra_mol
572,25,ECOIL,0,G,linker,22,KCOIL,0,G,linker,8.495,inter_mol
573,26,ECOIL,0,G,linker,22,KCOIL,0,G,linker,8.499,inter_mol
574,42,ECOIL,0,A,ECOIL_0_32-52,9,KCOIL,0,I,KCOIL_0_1-21,8.507,inter_mol
575,2,KCOIL,0,I,KCOIL_0_1-21,50,KCOIL,0,L,KCOIL_0_32-52,8.522,intra_mol
576,47,ECOIL,0,I,ECOIL_0_32-52,50,KCOIL,0,L,KCOIL_0_32-52,8.529,inter_mol
577,10,KCOIL,0,A,KCOIL_0_1-21,15,KCOIL,0,K,KCOIL_0_1-21,8.540,intra_mol
578,24,ECOIL,0,S,linker,30,KCOIL,0,G,linker,8.544,inter_mol
579,34,KCOIL,0,A,KCOIL_0_32-52,39,KCOIL,0,K,KCOIL_0_32-52,8.547,intra_mol
580,4,KCOIL,0,A,KCOIL_0_1-21,9,KCOIL,0,I,KCOIL_0_1-21,8.548,intra_mol
581,12,KCOIL,0,L,KCOIL_0_1-21,40,KCOIL,0,I,KCOIL_0_32-52,8.567,intra_mol
582,20,ECOIL,0,E,ECOIL_0_1-21,17,KCOIL,0,A,KCOIL_0_1-21,8.571,inter_mol
583,24,ECOIL,0,S,linker,32,ECOIL,0,E,ECOIL_0_32-52,8.572,intra_mol
584,40,ECOIL,0,I,ECOIL_0_32-52,11,KCOIL,0,A,KCOIL_0_1-21,8.573,inter_mol
585,9,ECOIL,0,I,ECOIL_0_1-21,11,KCOIL,0,A,KCOIL_0_1-21,8.587,inter_mol
586,35,ECOIL,0,A,ECOIL_0_32-52,40,ECOIL,0,I,ECOIL_0_32-52,8.592,intra_mol
587,41,ECOIL,0,A,ECOIL_0_32-52,46,ECOIL,0,E,ECOIL_0_32-52,8.594,intra_mol
588,11,KCOIL,0,A,KCOIL_0_1-21,16,KCOIL,0,I,KCOIL_0_1-21,8.605,intra_mol
589,26,KCOIL,0,G,linker,29,KCOIL,0,G,linker,8.606,intra_mol
590,12,ECOIL,0,L,ECOIL_0_1-21,40,ECOIL,0,I,ECOIL_0_32-52,8.607,intra_mol
591,29,ECOIL,0,G,linker,35,ECOIL,0,A,ECOIL_0_32-52,8.608,intra_mol
592,21,ECOIL,0,K,ECOIL_0_1-21,23,ECOIL,0,G,linker,8.615,intra_mol
593,11,ECOIL,0,A,ECOIL_0_1-21,16,ECOIL,0,I,ECOIL_0_1-21,8.615,intra_mol
594,42,ECOIL,0,A,ECOIL_0_32-52,47,ECOIL,0,I,ECOIL_0_32-52,8.621,intra_mol
595,46,ECOIL,0,E,ECOIL_0_32-52,50,KCOIL,0,L,KCOIL_0_32-52,8.624,inter_mol
596,9,ECOIL,0,I,ECOIL_0_1-21,39,KCOIL,0,K,KCOIL_0_32-52,8.627,inter_mol
597,3,ECOIL,0,A,ECOIL_0_1-21,8,ECOIL,0,E,ECOIL_0_1-21,8.628,intra_mol
598,3,KCOIL,0,A,KCOIL_0_1-21,8,KCOIL,0,K,KCOIL_0_1-21,8.637,intra_mol
599,23,ECOIL,0,G,linker,33,KCOIL,0,I,KCOIL_0_32-52,8.663,inter_mol
600,34,ECOIL,0,A,ECOIL_0_32-52,39,ECOIL,0,E,ECOIL_0_32-52,8.664,intra_mol
601,2,ECOIL,0,I,ECOIL_0_1-21,50,ECOIL,0,L,ECOIL_0_32-52,8.671,intra_mol
602,41,KCOIL,0,A,KCOIL_0_32-52,46,KCOIL,0,K,KCOIL_0_32-52,8.674,intra_mol
603,23,ECOIL,0,G,linker,32,KCOIL,0,K,KCOIL_0_32-52,8.674,inter_mol
604,20,ECOIL,0,E,ECOIL_0_1-21,23,ECOIL,0,G,linker,8.678,intra_mol
605,1,ECOIL,0,E,ECOIL_0_1-21,47,KCOIL,0,I,KCOIL_0_32-52,8.682,inter_mol
606,20,ECOIL,0,E,ECOIL_0_1-21,23,KCOIL,0,G,linker,8.693,inter_mol
607,26,ECOIL,0,G,linker,19,KCOIL,0,L,KCOIL_0_1-21,8.695,inter_mol
608,5,ECOIL,0,L,ECOIL_0_1-21,42,KCOIL,0,A,KCOIL_0_32-52,8.695,inter_mol
609,47,ECOIL,0,I,ECOIL_0_32-52,51,KCOIL,0,K,KCOIL_0_32-52,8.713,inter_mol
610,23,ECOIL,0,G,linker,31,KCOIL,0,G,linker,8.715,inter_mol
611,10,ECOIL,0,A,ECOIL_0_1-21,15,ECOIL,0,E,ECOIL_0_1-21,8.717,intra_mol
612,33,ECOIL,0,I,ECOIL_0_32-52,18,KCOIL,0,A,KCOIL_0_1-21,8.721,inter_mol
613,35,ECOIL,0,A,ECOIL_0_32-52,16,KCOIL,0,I,KCOIL_0_1-21,8.727,inter_mol
614,42,ECOIL,0,A,ECOIL_0_32-52,40,KCOIL,0,I,KCOIL_0_32-52,8.733,inter_mol
615,11,ECOIL,0,A,ECOIL_0_1-21,12,KCOIL,0,L,KCOIL_0_1-21,8.740,inter_mol
616,9,ECOIL,0,I,ECOIL_0_1-21,4,KCOIL,0,A,KCOIL_0_1-21,8.742,inter_mol
617,17,ECOIL,0,A,ECOIL_0_1-21,32,KCOIL,0,K,KCOIL_0_32-52,8.749,inter_mol
618,12,ECOIL,0,L,ECOIL_0_1-21,9,KCOIL,0,I,KCOIL_0_1-21,8.752,inter_mol
619,31,ECOIL,0,G,linker,37,ECOIL,0,E,ECOIL_0_32-52,8.760,intra_mol
620,26,ECOIL,0,G,linker,30,ECOIL,0,G,linker,8.763,intra_mol
621,22,KCOIL,0,G,linker,25,KCOIL,0,G,linker,8.766,intra_mol
622,22,ECOIL,0,G,linker,22,KCOIL,0,G,linker,8.778,inter_mol
623,19,ECOIL,0,L,ECOIL_0_1-21,15,KCOIL,0,K,KCOIL_0_1-21,8.785,inter_mol
624,16,ECOIL,0,I,ECOIL_0_1-21,11,KCOIL,0,A,KCOIL_0_1-21,8.805,inter_mol
625,19,KCOIL,0,L,KCOIL_0_1-21,33,KCOIL,0,I,KCOIL_0_32-52,8.807,intra_mol
626,19,ECOIL,0,L,ECOIL_0_1-21,23,KCOIL,0,G,linker,8.811,inter_mol
627,48,ECOIL,0,A,ECOIL_0_32-52,3,KCOIL,0,A,KCOIL_0_1-21,8.814,inter_mol
628,4,ECOIL,0,A,ECOIL_0_1-21,5,KCOIL,0,L,KCOIL_0_1-21,8.819,inter_mol
629,43,ECOIL,0,L,ECOIL_0_32-52,5,KCOIL,0,L,KCOIL_0_1-21,8.822,inter_mol
630,35,ECOIL,0,A,ECOIL_0_32-52,33,KCOIL,0,I,KCOIL_0_32-52,8.824,inter_mol
631,22,ECOIL,0,G,linker,27,KCOIL,0,G,linker,8.828,inter_mol
632,39,ECOIL,0,E,ECOIL_0_32-52,43,KCOIL,0,L,KCOIL_0_32-52,8.834,inter_mol
633,49,ECOIL,0,A,ECOIL_0_32-52,50,KCOIL,0,L,KCOIL_0_32-52,8.835,inter_mol
634,22,ECOIL,0,G,linker,26,KCOIL,0,G,linker,8.839,inter_mol
635,27,ECOIL,0,G,linker,35,ECOIL,0,A,ECOIL_0_32-52,8.840,intra_mol
636,29,KCOIL,0,G,linker,32,KCOIL,0,K,KCOIL_0_32-52,8.856,intra_mol
637,5,ECOIL,0,L,ECOIL_0_1-21,2,KCOIL,0,I,KCOIL_0_1-21,8.859,inter_mol
638,42,KCOIL,0,A,KCOIL_0_32-52,47,KCOIL,0,I,KCOIL_0_32-52,8.862,intra_mol
639,43,KCOIL,0,L,KCOIL_0_32-52,48,KCOIL,0,A,KCOIL_0_32-52,8.868,intra_mol
640,9,KCOIL,0,I,KCOIL_0_1-21,43,KCOIL,0,L,KCOIL_0_32-52,8.877,intra_mol
641,28,KCOIL,0,S,linker,31,KCOIL,0,G,linker,8.883,intra_mol
642,15,ECOIL,0,E,ECOIL_0_1-21,34,KCOIL,0,A,KCOIL_0_32-52,8.894,inter_mol
643,50,ECOIL,0,L,ECOIL_0_32-52,49,KCOIL,0,A,KCOIL_0_32-52,8.896,inter_mol
644,23,ECOIL,0,G,linker,22,KCOIL,0,G,linker,8.900,inter_mol
645,2,KCOIL,0,I,KCOIL_0_1-21,47,KCOIL,0,I,KCOIL_0_32-52,8.912,intra_mol
646,13,ECOIL,0,E,ECOIL_0_1-21,9,KCOIL,0,I,KCOIL_0_1-21,8.915,inter_mol
647,16,KCOIL,0,I,KCOIL_0_1-21,36,KCOIL,0,L,KCOIL_0_32-52,8.917,intra_mol
648,40,ECOIL,0,I,ECOIL_0_32-52,44,KCOIL,0,K,KCOIL_0_32-52,8.919,inter_mol
649,36,ECOIL,0,L,ECOIL_0_32-52,19,KCOIL,0,L,KCOIL_0_1-21,8.920,inter_mol
650,18,ECOIL,0,A,ECOIL_0_1-21,19,KCOIL,0,L,KCOIL_0_1-21,8.925,inter_mol
651,19,ECOIL,0,L,ECOIL_0_1-21,18,KCOIL,0,A,KCOIL_0_1-21,8.931,inter_mol
652,23,ECOIL,0,G,linker,29,KCOIL,0,G,linker,8.933,inter_mol
653,22,ECOIL,0,G,linker,32,KCOIL,0,K,KCOIL_0_32-52,8.955,inter_mol
654,9,ECOIL,0,I,ECOIL_0_1-21,40,ECOIL,0,I,ECOIL_0_32-52,8.957,intra_mol
655,25,ECOIL,0,G,linker,28,ECOIL,0,S,linker,8.958,intra_mol
656,27,ECOIL,0,G,linker,37,ECOIL,0,E,ECOIL_0_32-52,8.961,intra_mol
657,15,ECOIL,0,E,ECOIL_0_1-21,31,KCOIL,0,G,linker,8.961,inter_mol
658,48,ECOIL,0,A,ECOIL_0_32-52,51,KCOIL,0,K,KCOIL_0_32-52,8.979,inter_mol
659,12,KCOIL,0,L,KCOIL_0_1-21,36,KCOIL,0,L,KCOIL_0_32-52,8.984,intra_mol
660,36,ECOIL,0,L,ECOIL_0_32-52,12,KCOIL,0,L,KCOIL_0_1-21,8.992,inter_mol
661,2,ECOIL,0,I,ECOIL_0_1-21,46,KCOIL,0,K,KCOIL_0_32-52,8.993,inter_mol
662,31,KCOIL,0,G,linker,36,KCOIL,0,L,KCOIL_0_32-52,9.001,intra_mol
663,19,ECOIL,0,L,ECOIL_0_1-21,25,ECOIL,0,G,linker,9.004,intra_mol
664,25,ECOIL,0,G,linker,20,KCOIL,0,K,KCOIL_0_1-21,9.011,inter_mol
665,40,ECOIL,0,I,ECOIL_0_32-52,43,KCOIL,0,L,KCOIL_0_32-52,9.012,inter_mol
666,29,ECOIL,0,G,linker,20,KCOIL,0,K,KCOIL_0_1-21,9.029,inter_mol
667,36,KCOIL,0,L,KCOIL_0_32-52,41,KCOIL,0,A,KCOIL_0_32-52,9.037,intra_mol
668,26,ECOIL,0,G,linker,34,ECOIL,0,A,ECOIL_0_32-52,9.047,intra_mol
669,35,ECOIL,0,A,ECOIL_0_32-52,40,KCOIL,0,I,KCOIL_0_32-52,9.050,inter_mol
670,12,ECOIL,0,L,ECOIL_0_1-21,8,KCOIL,0,K,KCOIL_0_1-21,9.050,inter_mol
671,42,ECOIL,0,A,ECOIL_0_32-52,47,KCOIL,0,I,KCOIL_0_32-52,9.052,inter_mol
672,2,ECOIL,0,I,ECOIL_0_1-21,47,ECOIL,0,I,ECOIL_0_32-52,9.064,intra_mol
673,30,KCOIL,0,G,linker,34,KCOIL,0,A,KCOIL_0_32-52,9.071,intra_mol
674,50,ECOIL,0,L,ECOIL_0_32-52,5,KCOIL,0,L,KCOIL_0_1-21,9.072,inter_mol
675,32,ECOIL,0,E,ECOIL_0_32-52,36,KCOIL,0,L,KCOIL_0_32-52,9.073,inter_mol
676,31,ECOIL,0,G,linker,33,KCOIL,0,I,KCOIL_0_32-52,9.074,inter_mol
677,43,ECOIL,0,L,ECOIL_0_32-52,12,KCOIL,0,L,KCOIL_0_1-21,9.076,inter_mol
678,18,ECOIL,0,A,ECOIL_0_1-21,33,KCOIL,0,I,KCOIL_0_32-52,9.098,inter_mol
679,5,KCOIL,0,L,KCOIL_0_1-21,43,KCOIL,0,L,KCOIL_0_32-52,9.106,intra_mol
680,10,ECOIL,0,A,ECOIL_0_1-21,39,KCOIL,0,K,KCOIL_0_32-52,9.107,inter_mol
681,5,ECOIL,0,L,ECOIL_0_1-21,43,ECOIL,0,L,ECOIL_0_32-52,9.110,intra_mol
682,23,ECOIL,0,G,linker,28,KCOIL,0,S,linker,9.122,inter_mol
683,17,KCOIL,0,A,KCOIL_0_1-21,23,KCOIL,0,G,linker,9.130,intra_mol
684,26,ECOIL,0,G,linker,26,KCOIL,0,G,linker,9.131,inter_mol
685,13,ECOIL,0,E,ECOIL_0_1-21,10,KCOIL,0,A,KCOIL_0_1-21,9.138,inter_mol
686,41,ECOIL,0,A,ECOIL_0_32-52,10,KCOIL,0,A,KCOIL_0_1-21,9.142,inter_mol
687,46,ECOIL,0,E,ECOIL_0_32-52,49,KCOIL,0,A,KCOIL_0_32-52,9.147,inter_mol
688,18,ECOIL,0,A,ECOIL_0_1-21,30,KCOIL,0,G,linker,9.149,inter_mol
689,9,KCOIL,0,I,KCOIL_0_1-21,40,KCOIL,0,I,KCOIL_0_32-52,9.152,intra_mol
690,18,ECOIL,0,A,ECOIL_0_1-21,15,KCOIL,0,K,KCOIL_0_1-21,9.158,inter_mol
691,41,ECOIL,0,A,ECOIL_0_32-52,44,KCOIL,0,K,KCOIL_0_32-52,9.168,inter_mol
692,16,ECOIL,0,I,ECOIL_0_1-21,17,KCOIL,0,A,KCOIL_0_1-21,9.169,inter_mol
693,17,ECOIL,0,A,ECOIL_0_1-21,12,KCOIL,0,L,KCOIL_0_1-21,9.174,inter_mol
694,43,ECOIL,0,L,ECOIL_0_32-52,42,KCOIL,0,A,KCOIL_0_32-52,9.186,inter_mol
695,25,KCOIL,0,G,linker,28,KCOIL,0,S,linker,9.188,intra_mol
696,20,ECOIL,0,E,ECOIL_0_1-21,24,ECOIL,0,S,linker,9.189,intra_mol
697,12,ECOIL,0,L,ECOIL_0_1-21,36,ECOIL,0,L,ECOIL_0_32-52,9.191,intra_mol
698,46,ECOIL,0,E,ECOIL_0_32-52,43,KCOIL,0,L,KCOIL_0_32-52,9.193,inter_mol
699,39,ECOIL,0,E,ECOIL_0_32-52,36,KCOIL,0,L,KCOIL_0_32-52,9.227,inter_mol
700,23,KCOIL,0,G,linker,26,KCOIL,0,G,linker,9.237,intra_mol
701,9,KCOIL,0,I,KCOIL_0_1-21,14,KCOIL,0,E,KCOIL_0_1-21,9.239,intra_mol
702,9,ECOIL,0,I,ECOIL_0_1-21,10,KCOIL,0,A,KCOIL_0_1-21,9.239,inter_mol
703,51,ECOIL,0,E,ECOIL_0_32-52,5,KCOIL,0,L,KCOIL_0_1-21,9.241,inter_mol
704,48,ECOIL,0,A,ECOIL_0_32-52,47,KCOIL,0,I,KCOIL_0_32-52,9.242,inter_mol
705,8,ECOIL,0,E,ECOIL_0_1-21,41,KCOIL,0,A,KCOIL_0_32-52,9.242,inter_mol
706,16,ECOIL,0,I,ECOIL_0_1-21,33,ECOIL,0,I,ECOIL_0_32-52,9.242,intra_mol
707,30,ECOIL,0,G,linker,38,ECOIL,0,K,ECOIL_0_32-52,9.249,intra_mol
708,29,ECOIL,0,G,linker,37,ECOIL,0,E,ECOIL_0_32-52,9.252,intra_mol
709,42,ECOIL,0,A,ECOIL_0_32-52,43,KCOIL,0,L,KCOIL_0_32-52,9.263,inter_mol
710,11,ECOIL,0,A,ECOIL_0_1-21,8,KCOIL,0,K,KCOIL_0_1-21,9.264,inter_mol
711,17,ECOIL,0,A,ECOIL_0_1-21,18,KCOIL,0,A,KCOIL_0_1-21,9.275,inter_mol
712,2,KCOIL,0,I,KCOIL_0_1-21,7,KCOIL,0,E,KCOIL_0_1-21,9.286,intra_mol
713,18,ECOIL,0,A,ECOIL_0_1-21,31,KCOIL,0,G,linker,9.289,inter_mol
714,49,ECOIL,0,A,ECOIL_0_32-52,48,KCOIL,0,A,KCOIL_0_32-52,9.298,inter_mol
715,47,ECOIL,0,I,ECOIL_0_32-52,48,KCOIL,0,A,KCOIL_0_32-52,9.305,inter_mol
716,35,ECOIL,0,A,ECOIL_0_32-52,36,KCOIL,0,L,KCOIL_0_32-52,9.311,inter_mol
717,24,KCOIL,0,S,linker,27,KCOIL,0,G,linker,9.313,intra_mol
718,47,ECOIL,0,I,ECOIL_0_32-52,52,ECOIL,0,K,ECOIL_0_32-52,9.315,intra_mol
719,12,ECOIL,0,L,ECOIL_0_1-21,17,ECOIL,0,A,ECOIL_0_1-21,9.327,intra_mol
720,27,ECOIL,0,G,linker,22,KCOIL,0,G,linker,9.331,inter_mol
721,5,ECOIL,0,L,ECOIL_0_1-21,49,KCOIL,0,A,KCOIL_0_32-52,9.338,inter_mol
722,44,ECOIL,0,E,ECOIL_0_32-52,5,KCOIL,0,L,KCOIL_0_1-21,9.342,inter_mol
723,33,ECOIL,0,I,ECOIL_0_32-52,37,KCOIL,0,K,KCOIL_0_32-52,9.347,inter_mol
724,2,ECOIL,0,I,ECOIL_0_1-21,3,KCOIL,0,A,KCOIL_0_1-21,9.355,inter_mol
725,47,KCOIL,0,I,KCOIL_0_32-52,52,KCOIL,0,E,KCOIL_0_32-52,9.360,intra_mol
726,11,ECOIL,0,A,ECOIL_0_1-21,40,KCOIL,0,I,KCOIL_0_32-52,9.364,inter_mol
727,12,KCOIL,0,L,KCOIL_0_1-21,17,KCOIL,0,A,KCOIL_0_1-21,9.364,intra_mol
728,33,ECOIL,0,I,ECOIL_0_32-52,36,KCOIL,0,L,KCOIL_0_32-52,9.370,inter_mol
729,5,ECOIL,0,L,ECOIL_0_1-21,4,KCOIL,0,A,KCOIL_0_1-21,9.371,inter_mol
730,18,ECOIL,0,A,ECOIL_0_1-21,36,KCOIL,0,L,KCOIL_0_32-52,9.372,inter_mol
731,33,KCOIL,0,I,KCOIL_0_32-52,38,KCOIL,0,E,KCOIL_0_32-52,9.381,intra_mol
732,36,ECOIL,0,L,ECOIL_0_32-52,35,KCOIL,0,A,KCOIL_0_32-52,9.397,inter_mol
733,31,ECOIL,0,G,linker,20,KCOIL,0,K,KCOIL_0_1-21,9.397,inter_mol
734,17,ECOIL,0,A,ECOIL_0_1-21,16,KCOIL,0,I,KCOIL_0_1-21,9.400,inter_mol
735,10,ECOIL,0,A,ECOIL_0_1-21,11,KCOIL,0,A,KCOIL_0_1-21,9.402,inter_mol
736,30,ECOIL,0,G,linker,37,ECOIL,0,E,ECOIL_0_32-52,9.415,intra_mol
737,16,ECOIL,0,I,ECOIL_0_1-21,21,ECOIL,0,K,ECOIL_0_1-21,9.415,intra_mol
738,43,ECOIL,0,L,ECOIL_0_32-52,48,KCOIL,0,A,KCOIL_0_32-52,9.419,inter_mol
739,16,KCOIL,0,I,KCOIL_0_1-21,33,KCOIL,0,I,KCOIL_0_32-52,9.421,intra_mol
740,3,ECOIL,0,A,ECOIL_0_1-21,46,KCOIL,0,K,KCOIL_0_32-52,9.422,inter_mol
741,29,ECOIL,0,G,linker,32,ECOIL,0,E,ECOIL_0_32-52,9.422,intra_mol
742,5,ECOIL,0,L,ECOIL_0_1-21,10,ECOIL,0,A,ECOIL_0_1-21,9.424,intra_mol
743,10,ECOIL,0,A,ECOIL_0_1-21,5,KCOIL,0,L,KCOIL_0_1-21,9.428,inter_mol
744,5,KCOIL,0,L,KCOIL_0_1-21,10,KCOIL,0,A,KCOIL_0_1-21,9.429,intra_mol
745,50,ECOIL,0,L,ECOIL_0_32-52,3,KCOIL,0,A,KCOIL_0_1-21,9.430,inter_mol
746,43,ECOIL,0,L,ECOIL_0_32-52,48,ECOIL,0,A,ECOIL_0_32-52,9.440,intra_mol
747,6,ECOIL,0,E,ECOIL_0_1-21,2,KCOIL,0,I,KCOIL_0_1-21,9.444,inter_mol
748,28,ECOIL,0,S,linker,37,ECOIL,0,E,ECOIL_0_32-52,9.445,intra_mol
749,12,ECOIL,0,L,ECOIL_0_1-21,42,KCOIL,0,A,KCOIL_0_32-52,9.450,inter_mol
750,28,ECOIL,0,S,linker,23,KCOIL,0,G,linker,9.453,inter_mol
751,37,ECOIL,0,E,ECOIL_0_32-52,42,ECOIL,0,A,ECOIL_0_32-52,9.460,intra_mol
752,4,ECOIL,0,A,ECOIL_0_1-21,47,KCOIL,0,I,KCOIL_0_32-52,9.467,inter_mol
753,10,ECOIL,0,A,ECOIL_0_1-21,9,KCOIL,0,I,KCOIL_0_1-21,9.469,inter_mol
754,5,ECOIL,0,L,ECOIL_0_1-21,48,KCOIL,0,A,KCOIL_0_32-52,9.470,inter_mol
755,27,ECOIL,0,G,linker,24,KCOIL,0,S,linker,9.473,inter_mol
756,40,KCOIL,0,I,KCOIL_0_32-52,45,KCOIL,0,E,KCOIL_0_32-52,9.476,intra_mol
757,48,ECOIL,0,A,ECOIL_0_32-52,5,KCOIL,0,L,KCOIL_0_1-21,9.501,inter_mol
758,36,ECOIL,0,L,ECOIL_0_32-52,41,ECOIL,0,A,ECOIL_0_32-52,9.504,intra_mol
759,34,ECOIL,0,A,ECOIL_0_32-52,37,KCOIL,0,K,KCOIL_0_32-52,9.511,inter_mol
760,40,ECOIL,0,I,ECOIL_0_32-52,36,KCOIL,0,L,KCOIL_0_32-52,9.518,inter_mol
761,34,KCOIL,0,A,KCOIL_0_32-52,40,KCOIL,0,I,KCOIL_0_32-52,9.518,intra_mol
762,27,ECOIL,0,G,linker,21,KCOIL,0,E,KCOIL_0_1-21,9.522,inter_mol
763,51,ECOIL,0,E,ECOIL_0_32-52,4,KCOIL,0,A,KCOIL_0_1-21,9.523,inter_mol
764,31,ECOIL,0,G,linker,38,ECOIL,0,K,ECOIL_0_32-52,9.528,intra_mol
765,12,ECOIL,0,L,ECOIL_0_1-21,41,KCOIL,0,A,KCOIL_0_32-52,9.532,inter_mol
766,43,ECOIL,0,L,ECOIL_0_32-52,6,KCOIL,0,K,KCOIL_0_1-21,9.546,inter_mol
767,44,ECOIL,0,E,ECOIL_0_32-52,49,ECOIL,0,A,ECOIL_0_32-52,9.546,intra_mol
768,12,ECOIL,0,L,ECOIL_0_1-21,11,KCOIL,0,A,KCOIL_0_1-21,9.549,inter_mol
769,12,ECOIL,0,L,ECOIL_0_1-21,37,KCOIL,0,K,KCOIL_0_32-52,9.552,inter_mol
770,41,ECOIL,0,A,ECOIL_0_32-52,40,KCOIL,0,I,KCOIL_0_32-52,9.556,inter_mol
771,36,ECOIL,0,L,ECOIL_0_32-52,20,KCOIL,0,K,KCOIL_0_1-21,9.562,inter_mol
772,47,ECOIL,0,I,ECOIL_0_32-52,43,KCOIL,0,L,KCOIL_0_32-52,9.573,inter_mol
773,27,ECOIL,0,G,linker,16,KCOIL,0,I,KCOIL_0_1-21,9.576,inter_mol
774,16,KCOIL,0,I,KCOIL_0_1-21,21,KCOIL,0,E,KCOIL_0_1-21,9.589,intra_mol
775,6,ECOIL,0,E,ECOIL_0_1-21,11,ECOIL,0,A,ECOIL_0_1-21,9.603,intra_mol
776,43,ECOIL,0,L,ECOIL_0_32-52,13,KCOIL,0,K,KCOIL_0_1-21,9.605,inter_mol
777,19,ECOIL,0,L,ECOIL_0_1-21,35,KCOIL,0,A,KCOIL_0_32-52,9.606,inter_mol
778,19,ECOIL,0,L,ECOIL_0_1-21,22,KCOIL,0,G,linker,9.609,inter_mol
779,1,ECOIL,0,E,ECOIL_0_1-21,6,ECOIL,0,E,ECOIL_0_1-21,9.610,intra_mol
780,50,ECOIL,0,L,ECOIL_0_32-52,6,KCOIL,0,K,KCOIL_0_1-21,9.613,inter_mol
781,3,ECOIL,0,A,ECOIL_0_1-21,4,KCOIL,0,A,KCOIL_0_1-21,9.615,inter_mol
782,34,ECOIL,0,A,ECOIL_0_32-52,19,KCOIL,0,L,KCOIL_0_1-21,9.624,inter_mol
783,13,ECOIL,0,E,ECOIL_0_1-21,18,ECOIL,0,A,ECOIL_0_1-21,9.627,intra_mol
784,3,ECOIL,0,A,ECOIL_0_1-21,9,ECOIL,0,I,ECOIL_0_1-21,9.630,intra_mol
785,27,ECOIL,0,G,linker,36,ECOIL,0,L,ECOIL_0_32-52,9.637,intra_mol
786,11,ECOIL,0,A,ECOIL_0_1-21,43,KCOIL,0,L,KCOIL_0_32-52,9.641,inter_mol
787,11,KCOIL,0,A,KCOIL_0_1-21,17,KCOIL,0,A,KCOIL_0_1-21,9.641,intra_mol
788,3,KCOIL,0,A,KCOIL_0_1-21,9,KCOIL,0,I,KCOIL_0_1-21,9.641,intra_mol
789,6,KCOIL,0,K,KCOIL_0_1-21,11,KCOIL,0,A,KCOIL_0_1-21,9.643,intra_mol
790,19,ECOIL,0,L,ECOIL_0_1-21,36,ECOIL,0,L,ECOIL_0_32-52,9.645,intra_mol
791,44,ECOIL,0,E,ECOIL_0_32-52,12,KCOIL,0,L,KCOIL_0_1-21,9.649,inter_mol
792,13,ECOIL,0,E,ECOIL_0_1-21,14,KCOIL,0,E,KCOIL_0_1-21,9.653,inter_mol
793,34,ECOIL,0,A,ECOIL_0_32-52,17,KCOIL,0,A,KCOIL_0_1-21,9.655,inter_mol
794,39,ECOIL,0,E,ECOIL_0_32-52,42,KCOIL,0,A,KCOIL_0_32-52,9.660,inter_mol
795,14,ECOIL,0,K,ECOIL_0_1-21,32,KCOIL,0,K,KCOIL_0_32-52,9.662,inter_mol
796,42,ECOIL,0,A,ECOIL_0_32-52,41,KCOIL,0,A,KCOIL_0_32-52,9.662,inter_mol
797,33,ECOIL,0,I,ECOIL_0_32-52,22,KCOIL,0,G,linker,9.673,inter_mol
798,16,ECOIL,0,I,ECOIL_0_1-21,35,KCOIL,0,A,KCOIL_0_32-52,9.674,inter_mol
799,27,ECOIL,0,G,linker,17,KCOIL,0,A,KCOIL_0_1-21,9.679,inter_mol
800,19,ECOIL,0,L,ECOIL_0_1-21,34,KCOIL,0,A,KCOIL_0_32-52,9.687,inter_mol
801,11,ECOIL,0,A,ECOIL_0_1-21,35,KCOIL,0,A,KCOIL_0_32-52,9.694,inter_mol
802,42,ECOIL,0,A,ECOIL_0_32-52,48,ECOIL,0,A,ECOIL_0_32-52,9.697,intra_mol
803,43,ECOIL,0,L,ECOIL_0_32-52,10,KCOIL,0,A,KCOIL_0_1-21,9.705,inter_mol
804,4,KCOIL,0,A,KCOIL_0_1-21,10,KCOIL,0,A,KCOIL_0_1-21,9.707,intra_mol
805,7,ECOIL,0,K,ECOIL_0_1-21,12,ECOIL,0,L,ECOIL_0_1-21,9.709,intra_mol
806,11,ECOIL,0,A,ECOIL_0_1-21,17,ECOIL,0,A,ECOIL_0_1-21,9.717,intra_mol
807,36,ECOIL,0,L,ECOIL_0_32-52,13,KCOIL,0,K,KCOIL_0_1-21,9.717,inter_mol
808,4,ECOIL,0,A,ECOIL_0_1-21,10,ECOIL,0,A,ECOIL_0_1-21,9.724,intra_mol
809,22,ECOIL,0,G,linker,25,ECOIL,0,G,linker,9.725,intra_mol
810,25,KCOIL,0,G,linker,30,KCOIL,0,G,linker,9.726,intra_mol
811,15,ECOIL,0,E,ECOIL_0_1-21,12,KCOIL,0,L,KCOIL_0_1-21,9.726,inter_mol
812,18,ECOIL,0,A,ECOIL_0_1-21,24,ECOIL,0,S,linker,9.727,intra_mol
813,49,ECOIL,0,A,ECOIL_0_32-52,6,KCOIL,0,K,KCOIL_0_1-21,9.730,inter_mol
814,28,ECOIL,0,S,linker,21,KCOIL,0,E,KCOIL_0_1-21,9.731,inter_mol
815,12,ECOIL,0,L,ECOIL_0_1-21,15,KCOIL,0,K,KCOIL_0_1-21,9.733,inter_mol
816,10,KCOIL,0,A,KCOIL_0_1-21,16,KCOIL,0,I,KCOIL_0_1-21,9.735,intra_mol
817,34,ECOIL,0,A,ECOIL_0_32-52,33,KCOIL,0,I,KCOIL_0_32-52,9.739,inter_mol
818,24,ECOIL,0,S,linker,31,KCOIL,0,G,linker,9.746,inter_mol
819,17,ECOIL,0,A,ECOIL_0_1-21,36,KCOIL,0,L,KCOIL_0_32-52,9.749,inter_mol
820,38,ECOIL,0,K,ECOIL_0_32-52,43,ECOIL,0,L,ECOIL_0_32-52,9.749,intra_mol
821,40,ECOIL,0,I,ECOIL_0_32-52,45,ECOIL,0,K,ECOIL_0_32-52,9.751,intra_mol
822,24,ECOIL,0,S,linker,20,KCOIL,0,K,KCOIL_0_1-21,9.759,inter_mol
823,35,ECOIL,0,A,ECOIL_0_32-52,41,ECOIL,0,A,ECOIL_0_32-52,9.759,intra_mol
824,5,ECOIL,0,L,ECOIL_0_1-21,8,KCOIL,0,K,KCOIL_0_1-21,9.764,inter_mol
825,10,ECOIL,0,A,ECOIL_0_1-21,16,ECOIL,0,I,ECOIL_0_1-21,9.768,intra_mol
826,37,ECOIL,0,E,ECOIL_0_32-52,19,KCOIL,0,L,KCOIL_0_1-21,9.771,inter_mol
827,41,ECOIL,0,A,ECOIL_0_32-52,12,KCOIL,0,L,KCOIL_0_1-21,9.771,inter_mol
828,6,ECOIL,0,E,ECOIL_0_1-21,3,KCOIL,0,A,KCOIL_0_1-21,9.774,inter_mol
829,16,ECOIL,0,I,ECOIL_0_1-21,22,ECOIL,0,G,linker,9.780,intra_mol
830,31,ECOIL,0,G,linker,37,KCOIL,0,K,KCOIL_0_32-52,9.786,inter_mol
831,12,ECOIL,0,L,ECOIL_0_1-21,38,KCOIL,0,E,KCOIL_0_32-52,9.798,inter_mol
832,52,ECOIL,0,K,ECOIL_0_32-52,2,KCOIL,0,I,KCOIL_0_1-21,9.802,inter_mol
833,13,ECOIL,0,E,ECOIL_0_1-21,20,ECOIL,0,E,ECOIL_0_1-21,9.805,intra_mol
834,13,KCOIL,0,K,KCOIL_0_1-21,18,KCOIL,0,A,KCOIL_0_1-21,9.815,intra_mol
835,42,ECOIL,0,A,ECOIL_0_32-52,13,KCOIL,0,K,KCOIL_0_1-21,9.821,inter_mol
836,34,ECOIL,0,A,ECOIL_0_32-52,40,ECOIL,0,I,ECOIL_0_32-52,9.826,intra_mol
837,41,ECOIL,0,A,ECOIL_0_32-52,47,ECOIL,0,I,ECOIL_0_32-52,9.827,intra_mol
838,8,ECOIL,0,E,ECOIL_0_1-21,5,KCOIL,0,L,KCOIL_0_1-21,9.827,inter_mol
839,24,ECOIL,0,S,linker,32,KCOIL,0,K,KCOIL_0_32-52,9.828,inter_mol
840,36,ECOIL,0,L,ECOIL_0_32-52,17,KCOIL,0,A,KCOIL_0_1-21,9.830,inter_mol
841,37,KCOIL,0,K,KCOIL_0_32-52,42,KCOIL,0,A,KCOIL_0_32-52,9.831,intra_mol
842,44,ECOIL,0,E,ECOIL_0_32-52,11,KCOIL,0,A,KCOIL_0_1-21,9.835,inter_mol
843,30,ECOIL,0,G,linker,36,ECOIL,0,L,ECOIL_0_32-52,9.837,intra_mol
844,47,ECOIL,0,I,ECOIL_0_32-52,7,KCOIL,0,E,KCOIL_0_1-21,9.839,inter_mol
845,45,ECOIL,0,K,ECOIL_0_32-52,44,KCOIL,0,K,KCOIL_0_32-52,9.848,inter_mol
846,30,KCOIL,0,G,linker,35,KCOIL,0,A,KCOIL_0_32-52,9.849,intra_mol
847,9,ECOIL,0,I,ECOIL_0_1-21,7,KCOIL,0,E,KCOIL_0_1-21,9.855,inter_mol
848,9,ECOIL,0,I,ECOIL_0_1-21,47,ECOIL,0,I,ECOIL_0_32-52,9.857,intra_mol
849,43,ECOIL,0,L,ECOIL_0_32-52,45,KCOIL,0,E,KCOIL_0_32-52,9.860,inter_mol
850,32,KCOIL,0,K,KCOIL_0_32-52,37,KCOIL,0,K,KCOIL_0_32-52,9.869,intra_mol
851,12,ECOIL,0,L,ECOIL_0_1-21,43,ECOIL,0,L,ECOIL_0_32-52,9.869,intra_mol
852,5,ECOIL,0,L,ECOIL_0_1-21,9,KCOIL,0,I,KCOIL_0_1-21,9.875,inter_mol
853,1,ECOIL,0,E,ECOIL_0_1-21,48,KCOIL,0,A,KCOIL_0_32-52,9.876,inter_mol
854,42,KCOIL,0,A,KCOIL_0_32-52,48,KCOIL,0,A,KCOIL_0_32-52,9.880,intra_mol
855,9,ECOIL,0,I,ECOIL_0_1-21,42,KCOIL,0,A,KCOIL_0_32-52,9.880,inter_mol
856,2,ECOIL,0,I,ECOIL_0_1-21,49,KCOIL,0,A,KCOIL_0_32-52,9.881,inter_mol
857,40,ECOIL,0,I,ECOIL_0_32-52,41,KCOIL,0,A,KCOIL_0_32-52,9.882,inter_mol
858,41,KCOIL,0,A,KCOIL_0_32-52,47,KCOIL,0,I,KCOIL_0_32-52,9.883,intra_mol
859,16,ECOIL,0,I,ECOIL_0_1-21,14,KCOIL,0,E,KCOIL_0_1-21,9.892,inter_mol
860,5,ECOIL,0,L,ECOIL_0_1-21,1,KCOIL,0,K,KCOIL_0_1-21,9.902,inter_mol
861,44,KCOIL,0,K,KCOIL_0_32-52,49,KCOIL,0,A,KCOIL_0_32-52,9.911,intra_mol
862,44,ECOIL,0,E,ECOIL_0_32-52,7,KCOIL,0,E,KCOIL_0_1-21,9.914,inter_mol
863,32,KCOIL,0,K,KCOIL_0_32-52,39,KCOIL,0,K,KCOIL_0_32-52,9.914,intra_mol
864,2,ECOIL,0,I,ECOIL_0_1-21,7,ECOIL,0,K,ECOIL_0_1-21,9.922,intra_mol
865,35,KCOIL,0,A,KCOIL_0_32-52,41,KCOIL,0,A,KCOIL_0_32-52,9.928,intra_mol
866,21,ECOIL,0,K,ECOIL_0_1-21,19,KCOIL,0,L,KCOIL_0_1-21,9.929,inter_mol
867,25,ECOIL,0,G,linker,34,ECOIL,0,A,ECOIL_0_32-52,9.929,intra_mol
868,40,ECOIL,0,I,ECOIL_0_32-52,14,KCOIL,0,E,KCOIL_0_1-21,9.933,inter_mol
869,15,ECOIL,0,E,ECOIL_0_1-21,20,ECOIL,0,E,ECOIL_0_1-21,9.934,intra_mol
870,23,ECOIL,0,G,linker,26,ECOIL,0,G,linker,9.943,intra_mol
871,5,ECOIL,0,L,ECOIL_0_1-21,44,KCOIL,0,K,KCOIL_0_32-52,9.945,inter_mol
872,16,ECOIL,0,I,ECOIL_0_1-21,40,ECOIL,0,I,ECOIL_0_32-52,9.949,intra_mol
873,10,ECOIL,0,A,ECOIL_0_1-21,43,KCOIL,0,L,KCOIL_0_32-52,9.951,inter_mol
874,19,ECOIL,0,L,ECOIL_0_1-21,25,KCOIL,0,G,linker,9.954,inter_mol
875,12,ECOIL,0,L,ECOIL_0_1-21,16,KCOIL,0,I,KCOIL_0_1-21,9.958,inter_mol
876,33,ECOIL,0,I,ECOIL_0_32-52,38,ECOIL,0,K,ECOIL_0_32-52,9.963,intra_mol
877,36,ECOIL,0,L,ECOIL_0_32-52,41,KCOIL,0,A,KCOIL_0_32-52,9.964,inter_mol
878,35,ECOIL,0,A,ECOIL_0_32-52,34,KCOIL,0,A,KCOIL_0_32-52,9.977,inter_mol
879,45,ECOIL,0,K,ECOIL_0_32-52,47,KCOIL,0,I,KCOIL_0_32-52,9.996,inter_mol
880,46,ECOIL,0,E,ECOIL_0_32-52,45,KCOIL,0,E,KCOIL_0_32-52,9.998,inter_mol
881,13,ECOIL,0,E,ECOIL_0_1-21,36,KCOIL,0,L,KCOIL_0_32-52,10.010,inter_mol
882,19,ECOIL,0,L,ECOIL_0_1-21,24,KCOIL,0,S,linker,10.018,inter_mol
883,14,ECOIL,0,K,ECOIL_0_1-21,36,KCOIL,0,L,KCOIL_0_32-52,10.021,inter_mol
884,9,ECOIL,0,I,ECOIL_0_1-21,47,KCOIL,0,I,KCOIL_0_32-52,10.026,inter_mol
885,3,ECOIL,0,A,ECOIL_0_1-21,2,KCOIL,0,I,KCOIL_0_1-21,10.032,inter_mol
886,4,ECOIL,0,A,ECOIL_0_1-21,42,KCOIL,0,A,KCOIL_0_32-52,10.033,inter_mol
887,45,ECOIL,0,K,ECOIL_0_32-52,51,KCOIL,0,K,KCOIL_0_32-52,10.035,inter_mol
888,15,ECOIL,0,E,ECOIL_0_1-21,40,KCOIL,0,I,KCOIL_0_32-52,10.038,inter_mol
889,45,ECOIL,0,K,ECOIL_0_32-52,6,KCOIL,0,K,KCOIL_0_1-21,10.039,inter_mol
890,4,ECOIL,0,A,ECOIL_0_1-21,50,KCOIL,0,L,KCOIL_0_32-52,10.044,inter_mol
891,46,ECOIL,0,E,ECOIL_0_32-52,51,ECOIL,0,E,ECOIL_0_32-52,10.047,intra_mol
892,27,KCOIL,0,G,linker,33,KCOIL,0,I,KCOIL_0_32-52,10.049,intra_mol
893,37,ECOIL,0,E,ECOIL_0_32-52,12,KCOIL,0,L,KCOIL_0_1-21,10.050,inter_mol
894,7,ECOIL,0,K,ECOIL_0_1-21,43,KCOIL,0,L,KCOIL_0_32-52,10.051,inter_mol
895,45,ECOIL,0,K,ECOIL_0_32-52,50,ECOIL,0,L,ECOIL_0_32-52,10.056,intra_mol
896,13,ECOIL,0,E,ECOIL_0_1-21,16,KCOIL,0,I,KCOIL_0_1-21,10.060,inter_mol
897,50,ECOIL,0,L,ECOIL_0_32-52,52,KCOIL,0,E,KCOIL_0_32-52,10.061,inter_mol
898,47,ECOIL,0,I,ECOIL_0_32-52,44,KCOIL,0,K,KCOIL_0_32-52,10.066,inter_mol
899,6,ECOIL,0,E,ECOIL_0_1-21,43,KCOIL,0,L,KCOIL_0_32-52,10.067,inter_mol
900,16,KCOIL,0,I,KCOIL_0_1-21,23,KCOIL,0,G,linker,10.067,intra_mol
901,1,KCOIL,0,K,KCOIL_0_1-21,7,KCOIL,0,E,KCOIL_0_1-21,10.069,intra_mol
902,12,ECOIL,0,L,ECOIL_0_1-21,32,KCOIL,0,K,KCOIL_0_32-52,10.071,inter_mol
903,16,ECOIL,0,I,ECOIL_0_1-21,40,KCOIL,0,I,KCOIL_0_32-52,10.076,inter_mol
904,14,ECOIL,0,K,ECOIL_0_1-21,12,KCOIL,0,L,KCOIL_0_1-21,10.079,inter_mol
905,5,ECOIL,0,L,ECOIL_0_1-21,45,KCOIL,0,E,KCOIL_0_32-52,10.090,inter_mol
906,32,ECOIL,0,E,ECOIL_0_32-52,35,KCOIL,0,A,KCOIL_0_32-52,10.100,inter_mol
907,38,ECOIL,0,K,ECOIL_0_32-52,40,KCOIL,0,I,KCOIL_0_32-52,10.104,inter_mol
908,32,ECOIL,0,E,ECOIL_0_32-52,31,KCOIL,0,G,linker,10.116,inter_mol
909,14,ECOIL,0,K,ECOIL_0_1-21,19,ECOIL,0,L,ECOIL_0_1-21,10.124,intra_mol
910,14,ECOIL,0,K,ECOIL_0_1-21,15,KCOIL,0,K,KCOIL_0_1-21,10.130,inter_mol
911,32,ECOIL,0,E,ECOIL_0_32-52,37,ECOIL,0,E,ECOIL_0_32-52,10.134,intra_mol
912,46,ECOIL,0,E,ECOIL_0_32-52,9,KCOIL,0,I,KCOIL_0_1-21,10.140,inter_mol
913,16,KCOIL,0,I,KCOIL_0_1-21,22,KCOIL,0,G,linker,10.145,intra_mol
914,44,ECOIL,0,E,ECOIL_0_32-52,51,ECOIL,0,E,ECOIL_0_32-52,10.146,intra_mol
915,24,ECOIL,0,S,linker,18,KCOIL,0,A,KCOIL_0_1-21,10.147,inter_mol
916,9,ECOIL,0,I,ECOIL_0_1-21,14,ECOIL,0,K,ECOIL_0_1-21,10.148,intra_mol
917,7,KCOIL,0,E,KCOIL_0_1-21,12,KCOIL,0,L,KCOIL_0_1-21,10.156,intra_mol
918,48,ECOIL,0,A,ECOIL_0_32-52,9,KCOIL,0,I,KCOIL_0_1-21,10.158,inter_mol
919,21,KCOIL,0,E,KCOIL_0_1-21,24,KCOIL,0,S,linker,10.159,intra_mol
920,19,ECOIL,0,L,ECOIL_0_1-21,32,ECOIL,0,E,ECOIL_0_32-52,10.162,intra_mol
921,29,ECOIL,0,G,linker,38,ECOIL,0,K,ECOIL_0_32-52,10.163,intra_mol
922,7,ECOIL,0,K,ECOIL_0_1-21,39,KCOIL,0,K,KCOIL_0_32-52,10.169,inter_mol
923,21,ECOIL,0,K,ECOIL_0_1-21,15,KCOIL,0,K,KCOIL_0_1-21,10.178,inter_mol
924,52,ECOIL,0,K,ECOIL_0_32-52,51,KCOIL,0,K,KCOIL_0_32-52,10.187,inter_mol
925,35,ECOIL,0,A,ECOIL_0_32-52,20,KCOIL,0,K,KCOIL_0_1-21,10.192,inter_mol
926,13,KCOIL,0,K,KCOIL_0_1-21,20,KCOIL,0,K,KCOIL_0_1-21,10.192,intra_mol
927,36,ECOIL,0,L,ECOIL_0_32-52,38,KCOIL,0,E,KCOIL_0_32-52,10.196,inter_mol
928,7,ECOIL,0,K,ECOIL_0_1-21,8,KCOIL,0,K,KCOIL_0_1-21,10.200,inter_mol
929,38,ECOIL,0,K,ECOIL_0_32-52,37,KCOIL,0,K,KCOIL_0_32-52,10.214,inter_mol
930,27,KCOIL,0,G,linker,32,KCOIL,0,K,KCOIL_0_32-52,10.215,intra_mol
931,22,ECOIL,0,G,linker,31,KCOIL,0,G,linker,10.218,inter_mol
932,25,ECOIL,0,G,linker,30,ECOIL,0,G,linker,10.218,intra_mol
933,40,ECOIL,0,I,ECOIL_0_32-52,37,KCOIL,0,K,KCOIL_0_32-52,10.218,inter_mol
934,7,ECOIL,0,K,ECOIL_0_1-21,5,KCOIL,0,L,KCOIL_0_1-21,10.221,inter_mol
935,26,ECOIL,0,G,linker,21,KCOIL,0,E,KCOIL_0_1-21,10.226,inter_mol
936,45,ECOIL,0,K,ECOIL_0_32-52,52,ECOIL,0,K,ECOIL_0_32-52,10.248,intra_mol
937,38,KCOIL,0,E,KCOIL_0_32-52,43,KCOIL,0,L,KCOIL_0_32-52,10.248,intra_mol
938,5,ECOIL,0,L,ECOIL_0_1-21,50,ECOIL,0,L,ECOIL_0_32-52,10.254,intra_mol
939,32,KCOIL,0,K,KCOIL_0_32-52,38,KCOIL,0,E,KCOIL_0_32-52,10.257,intra_mol
940,32,ECOIL,0,E,ECOIL_0_32-52,19,KCOIL,0,L,KCOIL_0_1-21,10.259,inter_mol
941,14,ECOIL,0,K,ECOIL_0_1-21,39,KCOIL,0,K,KCOIL_0_32-52,10.267,inter_mol
942,24,ECOIL,0,S,linker,31,ECOIL,0,G,linker,10.271,intra_mol
943,41,ECOIL,0,A,ECOIL_0_32-52,16,KCOIL,0,I,KCOIL_0_1-21,10.281,inter_mol
944,6,ECOIL,0,E,ECOIL_0_1-21,7,KCOIL,0,E,KCOIL_0_1-21,10.283,inter_mol
945,22,ECOIL,0,G,linker,33,KCOIL,0,I,KCOIL_0_32-52,10.293,inter_mol
946,5,KCOIL,0,L,KCOIL_0_1-21,50,KCOIL,0,L,KCOIL_0_32-52,10.294,intra_mol
947,45,ECOIL,0,K,ECOIL_0_32-52,9,KCOIL,0,I,KCOIL_0_1-21,10.295,inter_mol
948,19,KCOIL,0,L,KCOIL_0_1-21,25,KCOIL,0,G,linker,10.295,intra_mol
949,39,ECOIL,0,E,ECOIL_0_32-52,16,KCOIL,0,I,KCOIL_0_1-21,10.297,inter_mol
950,43,ECOIL,0,L,ECOIL_0_32-52,46,KCOIL,0,K,KCOIL_0_32-52,10.301,inter_mol
951,14,KCOIL,0,E,KCOIL_0_1-21,19,KCOIL,0,L,KCOIL_0_1-21,10.301,intra_mol
952,28,ECOIL,0,S,linker,35,ECOIL,0,A,ECOIL_0_32-52,10.303,intra_mol
953,40,ECOIL,0,I,ECOIL_0_32-52,15,KCOIL,0,K,KCOIL_0_1-21,10.309,inter_mol
954,46,ECOIL,0,E,ECOIL_0_32-52,2,KCOIL,0,I,KCOIL_0_1-21,10.309,inter_mol
955,19,ECOIL,0,L,ECOIL_0_1-21,27,KCOIL,0,G,linker,10.312,inter_mol
956,15,ECOIL,0,E,ECOIL_0_1-21,15,KCOIL,0,K,KCOIL_0_1-21,10.318,inter_mol
957,8,ECOIL,0,E,ECOIL_0_1-21,8,KCOIL,0,K,KCOIL_0_1-21,10.320,inter_mol
958,9,KCOIL,0,I,KCOIL_0_1-21,47,KCOIL,0,I,KCOIL_0_32-52,10.321,intra_mol
959,40,ECOIL,0,I,ECOIL_0_32-52,17,KCOIL,0,A,KCOIL_0_1-21,10.326,inter_mol
960,33,ECOIL,0,I,ECOIL_0_32-52,21,KCOIL,0,E,KCOIL_0_1-21,10.331,inter_mol
961,44,KCOIL,0,K,KCOIL_0_32-52,51,KCOIL,0,K,KCOIL_0_32-52,10.335,intra_mol
962,8,ECOIL,0,E,ECOIL_0_1-21,47,KCOIL,0,I,KCOIL_0_32-52,10.336,inter_mol
963,20,ECOIL,0,E,ECOIL_0_1-21,21,KCOIL,0,E,KCOIL_0_1-21,10.336,inter_mol
964,15,ECOIL,0,E,ECOIL_0_1-21,38,KCOIL,0,E,KCOIL_0_32-52,10.343,inter_mol
965,39,ECOIL,0,E,ECOIL_0_32-52,9,KCOIL,0,I,KCOIL_0_1-21,10.344,inter_mol
966,20,ECOIL,0,E,ECOIL_0_1-21,14,KCOIL,0,E,KCOIL_0_1-21,10.344,inter_mol
967,47,ECOIL,0,I,ECOIL_0_32-52,10,KCOIL,0,A,KCOIL_0_1-21,10.354,inter_mol
968,39,ECOIL,0,E,ECOIL_0_32-52,38,KCOIL,0,E,KCOIL_0_32-52,10.356,inter_mol
969,1,ECOIL,0,E,ECOIL_0_1-21,8,ECOIL,0,E,ECOIL_0_1-21,10.363,intra_mol
970,47,ECOIL,0,I,ECOIL_0_32-52,8,KCOIL,0,K,KCOIL_0_1-21,10.364,inter_mol
971,39,ECOIL,0,E,ECOIL_0_32-52,44,ECOIL,0,E,ECOIL_0_32-52,10.366,intra_mol
972,17,ECOIL,0,A,ECOIL_0_1-21,23,ECOIL,0,G,linker,10.367,intra_mol
973,43,KCOIL,0,L,KCOIL_0_32-52,49,KCOIL,0,A,KCOIL_0_32-52,10.367,intra_mol
974,9,KCOIL,0,I,KCOIL_0_1-21,15,KCOIL,0,K,KCOIL_0_1-21,10.373,intra_mol
975,2,ECOIL,0,I,ECOIL_0_1-21,9,ECOIL,0,I,ECOIL_0_1-21,10.375,intra_mol
976,6,KCOIL,0,K,KCOIL_0_1-21,13,KCOIL,0,K,KCOIL_0_1-21,10.384,intra_mol
977,27,ECOIL,0,G,linker,18,KCOIL,0,A,KCOIL_0_1-21,10.391,inter_mol
978,36,KCOIL,0,L,KCOIL_0_32-52,42,KCOIL,0,A,KCOIL_0_32-52,10.392,intra_mol
979,28,ECOIL,0,S,linker,32,ECOIL,0,E,ECOIL_0_32-52,10.395,intra_mol
980,9,ECOIL,0,I,ECOIL_0_1-21,46,KCOIL,0,K,KCOIL_0_32-52,10.395,inter_mol
981,15,ECOIL,0,E,ECOIL_0_1-21,37,KCOIL,0,K,KCOIL_0_32-52,10.396,inter_mol
982,33,ECOIL,0,I,ECOIL_0_32-52,34,KCOIL,0,A,KCOIL_0_32-52,10.396,inter_mol
983,38,ECOIL,0,K,ECOIL_0_32-52,13,KCOIL,0,K,KCOIL_0_1-21,10.401,inter_mol
984,20,KCOIL,0,K,KCOIL_0_1-21,24,KCOIL,0,S,linker,10.411,intra_mol
985,9,KCOIL,0,I,KCOIL_0_1-21,16,KCOIL,0,I,KCOIL_0_1-21,10.415,intra_mol
986,40,ECOIL,0,I,ECOIL_0_32-52,46,ECOIL,0,E,ECOIL_0_32-52,10.422,intra_mol
987,26,KCOIL,0,G,linker,31,KCOIL,0,G,linker,10.423,intra_mol
988,1,ECOIL,0,E,ECOIL_0_1-21,7,ECOIL,0,K,ECOIL_0_1-21,10.425,intra_mol
989,36,KCOIL,0,L,KCOIL_0_32-52,43,KCOIL,0,L,KCOIL_0_32-52,10.425,intra_mol
990,9,ECOIL,0,I,ECOIL_0_1-21,6,KCOIL,0,K,KCOIL_0_1-21,10.427,inter_mol
991,46,ECOIL,0,E,ECOIL_0_32-52,6,KCOIL,0,K,KCOIL_0_1-21,10.427,inter_mol
992,46,ECOIL,0,E,ECOIL_0_32-52,5,KCOIL,0,L,KCOIL_0_1-21,10.443,inter_mol
993,16,ECOIL,0,I,ECOIL_0_1-21,39,KCOIL,0,K,KCOIL_0_32-52,10.444,inter_mol
994,12,KCOIL,0,L,KCOIL_0_1-21,18,KCOIL,0,A,KCOIL_0_1-21,10.454,intra_mol
995,33,KCOIL,0,I,KCOIL_0_32-52,40,KCOIL,0,I,KCOIL_0_32-52,10.454,intra_mol
996,15,KCOIL,0,K,KCOIL_0_1-21,20,KCOIL,0,K,KCOIL_0_1-21,10.458,intra_mol
997,3,ECOIL,0,A,ECOIL_0_1-21,50,KCOIL,0,L,KCOIL_0_32-52,10.460,inter_mol
998,44,ECOIL,0,E,ECOIL_0_32-52,47,KCOIL,0,I,KCOIL_0_32-52,10.464,inter_mol
999,27,ECOIL,0,G,linker,33,KCOIL,0,I,KCOIL_0_32-52,10.467,inter_mol
1000,8,ECOIL,0,E,ECOIL_0_1-21,13,ECOIL,0,E,ECOIL_0_1-21,10.468,intra_mol
1001,7,ECOIL,0,K,ECOIL_0_1-21,46,KCOIL,0,K,KCOIL_0_32-52,10.469,inter_mol
1002,16,ECOIL,0,I,ECOIL_0_1-21,13,KCOIL,0,K,KCOIL_0_1-21,10.469,inter_mol
1003,3,KCOIL,0,A,KCOIL_0_1-21,10,KCOIL,0,A,KCOIL_0_1-21,10.472,intra_mol
1004,4,ECOIL,0,A,ECOIL_0_1-21,1,KCOIL,0,K,KCOIL_0_1-21,10.478,inter_mol
1005,38,ECOIL,0,K,ECOIL_0_32-52,44,KCOIL,0,K,KCOIL_0_32-52,10.481,inter_mol
1006,8,KCOIL,0,K,KCOIL_0_1-21,15,KCOIL,0,K,KCOIL_0_1-21,10.483,intra_mol
1007,16,KCOIL,0,I,KCOIL_0_1-21,40,KCOIL,0,I,KCOIL_0_32-52,10.485,intra_mol
1008,20,ECOIL,0,E,ECOIL_0_1-21,12,KCOIL,0,L,KCOIL_0_1-21,10.487,inter_mol
1009,31,KCOIL,0,G,linker,37,KCOIL,0,K,KCOIL_0_32-52,10.487,intra_mol
1010,39,ECOIL,0,E,ECOIL_0_32-52,46,ECOIL,0,E,ECOIL_0_32-52,10.491,intra_mol
1011,20,ECOIL,0,E,ECOIL_0_1-21,20,KCOIL,0,K,KCOIL_0_1-21,10.492,inter_mol
1012,42,ECOIL,0,A,ECOIL_0_32-52,48,KCOIL,0,A,KCOIL_0_32-52,10.498,inter_mol
1013,32,ECOIL,0,E,ECOIL_0_32-52,16,KCOIL,0,I,KCOIL_0_1-21,10.501,inter_mol
1014,38,ECOIL,0,K,ECOIL_0_32-52,16,KCOIL,0,I,KCOIL_0_1-21,10.502,inter_mol
1015,6,ECOIL,0,E,ECOIL_0_1-21,9,KCOIL,0,I,KCOIL_0_1-21,10.503,inter_mol
1016,8,KCOIL,0,K,KCOIL_0_1-21,14,KCOIL,0,E,KCOIL_0_1-21,10.503,intra_mol
1017,40,ECOIL,0,I,ECOIL_0_32-52,47,ECOIL,0,I,ECOIL_0_32-52,10.504,intra_mol
1018,36,ECOIL,0,L,ECOIL_0_32-52,43,ECOIL,0,L,ECOIL_0_32-52,10.507,intra_mol
1019,17,ECOIL,0,A,ECOIL_0_1-21,11,KCOIL,0,A,KCOIL_0_1-21,10.509,inter_mol
1020,5,KCOIL,0,L,KCOIL_0_1-21,12,KCOIL,0,L,KCOIL_0_1-21,10.509,intra_mol
1021,51,ECOIL,0,E,ECOIL_0_32-52,1,KCOIL,0,K,KCOIL_0_1-21,10.510,inter_mol
1022,12,ECOIL,0,L,ECOIL_0_1-21,18,ECOIL,0,A,ECOIL_0_1-21,10.512,intra_mol
1023,23,ECOIL,0,G,linker,33,ECOIL,0,I,ECOIL_0_32-52,10.514,intra_mol
1024,18,ECOIL,0,A,ECOIL_0_1-21,35,KCOIL,0,A,KCOIL_0_32-52,10.515,inter_mol
1025,12,ECOIL,0,L,ECOIL_0_1-21,39,ECOIL,0,E,ECOIL_0_32-52,10.517,intra_mol
1026,9,ECOIL,0,I,ECOIL_0_1-21,36,KCOIL,0,L,KCOIL_0_32-52,10.525,inter_mol
1027,25,ECOIL,0,G,linker,29,ECOIL,0,G,linker,10.526,intra_mol
1028,14,ECOIL,0,K,ECOIL_0_1-21,20,ECOIL,0,E,ECOIL_0_1-21,10.533,intra_mol
1029,18,KCOIL,0,A,KCOIL_0_1-21,24,KCOIL,0,S,linker,10.533,intra_mol
1030,10,KCOIL,0,A,KCOIL_0_1-21,17,KCOIL,0,A,KCOIL_0_1-21,10.536,intra_mol
1031,5,KCOIL,0,L,KCOIL_0_1-21,11,KCOIL,0,A,KCOIL_0_1-21,10.542,intra_mol
1032,12,KCOIL,0,L,KCOIL_0_1-21,43,KCOIL,0,L,KCOIL_0_32-52,10.545,intra_mol
1033,5,ECOIL,0,L,ECOIL_0_1-21,46,ECOIL,0,E,ECOIL_0_32-52,10.546,intra_mol
1034,2,KCOIL,0,I,KCOIL_0_1-21,9,KCOIL,0,I,KCOIL_0_1-21,10.546,intra_mol
1035,5,ECOIL,0,L,ECOIL_0_1-21,12,ECOIL,0,L,ECOIL_0_1-21,10.549,intra_mol
1036,45,KCOIL,0,E,KCOIL_0_32-52,50,KCOIL,0,L,KCOIL_0_32-52,10.550,intra_mol
1037,44,ECOIL,0,E,ECOIL_0_32-52,3,KCOIL,0,A,KCOIL_0_1-21,10.557,inter_mol
1038,36,ECOIL,0,L,ECOIL_0_32-52,39,KCOIL,0,K,KCOIL_0_32-52,10.563,inter_mol
1039,20,ECOIL,0,E,ECOIL_0_1-21,24,KCOIL,0,S,linker,10.563,inter_mol
1040,41,ECOIL,0,A,ECOIL_0_32-52,48,ECOIL,0,A,ECOIL_0_32-52,10.565,intra_mol
1041,20,ECOIL,0,E,ECOIL_0_1-21,33,ECOIL,0,I,ECOIL_0_32-52,10.572,intra_mol
1042,37,ECOIL,0,E,ECOIL_0_32-52,40,KCOIL,0,I,KCOIL_0_32-52,10.576,inter_mol
1043,12,ECOIL,0,L,ECOIL_0_1-21,33,KCOIL,0,I,KCOIL_0_32-52,10.576,inter_mol
1044,21,ECOIL,0,K,ECOIL_0_1-21,22,KCOIL,0,G,linker,10.578,inter_mol
1045,39,ECOIL,0,E,ECOIL_0_32-52,13,KCOIL,0,K,KCOIL_0_1-21,10.578,inter_mol
1046,37,ECOIL,0,E,ECOIL_0_32-52,18,KCOIL,0,A,KCOIL_0_1-21,10.580,inter_mol
1047,46,ECOIL,0,E,ECOIL_0_32-52,52,ECOIL,0,K,ECOIL_0_32-52,10.584,intra_mol
1048,24,ECOIL,0,S,linker,28,KCOIL,0,S,linker,10.591,inter_mol
1049,3,ECOIL,0,A,ECOIL_0_1-21,10,ECOIL,0,A,ECOIL_0_1-21,10.596,intra_mol
1050,22,ECOIL,0,G,linker,18,KCOIL,0,A,KCOIL_0_1-21,10.598,inter_mol
1051,28,ECOIL,0,S,linker,17,KCOIL,0,A,KCOIL_0_1-21,10.599,inter_mol
1052,8,ECOIL,0,E,ECOIL_0_1-21,36,KCOIL,0,L,KCOIL_0_32-52,10.600,inter_mol
1053,9,ECOIL,0,I,ECOIL_0_1-21,16,ECOIL,0,I,ECOIL_0_1-21,10.601,intra_mol
1054,21,ECOIL,0,K,ECOIL_0_1-21,18,KCOIL,0,A,KCOIL_0_1-21,10.603,inter_mol
1055,28,ECOIL,0,S,linker,19,KCOIL,0,L,KCOIL_0_1-21,10.605,inter_mol
1056,8,ECOIL,0,E,ECOIL_0_1-21,15,ECOIL,0,E,ECOIL_0_1-21,10.608,intra_mol
1057,12,ECOIL,0,L,ECOIL_0_1-21,19,ECOIL,0,L,ECOIL_0_1-21,10.610,intra_mol
1058,33,ECOIL,0,I,ECOIL_0_32-52,24,KCOIL,0,S,linker,10.612,inter_mol
1059,43,ECOIL,0,L,ECOIL_0_32-52,49,ECOIL,0,A,ECOIL_0_32-52,10.612,intra_mol
1060,35,ECOIL,0,A,ECOIL_0_32-52,42,ECOIL,0,A,ECOIL_0_32-52,10.614,intra_mol
1061,40,KCOIL,0,I,KCOIL_0_32-52,46,KCOIL,0,K,KCOIL_0_32-52,10.619,intra_mol
1062,10,ECOIL,0,A,ECOIL_0_1-21,4,KCOIL,0,A,KCOIL_0_1-21,10.622,inter_mol
1063,2,ECOIL,0,I,ECOIL_0_1-21,8,ECOIL,0,E,ECOIL_0_1-21,10.623,intra_mol
1064,39,ECOIL,0,E,ECOIL_0_32-52,12,KCOIL,0,L,KCOIL_0_1-21,10.627,inter_mol
1065,25,ECOIL,0,G,linker,30,KCOIL,0,G,linker,10.627,inter_mol
1066,36,ECOIL,0,L,ECOIL_0_32-52,42,ECOIL,0,A,ECOIL_0_32-52,10.631,intra_mol
1067,42,ECOIL,0,A,ECOIL_0_32-52,49,ECOIL,0,A,ECOIL_0_32-52,10.632,intra_mol
1068,5,ECOIL,0,L,ECOIL_0_1-21,11,ECOIL,0,A,ECOIL_0_1-21,10.633,intra_mol
1069,12,ECOIL,0,L,ECOIL_0_1-21,34,KCOIL,0,A,KCOIL_0_32-52,10.635,inter_mol
1070,11,KCOIL,0,A,KCOIL_0_1-21,18,KCOIL,0,A,KCOIL_0_1-21,10.635,intra_mol
1071,4,KCOIL,0,A,KCOIL_0_1-21,11,KCOIL,0,A,KCOIL_0_1-21,10.640,intra_mol
1072,30,ECOIL,0,G,linker,20,KCOIL,0,K,KCOIL_0_1-21,10.641,inter_mol
1073,12,KCOIL,0,L,KCOIL_0_1-21,19,KCOIL,0,L,KCOIL_0_1-21,10.643,intra_mol
1074,8,ECOIL,0,E,ECOIL_0_1-21,43,ECOIL,0,L,ECOIL_0_32-52,10.648,intra_mol
1075,1,ECOIL,0,E,ECOIL_0_1-21,43,KCOIL,0,L,KCOIL_0_32-52,10.651,inter_mol
1076,9,ECOIL,0,I,ECOIL_0_1-21,15,ECOIL,0,E,ECOIL_0_1-21,10.652,intra_mol
1077,4,ECOIL,0,A,ECOIL_0_1-21,11,ECOIL,0,A,ECOIL_0_1-21,10.652,intra_mol
1078,14,ECOIL,0,K,ECOIL_0_1-21,21,ECOIL,0,K,ECOIL_0_1-21,10.659,intra_mol
1079,33,KCOIL,0,I,KCOIL_0_32-52,39,KCOIL,0,K,KCOIL_0_32-52,10.661,intra_mol
1080,51,ECOIL,0,E,ECOIL_0_32-52,51,KCOIL,0,K,KCOIL_0_32-52,10.667,inter_mol
1081,5,ECOIL,0,L,ECOIL_0_1-21,40,KCOIL,0,I,KCOIL_0_32-52,10.670,inter_mol
1082,10,ECOIL,0,A,ECOIL_0_1-21,17,ECOIL,0,A,ECOIL_0_1-21,10.672,intra_mol
1083,44,ECOIL,0,E,ECOIL_0_32-52,8,KCOIL,0,K,KCOIL_0_1-21,10.673,inter_mol
1084,20,ECOIL,0,E,ECOIL_0_1-21,32,KCOIL,0,K,KCOIL_0_32-52,10.675,inter_mol
1085,41,ECOIL,0,A,ECOIL_0_32-52,6,KCOIL,0,K,KCOIL_0_1-21,10.678,inter_mol
1086,41,KCOIL,0,A,KCOIL_0_32-52,48,KCOIL,0,A,KCOIL_0_32-52,10.678,intra_mol
1087,34,KCOIL,0,A,KCOIL_0_32-52,41,KCOIL,0,A,KCOIL_0_32-52,10.679,intra_mol
1088,34,ECOIL,0,A,ECOIL_0_32-52,41,ECOIL,0,A,ECOIL_0_32-52,10.685,intra_mol
1089,46,ECOIL,0,E,ECOIL_0_32-52,46,KCOIL,0,K,KCOIL_0_32-52,10.688,inter_mol
1090,39,ECOIL,0,E,ECOIL_0_32-52,45,ECOIL,0,K,ECOIL_0_32-52,10.689,intra_mol
1091,19,KCOIL,0,L,KCOIL_0_1-21,36,KCOIL,0,L,KCOIL_0_32-52,10.689,intra_mol
1092,40,KCOIL,0,I,KCOIL_0_32-52,47,KCOIL,0,I,KCOIL_0_32-52,10.691,intra_mol
1093,33,ECOIL,0,I,ECOIL_0_32-52,40,ECOIL,0,I,ECOIL_0_32-52,10.693,intra_mol
1094,43,KCOIL,0,L,KCOIL_0_32-52,50,KCOIL,0,L,KCOIL_0_32-52,10.696,intra_mol
1095,40,ECOIL,0,I,ECOIL_0_32-52,8,KCOIL,0,K,KCOIL_0_1-21,10.699,inter_mol
1096,2,KCOIL,0,I,KCOIL_0_1-21,8,KCOIL,0,K,KCOIL_0_1-21,10.699,intra_mol
1097,45,ECOIL,0,K,ECOIL_0_32-52,51,ECOIL,0,E,ECOIL_0_32-52,10.703,intra_mol
1098,39,KCOIL,0,K,KCOIL_0_32-52,44,KCOIL,0,K,KCOIL_0_32-52,10.704,intra_mol
1099,8,ECOIL,0,E,ECOIL_0_1-21,45,KCOIL,0,E,KCOIL_0_32-52,10.706,inter_mol
1100,39,KCOIL,0,K,KCOIL_0_32-52,46,KCOIL,0,K,KCOIL_0_32-52,10.708,intra_mol
1101,10,ECOIL,0,A,ECOIL_0_1-21,40,KCOIL,0,I,KCOIL_0_32-52,10.709,inter_mol
1102,17,ECOIL,0,A,ECOIL_0_1-21,33,KCOIL,0,I,KCOIL_0_32-52,10.710,inter_mol
1103,1,KCOIL,0,K,KCOIL_0_1-21,8,KCOIL,0,K,KCOIL_0_1-21,10.710,intra_mol
1104,48,ECOIL,0,A,ECOIL_0_32-52,50,KCOIL,0,L,KCOIL_0_32-52,10.715,inter_mol
1105,19,ECOIL,0,L,ECOIL_0_1-21,17,KCOIL,0,A,KCOIL_0_1-21,10.717,inter_mol
1106,32,ECOIL,0,E,ECOIL_0_32-52,32,KCOIL,0,K,KCOIL_0_32-52,10.729,inter_mol
1107,15,ECOIL,0,E,ECOIL_0_1-21,36,ECOIL,0,L,ECOIL_0_32-52,10.737,intra_mol
1108,15,ECOIL,0,E,ECOIL_0_1-21,30,KCOIL,0,G,linker,10.744,inter_mol
1109,19,ECOIL,0,L,ECOIL_0_1-21,26,KCOIL,0,G,linker,10.746,inter_mol
1110,33,ECOIL,0,I,ECOIL_0_32-52,39,ECOIL,0,E,ECOIL_0_32-52,10.751,intra_mol
1111,35,KCOIL,0,A,KCOIL_0_32-52,42,KCOIL,0,A,KCOIL_0_32-52,10.753,intra_mol
1112,37,ECOIL,0,E,ECOIL_0_32-52,37,KCOIL,0,K,KCOIL_0_32-52,10.758,inter_mol
1113,8,KCOIL,0,K,KCOIL_0_1-21,13,KCOIL,0,K,KCOIL_0_1-21,10.759,intra_mol
1114,37,KCOIL,0,K,KCOIL_0_32-52,44,KCOIL,0,K,KCOIL_0_32-52,10.760,intra_mol
1115,51,ECOIL,0,E,ECOIL_0_32-52,50,KCOIL,0,L,KCOIL_0_32-52,10.760,inter_mol
1116,16,ECOIL,0,I,ECOIL_0_1-21,24,ECOIL,0,S,linker,10.761,intra_mol
1117,2,ECOIL,0,I,ECOIL_0_1-21,43,KCOIL,0,L,KCOIL_0_32-52,10.765,inter_mol
1118,31,KCOIL,0,G,linker,38,KCOIL,0,E,KCOIL_0_32-52,10.766,intra_mol
1119,14,KCOIL,0,E,KCOIL_0_1-21,20,KCOIL,0,K,KCOIL_0_1-21,10.770,intra_mol
1120,22,ECOIL,0,G,linker,29,KCOIL,0,G,linker,10.775,inter_mol
1121,1,KCOIL,0,K,KCOIL_0_1-21,6,KCOIL,0,K,KCOIL_0_1-21,10.775,intra_mol
1122,38,ECOIL,0,K,ECOIL_0_32-52,45,ECOIL,0,K,ECOIL_0_32-52,10.775,intra_mol
1123,46,ECOIL,0,E,ECOIL_0_32-52,52,KCOIL,0,E,KCOIL_0_32-52,10.795,inter_mol
1124,39,ECOIL,0,E,ECOIL_0_32-52,45,KCOIL,0,E,KCOIL_0_32-52,10.796,inter_mol
1125,24,ECOIL,0,S,linker,16,KCOIL,0,I,KCOIL_0_1-21,10.798,inter_mol
1126,44,ECOIL,0,E,ECOIL_0_32-52,44,KCOIL,0,K,KCOIL_0_32-52,10.798,inter_mol
1127,7,KCOIL,0,E,KCOIL_0_1-21,14,KCOIL,0,E,KCOIL_0_1-21,10.803,intra_mol
1128,6,ECOIL,0,E,ECOIL_0_1-21,46,KCOIL,0,K,KCOIL_0_32-52,10.804,inter_mol
1129,9,KCOIL,0,I,KCOIL_0_1-21,44,KCOIL,0,K,KCOIL_0_32-52,10.804,intra_mol
1130,11,ECOIL,0,A,ECOIL_0_1-21,18,ECOIL,0,A,ECOIL_0_1-21,10.805,intra_mol
1131,16,ECOIL,0,I,ECOIL_0_1-21,34,KCOIL,0,A,KCOIL_0_32-52,10.812,inter_mol
1132,13,ECOIL,0,E,ECOIL_0_1-21,40,ECOIL,0,I,ECOIL_0_32-52,10.817,intra_mol
1133,43,ECOIL,0,L,ECOIL_0_32-52,8,KCOIL,0,K,KCOIL_0_1-21,10.824,inter_mol
1134,39,ECOIL,0,E,ECOIL_0_32-52,39,KCOIL,0,K,KCOIL_0_32-52,10.830,inter_mol
1135,8,ECOIL,0,E,ECOIL_0_1-21,44,KCOIL,0,K,KCOIL_0_32-52,10.842,inter_mol
1136,37,ECOIL,0,E,ECOIL_0_32-52,43,ECOIL,0,L,ECOIL_0_32-52,10.847,intra_mol
1137,16,ECOIL,0,I,ECOIL_0_1-21,37,KCOIL,0,K,KCOIL_0_32-52,10.851,inter_mol
1138,46,KCOIL,0,K,KCOIL_0_32-52,51,KCOIL,0,K,KCOIL_0_32-52,10.853,intra_mol
1139,44,ECOIL,0,E,ECOIL_0_32-52,2,KCOIL,0,I,KCOIL_0_1-21,10.856,inter_mol
1140,11,ECOIL,0,A,ECOIL_0_1-21,32,KCOIL,0,K,KCOIL_0_32-52,10.859,inter_mol
1141,52,ECOIL,0,K,ECOIL_0_32-52,6,KCOIL,0,K,KCOIL_0_1-21,10.865,inter_mol
1142,9,ECOIL,0,I,ECOIL_0_1-21,41,KCOIL,0,A,KCOIL_0_32-52,10.866,inter_mol
1143,9,ECOIL,0,I,ECOIL_0_1-21,44,ECOIL,0,E,ECOIL_0_32-52,10.874,intra_mol
1144,26,ECOIL,0,G,linker,33,KCOIL,0,I,KCOIL_0_32-52,10.876,inter_mol
1145,35,ECOIL,0,A,ECOIL_0_32-52,41,KCOIL,0,A,KCOIL_0_32-52,10.880,inter_mol
1146,32,ECOIL,0,E,ECOIL_0_32-52,20,KCOIL,0,K,KCOIL_0_1-21,10.884,inter_mol
1147,36,ECOIL,0,L,ECOIL_0_32-52,15,KCOIL,0,K,KCOIL_0_1-21,10.885,inter_mol
1148,10,ECOIL,0,A,ECOIL_0_1-21,36,KCOIL,0,L,KCOIL_0_32-52,10.889,inter_mol
1149,45,KCOIL,0,E,KCOIL_0_32-52,51,KCOIL,0,K,KCOIL_0_32-52,10.894,intra_mol
1150,13,ECOIL,0,E,ECOIL_0_1-21,19,ECOIL,0,L,ECOIL_0_1-21,10.894,intra_mol
1151,43,ECOIL,0,L,ECOIL_0_32-52,50,ECOIL,0,L,ECOIL_0_32-52,10.896,intra_mol
1152,47,ECOIL,0,I,ECOIL_0_32-52,1,KCOIL,0,K,KCOIL_0_1-21,10.902,inter_mol
1153,37,ECOIL,0,E,ECOIL_0_32-52,14,KCOIL,0,E,KCOIL_0_1-21,10.904,inter_mol
1154,7,ECOIL,0,K,ECOIL_0_1-21,14,ECOIL,0,K,ECOIL_0_1-21,10.910,intra_mol
1155,16,ECOIL,0,I,ECOIL_0_1-21,23,ECOIL,0,G,linker,10.910,intra_mol
1156,46,KCOIL,0,K,KCOIL_0_32-52,52,KCOIL,0,E,KCOIL_0_32-52,10.912,intra_mol
1157,2,KCOIL,0,I,KCOIL_0_1-21,51,KCOIL,0,K,KCOIL_0_32-52,10.916,intra_mol
1158,8,ECOIL,0,E,ECOIL_0_1-21,14,ECOIL,0,K,ECOIL_0_1-21,10.917,intra_mol
1159,37,ECOIL,0,E,ECOIL_0_32-52,44,ECOIL,0,E,ECOIL_0_32-52,10.918,intra_mol
1160,14,KCOIL,0,E,KCOIL_0_1-21,21,KCOIL,0,E,KCOIL_0_1-21,10.926,intra_mol
1161,3,ECOIL,0,A,ECOIL_0_1-21,47,KCOIL,0,I,KCOIL_0_32-52,10.927,inter_mol
1162,40,ECOIL,0,I,ECOIL_0_32-52,6,KCOIL,0,K,KCOIL_0_1-21,10.929,inter_mol
1163,18,ECOIL,0,A,ECOIL_0_1-21,16,KCOIL,0,I,KCOIL_0_1-21,10.931,inter_mol
1164,25,KCOIL,0,G,linker,29,KCOIL,0,G,linker,10.932,intra_mol
1165,8,ECOIL,0,E,ECOIL_0_1-21,38,KCOIL,0,E,KCOIL_0_32-52,10.934,inter_mol
1166,18,ECOIL,0,A,ECOIL_0_1-21,18,KCOIL,0,A,KCOIL_0_1-21,10.938,inter_mol
1167,31,ECOIL,0,G,linker,16,KCOIL,0,I,KCOIL_0_1-21,10.940,inter_mol
1168,13,ECOIL,0,E,ECOIL_0_1-21,39,KCOIL,0,K,KCOIL_0_32-52,10.948,inter_mol
1169,45,KCOIL,0,E,KCOIL_0_32-52,52,KCOIL,0,E,KCOIL_0_32-52,10.956,intra_mol
1170,51,ECOIL,0,E,ECOIL_0_32-52,7,KCOIL,0,E,KCOIL_0_1-21,10.966,inter_mol
1171,26,KCOIL,0,G,linker,33,KCOIL,0,I,KCOIL_0_32-52,10.967,intra_mol
1172,21,ECOIL,0,K,ECOIL_0_1-21,24,ECOIL,0,S,linker,10.972,intra_mol
1173,32,ECOIL,0,E,ECOIL_0_32-52,39,ECOIL,0,E,ECOIL_0_32-52,10.973,intra_mol
1174,9,ECOIL,0,I,ECOIL_0_1-21,44,KCOIL,0,K,KCOIL_0_32-52,10.974,inter_mol
1175,20,ECOIL,0,E,ECOIL_0_1-21,33,KCOIL,0,I,KCOIL_0_32-52,10.976,inter_mol
1176,12,KCOIL,0,L,KCOIL_0_1-21,39,KCOIL,0,K,KCOIL_0_32-52,10.978,intra_mol
1177,44,ECOIL,0,E,ECOIL_0_32-52,50,ECOIL,0,L,ECOIL_0_32-52,10.980,intra_mol
1178,5,ECOIL,0,L,ECOIL_0_1-21,39,KCOIL,0,K,KCOIL_0_32-52,10.991,inter_mol
1179,6,ECOIL,0,E,ECOIL_0_1-21,12,ECOIL,0,L,ECOIL_0_1-21,10.993,intra_mol
1180,13,ECOIL,0,E,ECOIL_0_1-21,13,KCOIL,0,K,KCOIL_0_1-21,10.993,inter_mol
1181,15,ECOIL,0,E,ECOIL_0_1-21,21,ECOIL,0,K,ECOIL_0_1-21,10.996,intra_mol
1182,5,ECOIL,0,L,ECOIL_0_1-21,41,KCOIL,0,A,KCOIL_0_32-52,10.997,inter_mol
1183,49,ECOIL,0,A,ECOIL_0_32-52,49,KCOIL,0,A,KCOIL_0_32-52,11.000,inter_mol
1184,24,ECOIL,0,S,linker,29,KCOIL,0,G,linker,11.003,inter_mol
1185,47,ECOIL,0,I,ECOIL_0_32-52,49,KCOIL,0,A,KCOIL_0_32-52,11.004,inter_mol
1186,31,ECOIL,0,G,linker,19,KCOIL,0,L,KCOIL_0_1-21,11.007,inter_mol
1187,16,KCOIL,0,I,KCOIL_0_1-21,37,KCOIL,0,K,KCOIL_0_32-52,11.009,intra_mol
1188,6,KCOIL,0,K,KCOIL_0_1-21,12,KCOIL,0,L,KCOIL_0_1-21,11.013,intra_mol
1189,8,ECOIL,0,E,ECOIL_0_1-21,9,KCOIL,0,I,KCOIL_0_1-21,11.014,inter_mol
1190,11,ECOIL,0,A,ECOIL_0_1-21,42,KCOIL,0,A,KCOIL_0_32-52,11.019,inter_mol
1191,6,ECOIL,0,E,ECOIL_0_1-21,47,ECOIL,0,I,ECOIL_0_32-52,11.019,intra_mol
1192,21,ECOIL,0,K,ECOIL_0_1-21,32,KCOIL,0,K,KCOIL_0_32-52,11.021,inter_mol
1193,51,ECOIL,0,E,ECOIL_0_32-52,47,KCOIL,0,I,KCOIL_0_32-52,11.027,inter_mol
1194,1,ECOIL,0,E,ECOIL_0_1-21,5,KCOIL,0,L,KCOIL_0_1-21,11.029,inter_mol
1195,15,KCOIL,0,K,KCOIL_0_1-21,22,KCOIL,0,G,linker,11.029,intra_mol
1196,37,KCOIL,0,K,KCOIL_0_32-52,43,KCOIL,0,L,KCOIL_0_32-52,11.030,intra_mol
1197,29,KCOIL,0,G,linker,33,KCOIL,0,I,KCOIL_0_32-52,11.031,intra_mol
1198,27,ECOIL,0,G,linker,25,KCOIL,0,G,linker,11.033,inter_mol
1199,6,ECOIL,0,E,ECOIL_0_1-21,13,ECOIL,0,E,ECOIL_0_1-21,11.036,intra_mol
1200,15,KCOIL,0,K,KCOIL_0_1-21,36,KCOIL,0,L,KCOIL_0_32-52,11.038,intra_mol
1201,42,KCOIL,0,A,KCOIL_0_32-52,49,KCOIL,0,A,KCOIL_0_32-52,11.040,intra_mol
1202,2,ECOIL,0,I,ECOIL_0_1-21,51,ECOIL,0,E,ECOIL_0_32-52,11.049,intra_mol
1203,3,ECOIL,0,A,ECOIL_0_1-21,43,KCOIL,0,L,KCOIL_0_32-52,11.050,inter_mol
1204,48,ECOIL,0,A,ECOIL_0_32-52,4,KCOIL,0,A,KCOIL_0_1-21,11.053,inter_mol
1205,5,KCOIL,0,L,KCOIL_0_1-21,46,KCOIL,0,K,KCOIL_0_32-52,11.053,intra_mol
1206,33,ECOIL,0,I,ECOIL_0_32-52,15,KCOIL,0,K,KCOIL_0_1-21,11.056,inter_mol
1207,39,KCOIL,0,K,KCOIL_0_32-52,45,KCOIL,0,E,KCOIL_0_32-52,11.059,intra_mol
1208,32,ECOIL,0,E,ECOIL_0_32-52,38,ECOIL,0,K,ECOIL_0_32-52,11.059,intra_mol
1209,4,ECOIL,0,A,ECOIL_0_1-21,49,KCOIL,0,A,KCOIL_0_32-52,11.060,inter_mol
1210,15,KCOIL,0,K,KCOIL_0_1-21,21,KCOIL,0,E,KCOIL_0_1-21,11.065,intra_mol
1211,13,ECOIL,0,E,ECOIL_0_1-21,7,KCOIL,0,E,KCOIL_0_1-21,11.066,inter_mol
1212,7,ECOIL,0,K,ECOIL_0_1-21,13,ECOIL,0,E,ECOIL_0_1-21,11.069,intra_mol
1213,28,ECOIL,0,S,linker,22,KCOIL,0,G,linker,11.081,inter_mol
1214,36,ECOIL,0,L,ECOIL_0_32-52,32,KCOIL,0,K,KCOIL_0_32-52,11.082,inter_mol
1215,13,KCOIL,0,K,KCOIL_0_1-21,19,KCOIL,0,L,KCOIL_0_1-21,11.083,intra_mol
1216,45,ECOIL,0,K,ECOIL_0_32-52,48,KCOIL,0,A,KCOIL_0_32-52,11.088,inter_mol
1217,19,ECOIL,0,L,ECOIL_0_1-21,20,KCOIL,0,K,KCOIL_0_1-21,11.095,inter_mol
1218,50,ECOIL,0,L,ECOIL_0_32-52,1,KCOIL,0,K,KCOIL_0_1-21,11.101,inter_mol
1219,38,KCOIL,0,E,KCOIL_0_32-52,45,KCOIL,0,E,KCOIL_0_32-52,11.108,intra_mol
1220,10,ECOIL,0,A,ECOIL_0_1-21,15,KCOIL,0,K,KCOIL_0_1-21,11.111,inter_mol
1221,2,ECOIL,0,I,ECOIL_0_1-21,48,KCOIL,0,A,KCOIL_0_32-52,11.112,inter_mol
1222,15,ECOIL,0,E,ECOIL_0_1-21,16,KCOIL,0,I,KCOIL_0_1-21,11.118,inter_mol
1223,49,ECOIL,0,A,ECOIL_0_32-52,3,KCOIL,0,A,KCOIL_0_1-21,11.127,inter_mol
1224,34,ECOIL,0,A,ECOIL_0_32-52,13,KCOIL,0,K,KCOIL_0_1-21,11.130,inter_mol
1225,50,ECOIL,0,L,ECOIL_0_32-52,4,KCOIL,0,A,KCOIL_0_1-21,11.143,inter_mol
1226,38,ECOIL,0,K,ECOIL_0_32-52,44,ECOIL,0,E,ECOIL_0_32-52,11.144,intra_mol
1227,15,ECOIL,0,E,ECOIL_0_1-21,22,ECOIL,0,G,linker,11.152,intra_mol
1228,6,ECOIL,0,E,ECOIL_0_1-21,47,KCOIL,0,I,KCOIL_0_32-52,11.152,inter_mol
1229,41,ECOIL,0,A,ECOIL_0_32-52,43,KCOIL,0,L,KCOIL_0_32-52,11.157,inter_mol
1230,5,ECOIL,0,L,ECOIL_0_1-21,3,KCOIL,0,A,KCOIL_0_1-21,11.158,inter_mol
1231,8,ECOIL,0,E,ECOIL_0_1-21,12,KCOIL,0,L,KCOIL_0_1-21,11.165,inter_mol
1232,11,ECOIL,0,A,ECOIL_0_1-21,9,KCOIL,0,I,KCOIL_0_1-21,11.169,inter_mol
1233,8,KCOIL,0,K,KCOIL_0_1-21,43,KCOIL,0,L,KCOIL_0_32-52,11.170,intra_mol
1234,19,ECOIL,0,L,ECOIL_0_1-21,12,KCOIL,0,L,KCOIL_0_1-21,11.180,inter_mol
1235,31,ECOIL,0,G,linker,34,KCOIL,0,A,KCOIL_0_32-52,11.188,inter_mol
1236,14,ECOIL,0,K,ECOIL_0_1-21,35,KCOIL,0,A,KCOIL_0_32-52,11.188,inter_mol
1237,38,KCOIL,0,E,KCOIL_0_32-52,44,KCOIL,0,K,KCOIL_0_32-52,11.195,intra_mol
1238,43,ECOIL,0,L,ECOIL_0_32-52,51,KCOIL,0,K,KCOIL_0_32-52,11.196,inter_mol
1239,23,KCOIL,0,G,linker,33,KCOIL,0,I,KCOIL_0_32-52,11.206,intra_mol
1240,12,ECOIL,0,L,ECOIL_0_1-21,10,KCOIL,0,A,KCOIL_0_1-21,11.212,inter_mol
1241,13,ECOIL,0,E,ECOIL_0_1-21,40,KCOIL,0,I,KCOIL_0_32-52,11.223,inter_mol
1242,7,KCOIL,0,E,KCOIL_0_1-21,13,KCOIL,0,K,KCOIL_0_1-21,11.224,intra_mol
1243,44,ECOIL,0,E,ECOIL_0_32-52,4,KCOIL,0,A,KCOIL_0_1-21,11.227,inter_mol
1244,44,KCOIL,0,K,KCOIL_0_32-52,50,KCOIL,0,L,KCOIL_0_32-52,11.227,intra_mol
1245,49,ECOIL,0,A,ECOIL_0_32-52,5,KCOIL,0,L,KCOIL_0_1-21,11.241,inter_mol
1246,1,ECOIL,0,E,ECOIL_0_1-21,2,KCOIL,0,I,KCOIL_0_1-21,11.247,inter_mol
1247,25,ECOIL,0,G,linker,36,ECOIL,0,L,ECOIL_0_32-52,11.258,intra_mol
1248,34,ECOIL,0,A,ECOIL_0_32-52,36,KCOIL,0,L,KCOIL_0_32-52,11.262,inter_mol
1249,25,ECOIL,0,G,linker,18,KCOIL,0,A,KCOIL_0_1-21,11.265,inter_mol
1250,11,ECOIL,0,A,ECOIL_0_1-21,11,KCOIL,0,A,KCOIL_0_1-21,11.268,inter_mol
1251,1,ECOIL,0,E,ECOIL_0_1-21,52,KCOIL,0,E,KCOIL_0_32-52,11.269,inter_mol
1252,1,ECOIL,0,E,ECOIL_0_1-21,1,KCOIL,0,K,KCOIL_0_1-21,11.270,inter_mol
1253,48,ECOIL,0,A,ECOIL_0_32-52,48,KCOIL,0,A,KCOIL_0_32-52,11.273,inter_mol
1254,17,ECOIL,0,A,ECOIL_0_1-21,17,KCOIL,0,A,KCOIL_0_1-21,11.274,inter_mol
1255,19,KCOIL,0,L,KCOIL_0_1-21,32,KCOIL,0,K,KCOIL_0_32-52,11.277,intra_mol
1256,44,ECOIL,0,E,ECOIL_0_32-52,14,KCOIL,0,E,KCOIL_0_1-21,11.287,inter_mol
1257,23,ECOIL,0,G,linker,32,ECOIL,0,E,ECOIL_0_32-52,11.287,intra_mol
1258,14,ECOIL,0,K,ECOIL_0_1-21,8,KCOIL,0,K,KCOIL_0_1-21,11.287,inter_mol
1259,3,ECOIL,0,A,ECOIL_0_1-21,8,KCOIL,0,K,KCOIL_0_1-21,11.288,inter_mol
1260,35,ECOIL,0,A,ECOIL_0_32-52,19,KCOIL,0,L,KCOIL_0_1-21,11.289,inter_mol
1261,6,KCOIL,0,K,KCOIL_0_1-21,47,KCOIL,0,I,KCOIL_0_32-52,11.291,intra_mol
1262,42,ECOIL,0,A,ECOIL_0_32-52,45,KCOIL,0,E,KCOIL_0_32-52,11.293,inter_mol
1263,49,ECOIL,0,A,ECOIL_0_32-52,52,KCOIL,0,E,KCOIL_0_32-52,11.294,inter_mol
1264,20,ECOIL,0,E,ECOIL_0_1-21,11,KCOIL,0,A,KCOIL_0_1-21,11.295,inter_mol
1265,42,ECOIL,0,A,ECOIL_0_32-52,6,KCOIL,0,K,KCOIL_0_1-21,11.297,inter_mol
1266,16,ECOIL,0,I,ECOIL_0_1-21,20,KCOIL,0,K,KCOIL_0_1-21,11.299,inter_mol
1267,16,ECOIL,0,I,ECOIL_0_1-21,9,KCOIL,0,I,KCOIL_0_1-21,11.302,inter_mol
1268,29,ECOIL,0,G,linker,36,ECOIL,0,L,ECOIL_0_32-52,11.316,intra_mol
1269,4,ECOIL,0,A,ECOIL_0_1-21,4,KCOIL,0,A,KCOIL_0_1-21,11.316,inter_mol
1270,32,ECOIL,0,E,ECOIL_0_32-52,38,KCOIL,0,E,KCOIL_0_32-52,11.317,inter_mol
1271,46,ECOIL,0,E,ECOIL_0_32-52,41,KCOIL,0,A,KCOIL_0_32-52,11.319,inter_mol
1272,42,ECOIL,0,A,ECOIL_0_32-52,10,KCOIL,0,A,KCOIL_0_1-21,11.338,inter_mol
1273,16,ECOIL,0,I,ECOIL_0_1-21,37,ECOIL,0,E,ECOIL_0_32-52,11.338,intra_mol
1274,43,ECOIL,0,L,ECOIL_0_32-52,11,KCOIL,0,A,KCOIL_0_1-21,11.339,inter_mol
1275,26,ECOIL,0,G,linker,18,KCOIL,0,A,KCOIL_0_1-21,11.340,inter_mol
1276,36,ECOIL,0,L,ECOIL_0_32-52,18,KCOIL,0,A,KCOIL_0_1-21,11.352,inter_mol
1277,41,ECOIL,0,A,ECOIL_0_32-52,11,KCOIL,0,A,KCOIL_0_1-21,11.352,inter_mol
1278,33,ECOIL,0,I,ECOIL_0_32-52,13,KCOIL,0,K,KCOIL_0_1-21,11.354,inter_mol
1279,37,ECOIL,0,E,ECOIL_0_32-52,9,KCOIL,0,I,KCOIL_0_1-21,11.355,inter_mol
1280,37,ECOIL,0,E,ECOIL_0_32-52,36,KCOIL,0,L,KCOIL_0_32-52,11.357,inter_mol
1281,1,ECOIL,0,E,ECOIL_0_1-21,50,ECOIL,0,L,ECOIL_0_32-52,11.366,intra_mol
1282,25,ECOIL,0,G,linker,16,KCOIL,0,I,KCOIL_0_1-21,11.367,inter_mol
1283,44,ECOIL,0,E,ECOIL_0_32-52,43,KCOIL,0,L,KCOIL_0_32-52,11.367,inter_mol
1284,9,ECOIL,0,I,ECOIL_0_1-21,3,KCOIL,0,A,KCOIL_0_1-21,11.373,inter_mol
1285,10,ECOIL,0,A,ECOIL_0_1-21,10,KCOIL,0,A,KCOIL_0_1-21,11.384,inter_mol
1286,31,ECOIL,0,G,linker,39,ECOIL,0,E,ECOIL_0_32-52,11.391,intra_mol
1287,1,ECOIL,0,E,ECOIL_0_1-21,45,KCOIL,0,E,KCOIL_0_32-52,11.394,inter_mol
1288,47,ECOIL,0,I,ECOIL_0_32-52,46,KCOIL,0,K,KCOIL_0_32-52,11.394,inter_mol
1289,32,ECOIL,0,E,ECOIL_0_32-52,23,KCOIL,0,G,linker,11.395,inter_mol
1290,17,ECOIL,0,A,ECOIL_0_1-21,14,KCOIL,0,E,KCOIL_0_1-21,11.404,inter_mol
1291,19,ECOIL,0,L,ECOIL_0_1-21,37,KCOIL,0,K,KCOIL_0_32-52,11.420,inter_mol
1292,31,ECOIL,0,G,linker,23,KCOIL,0,G,linker,11.421,inter_mol
1293,42,ECOIL,0,A,ECOIL_0_32-52,12,KCOIL,0,L,KCOIL_0_1-21,11.421,inter_mol
1294,16,ECOIL,0,I,ECOIL_0_1-21,10,KCOIL,0,A,KCOIL_0_1-21,11.422,inter_mol
1295,28,ECOIL,0,S,linker,16,KCOIL,0,I,KCOIL_0_1-21,11.423,inter_mol
1296,23,KCOIL,0,G,linker,27,KCOIL,0,G,linker,11.428,intra_mol
1297,32,ECOIL,0,E,ECOIL_0_32-52,30,KCOIL,0,G,linker,11.431,inter_mol
1298,40,ECOIL,0,I,ECOIL_0_32-52,5,KCOIL,0,L,KCOIL_0_1-21,11.432,inter_mol
1299,9,ECOIL,0,I,ECOIL_0_1-21,2,KCOIL,0,I,KCOIL_0_1-21,11.436,inter_mol
1300,43,ECOIL,0,L,ECOIL_0_32-52,39,KCOIL,0,K,KCOIL_0_32-52,11.437,inter_mol
1301,10,ECOIL,0,A,ECOIL_0_1-21,7,KCOIL,0,E,KCOIL_0_1-21,11.438,inter_mol
1302,25,ECOIL,0,G,linker,31,KCOIL,0,G,linker,11.444,inter_mol
1303,26,ECOIL,0,G,linker,27,KCOIL,0,G,linker,11.447,inter_mol
1304,24,ECOIL,0,S,linker,36,ECOIL,0,L,ECOIL_0_32-52,11.450,intra_mol
1305,37,ECOIL,0,E,ECOIL_0_32-52,15,KCOIL,0,K,KCOIL_0_1-21,11.453,inter_mol
1306,38,ECOIL,0,K,ECOIL_0_32-52,41,KCOIL,0,A,KCOIL_0_32-52,11.461,inter_mol
1307,12,ECOIL,0,L,ECOIL_0_1-21,5,KCOIL,0,L,KCOIL_0_1-21,11.461,inter_mol
1308,4,ECOIL,0,A,ECOIL_0_1-21,2,KCOIL,0,I,KCOIL_0_1-21,11.471,inter_mol
1309,24,ECOIL,0,S,linker,28,ECOIL,0,S,linker,11.479,intra_mol
1310,8,ECOIL,0,E,ECOIL_0_1-21,35,KCOIL,0,A,KCOIL_0_32-52,11.483,inter_mol
1311,17,ECOIL,0,A,ECOIL_0_1-21,24,ECOIL,0,S,linker,11.488,intra_mol
1312,30,KCOIL,0,G,linker,36,KCOIL,0,L,KCOIL_0_32-52,11.496,intra_mol
1313,37,ECOIL,0,E,ECOIL_0_32-52,10,KCOIL,0,A,KCOIL_0_1-21,11.506,inter_mol
1314,40,ECOIL,0,I,ECOIL_0_32-52,39,KCOIL,0,K,KCOIL_0_32-52,11.508,inter_mol
1315,21,ECOIL,0,K,ECOIL_0_1-21,23,KCOIL,0,G,linker,11.511,inter_mol
1316,23,ECOIL,0,G,linker,18,KCOIL,0,A,KCOIL_0_1-21,11.517,inter_mol
1317,4,ECOIL,0,A,ECOIL_0_1-21,39,KCOIL,0,K,KCOIL_0_32-52,11.538,inter_mol
1318,43,ECOIL,0,L,ECOIL_0_32-52,2,KCOIL,0,I,KCOIL_0_1-21,11.538,inter_mol
1319,39,ECOIL,0,E,ECOIL_0_32-52,34,KCOIL,0,A,KCOIL_0_32-52,11.542,inter_mol
1320,42,ECOIL,0,A,ECOIL_0_32-52,51,KCOIL,0,K,KCOIL_0_32-52,11.544,inter_mol
1321,11,ECOIL,0,A,ECOIL_0_1-21,15,KCOIL,0,K,KCOIL_0_1-21,11.545,inter_mol
1322,36,ECOIL,0,L,ECOIL_0_32-52,9,KCOIL,0,I,KCOIL_0_1-21,11.556,inter_mol
1323,24,ECOIL,0,S,linker,34,ECOIL,0,A,ECOIL_0_32-52,11.561,intra_mol
1324,16,ECOIL,0,I,ECOIL_0_1-21,31,KCOIL,0,G,linker,11.561,inter_mol
1325,25,KCOIL,0,G,linker,33,KCOIL,0,I,KCOIL_0_32-52,11.570,intra_mol
1326,13,KCOIL,0,K,KCOIL_0_1-21,40,KCOIL,0,I,KCOIL_0_32-52,11.570,intra_mol
1327,32,ECOIL,0,E,ECOIL_0_32-52,26,KCOIL,0,G,linker,11.571,inter_mol
1328,24,ECOIL,0,S,linker,34,KCOIL,0,A,KCOIL_0_32-52,11.573,inter_mol
1329,35,ECOIL,0,A,ECOIL_0_32-52,38,KCOIL,0,E,KCOIL_0_32-52,11.586,inter_mol
1330,9,ECOIL,0,I,ECOIL_0_1-21,13,KCOIL,0,K,KCOIL_0_1-21,11.591,inter_mol
1331,29,KCOIL,0,G,linker,34,KCOIL,0,A,KCOIL_0_32-52,11.592,intra_mol
1332,34,ECOIL,0,A,ECOIL_0_32-52,23,KCOIL,0,G,linker,11.594,inter_mol
1333,32,ECOIL,0,E,ECOIL_0_32-52,27,KCOIL,0,G,linker,11.595,inter_mol
1334,25,ECOIL,0,G,linker,21,KCOIL,0,E,KCOIL_0_1-21,11.596,inter_mol
1335,52,ECOIL,0,K,ECOIL_0_32-52,3,KCOIL,0,A,KCOIL_0_1-21,11.596,inter_mol
1336,13,ECOIL,0,E,ECOIL_0_1-21,5,KCOIL,0,L,KCOIL_0_1-21,11.598,inter_mol
1337,7,ECOIL,0,K,ECOIL_0_1-21,42,KCOIL,0,A,KCOIL_0_32-52,11.603,inter_mol
1338,24,ECOIL,0,S,linker,21,KCOIL,0,E,KCOIL_0_1-21,11.607,inter_mol
1339,20,ECOIL,0,E,ECOIL_0_1-21,36,KCOIL,0,L,KCOIL_0_32-52,11.608,inter_mol
1340,2,ECOIL,0,I,ECOIL_0_1-21,8,KCOIL,0,K,KCOIL_0_1-21,11.609,inter_mol
1341,26,ECOIL,0,G,linker,35,ECOIL,0,A,ECOIL_0_32-52,11.614,intra_mol
1342,36,ECOIL,0,L,ECOIL_0_32-52,44,KCOIL,0,K,KCOIL_0_32-52,11.617,inter_mol
1343,12,ECOIL,0,L,ECOIL_0_1-21,44,KCOIL,0,K,KCOIL_0_32-52,11.617,inter_mol
1344,19,ECOIL,0,L,ECOIL_0_1-21,26,ECOIL,0,G,linker,11.621,intra_mol
1345,35,ECOIL,0,A,ECOIL_0_32-52,13,KCOIL,0,K,KCOIL_0_1-21,11.622,inter_mol
1346,15,ECOIL,0,E,ECOIL_0_1-21,19,KCOIL,0,L,KCOIL_0_1-21,11.627,inter_mol
1347,9,ECOIL,0,I,ECOIL_0_1-21,15,KCOIL,0,K,KCOIL_0_1-21,11.633,inter_mol
1348,48,ECOIL,0,A,ECOIL_0_32-52,7,KCOIL,0,E,KCOIL_0_1-21,11.638,inter_mol
1349,25,ECOIL,0,G,linker,28,KCOIL,0,S,linker,11.638,inter_mol
1350,4,ECOIL,0,A,ECOIL_0_1-21,8,KCOIL,0,K,KCOIL_0_1-21,11.639,inter_mol
1351,19,ECOIL,0,L,ECOIL_0_1-21,29,KCOIL,0,G,linker,11.639,inter_mol
1352,6,ECOIL,0,E,ECOIL_0_1-21,6,KCOIL,0,K,KCOIL_0_1-21,11.642,inter_mol
1353,26,ECOIL,0,G,linker,17,KCOIL,0,A,KCOIL_0_1-21,11.648,inter_mol
1354,44,ECOIL,0,E,ECOIL_0_32-52,40,KCOIL,0,I,KCOIL_0_32-52,11.653,inter_mol
1355,42,ECOIL,0,A,ECOIL_0_32-52,42,KCOIL,0,A,KCOIL_0_32-52,11.654,inter_mol
1356,46,ECOIL,0,E,ECOIL_0_32-52,40,KCOIL,0,I,KCOIL_0_32-52,11.655,inter_mol
1357,25,ECOIL,0,G,linker,35,ECOIL,0,A,ECOIL_0_32-52,11.665,intra_mol
1358,11,ECOIL,0,A,ECOIL_0_1-21,38,KCOIL,0,E,KCOIL_0_32-52,11.666,inter_mol
1359,5,ECOIL,0,L,ECOIL_0_1-21,6,KCOIL,0,K,KCOIL_0_1-21,11.668,inter_mol
1360,22,KCOIL,0,G,linker,26,KCOIL,0,G,linker,11.672,intra_mol
1361,33,ECOIL,0,I,ECOIL_0_32-52,32,KCOIL,0,K,KCOIL_0_32-52,11.676,inter_mol
1362,33,ECOIL,0,I,ECOIL_0_32-52,25,KCOIL,0,G,linker,11.678,inter_mol
1363,45,ECOIL,0,K,ECOIL_0_32-52,13,KCOIL,0,K,KCOIL_0_1-21,11.679,inter_mol
1364,37,ECOIL,0,E,ECOIL_0_32-52,33,KCOIL,0,I,KCOIL_0_32-52,11.681,inter_mol
1365,12,ECOIL,0,L,ECOIL_0_1-21,13,KCOIL,0,K,KCOIL_0_1-21,11.686,inter_mol
1366,35,ECOIL,0,A,ECOIL_0_32-52,17,KCOIL,0,A,KCOIL_0_1-21,11.711,inter_mol
1367,18,ECOIL,0,A,ECOIL_0_1-21,34,KCOIL,0,A,KCOIL_0_32-52,11.722,inter_mol
1368,34,ECOIL,0,A,ECOIL_0_32-52,18,KCOIL,0,A,KCOIL_0_1-21,11.722,inter_mol
1369,40,ECOIL,0,I,ECOIL_0_32-52,47,KCOIL,0,I,KCOIL_0_32-52,11.723,inter_mol
1370,26,ECOIL,0,G,linker,16,KCOIL,0,I,KCOIL_0_1-21,11.723,inter_mol
1371,43,ECOIL,0,L,ECOIL_0_32-52,50,KCOIL,0,L,KCOIL_0_32-52,11.729,inter_mol
1372,30,ECOIL,0,G,linker,37,KCOIL,0,K,KCOIL_0_32-52,11.729,inter_mol
1373,20,ECOIL,0,E,ECOIL_0_1-21,25,ECOIL,0,G,linker,11.734,intra_mol
1374,41,ECOIL,0,A,ECOIL_0_32-52,41,KCOIL,0,A,KCOIL_0_32-52,11.736,inter_mol
1375,16,ECOIL,0,I,ECOIL_0_1-21,8,KCOIL,0,K,KCOIL_0_1-21,11.737,inter_mol
1376,41,ECOIL,0,A,ECOIL_0_32-52,47,KCOIL,0,I,KCOIL_0_32-52,11.740,inter_mol
1377,18,ECOIL,0,A,ECOIL_0_1-21,12,KCOIL,0,L,KCOIL_0_1-21,11.746,inter_mol
1378,14,ECOIL,0,K,ECOIL_0_1-21,11,KCOIL,0,A,KCOIL_0_1-21,11.748,inter_mol
1379,22,ECOIL,0,G,linker,28,KCOIL,0,S,linker,11.752,inter_mol
1380,39,ECOIL,0,E,ECOIL_0_32-52,33,KCOIL,0,I,KCOIL_0_32-52,11.760,inter_mol
1381,40,ECOIL,0,I,ECOIL_0_32-52,42,KCOIL,0,A,KCOIL_0_32-52,11.766,inter_mol
1382,19,ECOIL,0,L,ECOIL_0_1-21,27,ECOIL,0,G,linker,11.774,intra_mol
1383,1,ECOIL,0,E,ECOIL_0_1-21,42,KCOIL,0,A,KCOIL_0_32-52,11.778,inter_mol
1384,21,ECOIL,0,K,ECOIL_0_1-21,24,KCOIL,0,S,linker,11.785,inter_mol
1385,33,ECOIL,0,I,ECOIL_0_32-52,12,KCOIL,0,L,KCOIL_0_1-21,11.791,inter_mol
1386,23,ECOIL,0,G,linker,27,ECOIL,0,G,linker,11.801,intra_mol
1387,35,ECOIL,0,A,ECOIL_0_32-52,43,ECOIL,0,L,ECOIL_0_32-52,11.803,intra_mol
1388,2,ECOIL,0,I,ECOIL_0_1-21,6,KCOIL,0,K,KCOIL_0_1-21,11.816,inter_mol
1389,28,ECOIL,0,S,linker,36,ECOIL,0,L,ECOIL_0_32-52,11.825,intra_mol
1390,16,ECOIL,0,I,ECOIL_0_1-21,23,KCOIL,0,G,linker,11.826,inter_mol
1391,3,ECOIL,0,A,ECOIL_0_1-21,3,KCOIL,0,A,KCOIL_0_1-21,11.826,inter_mol
1392,24,ECOIL,0,S,linker,17,KCOIL,0,A,KCOIL_0_1-21,11.827,inter_mol
1393,34,ECOIL,0,A,ECOIL_0_32-52,40,KCOIL,0,I,KCOIL_0_32-52,11.828,inter_mol
1394,7,ECOIL,0,K,ECOIL_0_1-21,4,KCOIL,0,A,KCOIL_0_1-21,11.836,inter_mol
1395,46,ECOIL,0,E,ECOIL_0_32-52,42,KCOIL,0,A,KCOIL_0_32-52,11.842,inter_mol
1396,39,ECOIL,0,E,ECOIL_0_32-52,47,KCOIL,0,I,KCOIL_0_32-52,11.844,inter_mol
1397,16,ECOIL,0,I,ECOIL_0_1-21,22,KCOIL,0,G,linker,11.844,inter_mol
1398,17,ECOIL,0,A,ECOIL_0_1-21,22,KCOIL,0,G,linker,11.846,inter_mol
1399,28,ECOIL,0,S,linker,24,KCOIL,0,S,linker,11.857,inter_mol
1400,2,ECOIL,0,I,ECOIL_0_1-21,51,KCOIL,0,K,KCOIL_0_32-52,11.864,inter_mol
1401,4,ECOIL,0,A,ECOIL_0_1-21,12,ECOIL,0,L,ECOIL_0_1-21,11.880,intra_mol
1402,4,ECOIL,0,A,ECOIL_0_1-21,45,KCOIL,0,E,KCOIL_0_32-52,11.883,inter_mol
1403,35,ECOIL,0,A,ECOIL_0_32-52,35,KCOIL,0,A,KCOIL_0_32-52,11.884,inter_mol
1404,5,ECOIL,0,L,ECOIL_0_1-21,51,KCOIL,0,K,KCOIL_0_32-52,11.896,inter_mol
1405,18,ECOIL,0,A,ECOIL_0_1-21,23,KCOIL,0,G,linker,11.905,inter_mol
1406,22,ECOIL,0,G,linker,15,KCOIL,0,K,KCOIL_0_1-21,11.905,inter_mol
1407,41,ECOIL,0,A,ECOIL_0_32-52,14,KCOIL,0,E,KCOIL_0_1-21,11.910,inter_mol
1408,30,ECOIL,0,G,linker,33,KCOIL,0,I,KCOIL_0_32-52,11.914,inter_mol
1409,1,KCOIL,0,K,KCOIL_0_1-21,50,KCOIL,0,L,KCOIL_0_32-52,11.920,intra_mol
1410,20,ECOIL,0,E,ECOIL_0_1-21,25,KCOIL,0,G,linker,11.928,inter_mol
1411,43,ECOIL,0,L,ECOIL_0_32-52,36,KCOIL,0,L,KCOIL_0_32-52,11.930,inter_mol
1412,28,ECOIL,0,S,linker,18,KCOIL,0,A,KCOIL_0_1-21,11.942,inter_mol
1413,4,KCOIL,0,A,KCOIL_0_1-21,12,KCOIL,0,L,KCOIL_0_1-21,11.946,intra_mol
1414,20,KCOIL,0,K,KCOIL_0_1-21,33,KCOIL,0,I,KCOIL_0_32-52,11.948,intra_mol
1415,36,ECOIL,0,L,ECOIL_0_32-52,43,KCOIL,0,L,KCOIL_0_32-52,11.952,inter_mol
1416,1,ECOIL,0,E,ECOIL_0_1-21,51,KCOIL,0,K,KCOIL_0_32-52,11.959,inter_mol
1417,37,ECOIL,0,E,ECOIL_0_32-52,21,KCOIL,0,E,KCOIL_0_1-21,11.963,inter_mol
1418,28,KCOIL,0,S,linker,32,KCOIL,0,K,KCOIL_0_32-52,11.964,intra_mol
1419,27,ECOIL,0,G,linker,38,ECOIL,0,K,ECOIL_0_32-52,11.967,intra_mol
1420,16,ECOIL,0,I,ECOIL_0_1-21,32,ECOIL,0,E,ECOIL_0_32-52,11.971,intra_mol
1421,9,ECOIL,0,I,ECOIL_0_1-21,42,ECOIL,0,A,ECOIL_0_32-52,11.973,intra_mol
1422,43,ECOIL,0,L,ECOIL_0_32-52,37,KCOIL,0,K,KCOIL_0_32-52,11.978,inter_mol
1423,38,ECOIL,0,K,ECOIL_0_32-52,20,KCOIL,0,K,KCOIL_0_1-21,11.979,inter_mol
1424,50,ECOIL,0,L,ECOIL_0_32-52,46,KCOIL,0,K,KCOIL_0_32-52,11.980,inter_mol
1425,9,ECOIL,0,I,ECOIL_0_1-21,39,ECOIL,0,E,ECOIL_0_32-52,11.981,intra_mol
1426,17,ECOIL,0,A,ECOIL_0_1-21,35,KCOIL,0,A,KCOIL_0_32-52,11.982,inter_mol
1427,27,ECOIL,0,G,linker,26,KCOIL,0,G,linker,12.004,inter_mol
1428,26,ECOIL,0,G,linker,36,ECOIL,0,L,ECOIL_0_32-52,12.006,intra_mol
1429,32,ECOIL,0,E,ECOIL_0_32-52,40,KCOIL,0,I,KCOIL_0_32-52,12.013,inter_mol
1430,11,ECOIL,0,A,ECOIL_0_1-21,5,KCOIL,0,L,KCOIL_0_1-21,12.015,inter_mol
1431,18,ECOIL,0,A,ECOIL_0_1-21,22,KCOIL,0,G,linker,12.016,inter_mol
1432,35,ECOIL,0,A,ECOIL_0_32-52,44,KCOIL,0,K,KCOIL_0_32-52,12.017,inter_mol
1433,33,ECOIL,0,I,ECOIL_0_32-52,40,KCOIL,0,I,KCOIL_0_32-52,12.018,inter_mol
1434,39,ECOIL,0,E,ECOIL_0_32-52,35,KCOIL,0,A,KCOIL_0_32-52,12.023,inter_mol
1435,48,ECOIL,0,A,ECOIL_0_32-52,10,KCOIL,0,A,KCOIL_0_1-21,12.029,inter_mol
1436,22,ECOIL,0,G,linker,33,ECOIL,0,I,ECOIL_0_32-52,12.033,intra_mol
1437,25,ECOIL,0,G,linker,32,KCOIL,0,K,KCOIL_0_32-52,12.045,inter_mol
1438,2,KCOIL,0,I,KCOIL_0_1-21,48,KCOIL,0,A,KCOIL_0_32-52,12.045,intra_mol
1439,25,KCOIL,0,G,linker,31,KCOIL,0,G,linker,12.045,intra_mol
1440,4,KCOIL,0,A,KCOIL_0_1-21,47,KCOIL,0,I,KCOIL_0_32-52,12.046,intra_mol
1441,44,ECOIL,0,E,ECOIL_0_32-52,52,ECOIL,0,K,ECOIL_0_32-52,12.049,intra_mol
1442,24,ECOIL,0,S,linker,36,KCOIL,0,L,KCOIL_0_32-52,12.062,inter_mol
1443,16,ECOIL,0,I,ECOIL_0_1-21,35,ECOIL,0,A,ECOIL_0_32-52,12.089,intra_mol
1444,34,ECOIL,0,A,ECOIL_0_32-52,34,KCOIL,0,A,KCOIL_0_32-52,12.098,inter_mol
1445,15,ECOIL,0,E,ECOIL_0_1-21,23,ECOIL,0,G,linker,12.105,intra_mol
1446,28,ECOIL,0,S,linker,38,ECOIL,0,K,ECOIL_0_32-52,12.114,intra_mol
1447,25,ECOIL,0,G,linker,34,KCOIL,0,A,KCOIL_0_32-52,12.132,inter_mol
1448,37,ECOIL,0,E,ECOIL_0_32-52,11,KCOIL,0,A,KCOIL_0_1-21,12.139,inter_mol
1449,51,ECOIL,0,E,ECOIL_0_32-52,9,KCOIL,0,I,KCOIL_0_1-21,12.142,inter_mol
1450,30,ECOIL,0,G,linker,39,ECOIL,0,E,ECOIL_0_32-52,12.143,intra_mol
1451,4,ECOIL,0,A,ECOIL_0_1-21,48,KCOIL,0,A,KCOIL_0_32-52,12.159,inter_mol
1452,19,KCOIL,0,L,KCOIL_0_1-21,26,KCOIL,0,G,linker,12.162,intra_mol
1453,11,ECOIL,0,A,ECOIL_0_1-21,41,KCOIL,0,A,KCOIL_0_32-52,12.164,inter_mol
1454,10,ECOIL,0,A,ECOIL_0_1-21,40,ECOIL,0,I,ECOIL_0_32-52,12.166,intra_mol
1455,21,ECOIL,0,K,ECOIL_0_1-21,25,KCOIL,0,G,linker,12.173,inter_mol
1456,43,ECOIL,0,L,ECOIL_0_32-52,49,KCOIL,0,A,KCOIL_0_32-52,12.175,inter_mol
1457,33,ECOIL,0,I,ECOIL_0_32-52,35,KCOIL,0,A,KCOIL_0_32-52,12.180,inter_mol
1458,9,ECOIL,0,I,ECOIL_0_1-21,41,ECOIL,0,A,ECOIL_0_32-52,12.181,intra_mol
1459,25,ECOIL,0,G,linker,17,KCOIL,0,A,KCOIL_0_1-21,12.182,inter_mol
1460,15,KCOIL,0,K,KCOIL_0_1-21,23,KCOIL,0,G,linker,12.188,intra_mol
1461,26,KCOIL,0,G,linker,32,KCOIL,0,K,KCOIL_0_32-52,12.190,intra_mol
1462,11,KCOIL,0,A,KCOIL_0_1-21,19,KCOIL,0,L,KCOIL_0_1-21,12.191,intra_mol
1463,13,ECOIL,0,E,ECOIL_0_1-21,18,KCOIL,0,A,KCOIL_0_1-21,12.198,inter_mol
1464,7,ECOIL,0,K,ECOIL_0_1-21,1,KCOIL,0,K,KCOIL_0_1-21,12.205,inter_mol
1465,2,KCOIL,0,I,KCOIL_0_1-21,49,KCOIL,0,A,KCOIL_0_32-52,12.209,intra_mol
1466,35,KCOIL,0,A,KCOIL_0_32-52,43,KCOIL,0,L,KCOIL_0_32-52,12.210,intra_mol
1467,31,KCOIL,0,G,linker,39,KCOIL,0,K,KCOIL_0_32-52,12.210,intra_mol
1468,9,ECOIL,0,I,ECOIL_0_1-21,1,KCOIL,0,K,KCOIL_0_1-21,12.212,inter_mol
1469,18,ECOIL,0,A,ECOIL_0_1-21,33,ECOIL,0,I,ECOIL_0_32-52,12.220,intra_mol
1470,18,ECOIL,0,A,ECOIL_0_1-21,27,KCOIL,0,G,linker,12.225,inter_mol
1471,18,ECOIL,0,A,ECOIL_0_1-21,29,KCOIL,0,G,linker,12.227,inter_mol
1472,3,KCOIL,0,A,KCOIL_0_1-21,47,KCOIL,0,I,KCOIL_0_32-52,12.227,intra_mol
1473,40,ECOIL,0,I,ECOIL_0_32-52,20,KCOIL,0,K,KCOIL_0_1-21,12.228,inter_mol
1474,13,ECOIL,0,E,ECOIL_0_1-21,4,KCOIL,0,A,KCOIL_0_1-21,12.230,inter_mol
1475,42,ECOIL,0,A,ECOIL_0_32-52,5,KCOIL,0,L,KCOIL_0_1-21,12.231,inter_mol
1476,21,ECOIL,0,K,ECOIL_0_1-21,30,KCOIL,0,G,linker,12.233,inter_mol
1477,4,ECOIL,0,A,ECOIL_0_1-21,47,ECOIL,0,I,ECOIL_0_32-52,12.235,intra_mol
1478,42,ECOIL,0,A,ECOIL_0_32-52,50,ECOIL,0,L,ECOIL_0_32-52,12.236,intra_mol
1479,26,ECOIL,0,G,linker,37,ECOIL,0,E,ECOIL_0_32-52,12.237,intra_mol
1480,41,ECOIL,0,A,ECOIL_0_32-52,17,KCOIL,0,A,KCOIL_0_1-21,12.249,inter_mol
1481,11,ECOIL,0,A,ECOIL_0_1-21,19,ECOIL,0,L,ECOIL_0_1-21,12.252,intra_mol
1482,27,KCOIL,0,G,linker,34,KCOIL,0,A,KCOIL_0_32-52,12.255,intra_mol
1483,43,ECOIL,0,L,ECOIL_0_32-52,4,KCOIL,0,A,KCOIL_0_1-21,12.259,inter_mol
1484,13,ECOIL,0,E,ECOIL_0_1-21,21,ECOIL,0,K,ECOIL_0_1-21,12.269,intra_mol
1485,12,ECOIL,0,L,ECOIL_0_1-21,20,ECOIL,0,E,ECOIL_0_1-21,12.276,intra_mol
1486,20,ECOIL,0,E,ECOIL_0_1-21,36,ECOIL,0,L,ECOIL_0_32-52,12.276,intra_mol
1487,6,KCOIL,0,K,KCOIL_0_1-21,14,KCOIL,0,E,KCOIL_0_1-21,12.277,intra_mol
1488,43,ECOIL,0,L,ECOIL_0_32-52,16,KCOIL,0,I,KCOIL_0_1-21,12.289,inter_mol
1489,17,ECOIL,0,A,ECOIL_0_1-21,31,KCOIL,0,G,linker,12.290,inter_mol
1490,23,ECOIL,0,G,linker,34,KCOIL,0,A,KCOIL_0_32-52,12.291,inter_mol
1491,31,ECOIL,0,G,linker,36,KCOIL,0,L,KCOIL_0_32-52,12.300,inter_mol
1492,6,ECOIL,0,E,ECOIL_0_1-21,50,KCOIL,0,L,KCOIL_0_32-52,12.305,inter_mol
1493,13,ECOIL,0,E,ECOIL_0_1-21,19,KCOIL,0,L,KCOIL_0_1-21,12.309,inter_mol
1494,3,ECOIL,0,A,ECOIL_0_1-21,47,ECOIL,0,I,ECOIL_0_32-52,12.314,intra_mol
1495,32,ECOIL,0,E,ECOIL_0_32-52,25,KCOIL,0,G,linker,12.320,inter_mol
1496,40,ECOIL,0,I,ECOIL_0_32-52,19,KCOIL,0,L,KCOIL_0_1-21,12.323,inter_mol
1497,6,ECOIL,0,E,ECOIL_0_1-21,12,KCOIL,0,L,KCOIL_0_1-21,12.326,inter_mol
1498,45,ECOIL,0,K,ECOIL_0_32-52,10,KCOIL,0,A,KCOIL_0_1-21,12.334,inter_mol
1499,11,ECOIL,0,A,ECOIL_0_1-21,40,ECOIL,0,I,ECOIL_0_32-52,12.334,intra_mol
1500,5,KCOIL,0,L,KCOIL_0_1-21,44,KCOIL,0,K,KCOIL_0_32-52,12.336,intra_mol
1501,3,KCOIL,0,A,KCOIL_0_1-21,11,KCOIL,0,A,KCOIL_0_1-21,12.336,intra_mol
1502,17,ECOIL,0,A,ECOIL_0_1-21,36,ECOIL,0,L,ECOIL_0_32-52,12.343,intra_mol
1503,2,ECOIL,0,I,ECOIL_0_1-21,46,ECOIL,0,E,ECOIL_0_32-52,12.345,intra_mol
1504,24,KCOIL,0,S,linker,30,KCOIL,0,G,linker,12.347,intra_mol
1505,9,KCOIL,0,I,KCOIL_0_1-21,36,KCOIL,0,L,KCOIL_0_32-52,12.349,intra_mol
1506,12,KCOIL,0,L,KCOIL_0_1-21,37,KCOIL,0,K,KCOIL_0_32-52,12.351,intra_mol
1507,17,ECOIL,0,A,ECOIL_0_1-21,33,ECOIL,0,I,ECOIL_0_32-52,12.356,intra_mol
1508,5,KCOIL,0,L,KCOIL_0_1-21,48,KCOIL,0,A,KCOIL_0_32-52,12.359,intra_mol
1509,43,KCOIL,0,L,KCOIL_0_32-52,51,KCOIL,0,K,KCOIL_0_32-52,12.365,intra_mol
1510,11,KCOIL,0,A,KCOIL_0_1-21,40,KCOIL,0,I,KCOIL_0_32-52,12.368,intra_mol
1511,36,KCOIL,0,L,KCOIL_0_32-52,44,KCOIL,0,K,KCOIL_0_32-52,12.370,intra_mol
1512,16,ECOIL,0,I,ECOIL_0_1-21,34,ECOIL,0,A,ECOIL_0_32-52,12.372,intra_mol
1513,8,KCOIL,0,K,KCOIL_0_1-21,40,KCOIL,0,I,KCOIL_0_32-52,12.377,intra_mol
1514,24,KCOIL,0,S,linker,33,KCOIL,0,I,KCOIL_0_32-52,12.378,intra_mol
1515,13,ECOIL,0,E,ECOIL_0_1-21,43,KCOIL,0,L,KCOIL_0_32-52,12.386,inter_mol
1516,2,ECOIL,0,I,ECOIL_0_1-21,49,ECOIL,0,A,ECOIL_0_32-52,12.388,intra_mol
1517,32,KCOIL,0,K,KCOIL_0_32-52,40,KCOIL,0,I,KCOIL_0_32-52,12.393,intra_mol
1518,10,ECOIL,0,A,ECOIL_0_1-21,43,ECOIL,0,L,ECOIL_0_32-52,12.399,intra_mol
1519,18,ECOIL,0,A,ECOIL_0_1-21,25,KCOIL,0,G,linker,12.399,inter_mol
1520,33,ECOIL,0,I,ECOIL_0_32-52,26,KCOIL,0,G,linker,12.405,inter_mol
1521,17,ECOIL,0,A,ECOIL_0_1-21,23,KCOIL,0,G,linker,12.409,inter_mol
1522,16,KCOIL,0,I,KCOIL_0_1-21,32,KCOIL,0,K,KCOIL_0_32-52,12.414,intra_mol
1523,9,KCOIL,0,I,KCOIL_0_1-21,41,KCOIL,0,A,KCOIL_0_32-52,12.416,intra_mol
1524,34,KCOIL,0,A,KCOIL_0_32-52,42,KCOIL,0,A,KCOIL_0_32-52,12.420,intra_mol
1525,49,ECOIL,0,A,ECOIL_0_32-52,44,KCOIL,0,K,KCOIL_0_32-52,12.420,inter_mol
1526,35,ECOIL,0,A,ECOIL_0_32-52,12,KCOIL,0,L,KCOIL_0_1-21,12.425,inter_mol
1527,47,ECOIL,0,I,ECOIL_0_32-52,12,KCOIL,0,L,KCOIL_0_1-21,12.426,inter_mol
1528,41,ECOIL,0,A,ECOIL_0_32-52,49,ECOIL,0,A,ECOIL_0_32-52,12.426,intra_mol
1529,3,ECOIL,0,A,ECOIL_0_1-21,11,ECOIL,0,A,ECOIL_0_1-21,12.427,intra_mol
1530,8,ECOIL,0,E,ECOIL_0_1-21,40,ECOIL,0,I,ECOIL_0_32-52,12.429,intra_mol
1531,10,ECOIL,0,A,ECOIL_0_1-21,42,KCOIL,0,A,KCOIL_0_32-52,12.437,inter_mol
1532,2,ECOIL,0,I,ECOIL_0_1-21,48,ECOIL,0,A,ECOIL_0_32-52,12.439,intra_mol
1533,34,ECOIL,0,A,ECOIL_0_32-52,21,KCOIL,0,E,KCOIL_0_1-21,12.445,inter_mol
1534,34,ECOIL,0,A,ECOIL_0_32-52,42,ECOIL,0,A,ECOIL_0_32-52,12.454,intra_mol
1535,22,ECOIL,0,G,linker,26,ECOIL,0,G,linker,12.456,intra_mol
1536,10,KCOIL,0,A,KCOIL_0_1-21,18,KCOIL,0,A,KCOIL_0_1-21,12.460,intra_mol
1537,50,ECOIL,0,L,ECOIL_0_32-52,44,KCOIL,0,K,KCOIL_0_32-52,12.463,inter_mol
1538,36,ECOIL,0,L,ECOIL_0_32-52,11,KCOIL,0,A,KCOIL_0_1-21,12.464,inter_mol
1539,5,KCOIL,0,L,KCOIL_0_1-21,40,KCOIL,0,I,KCOIL_0_32-52,12.473,intra_mol
1540,13,ECOIL,0,E,ECOIL_0_1-21,32,KCOIL,0,K,KCOIL_0_32-52,12.474,inter_mol
1541,1,ECOIL,0,E,ECOIL_0_1-21,47,ECOIL,0,I,ECOIL_0_32-52,12.482,intra_mol
1542,9,ECOIL,0,I,ECOIL_0_1-21,46,ECOIL,0,E,ECOIL_0_32-52,12.499,intra_mol
1543,17,ECOIL,0,A,ECOIL_0_1-21,30,KCOIL,0,G,linker,12.499,inter_mol
1544,13,ECOIL,0,E,ECOIL_0_1-21,36,ECOIL,0,L,ECOIL_0_32-52,12.505,intra_mol
1545,3,ECOIL,0,A,ECOIL_0_1-21,49,KCOIL,0,A,KCOIL_0_32-52,12.510,inter_mol
1546,13,ECOIL,0,E,ECOIL_0_1-21,17,KCOIL,0,A,KCOIL_0_1-21,12.517,inter_mol
1547,29,KCOIL,0,G,linker,35,KCOIL,0,A,KCOIL_0_32-52,12.519,intra_mol
1548,44,ECOIL,0,E,ECOIL_0_32-52,16,KCOIL,0,I,KCOIL_0_1-21,12.520,inter_mol
1549,50,ECOIL,0,L,ECOIL_0_32-52,9,KCOIL,0,I,KCOIL_0_1-21,12.525,inter_mol
1550,29,ECOIL,0,G,linker,23,KCOIL,0,G,linker,12.528,inter_mol
1551,13,KCOIL,0,K,KCOIL_0_1-21,21,KCOIL,0,E,KCOIL_0_1-21,12.533,intra_mol
1552,10,KCOIL,0,A,KCOIL_0_1-21,40,KCOIL,0,I,KCOIL_0_32-52,12.546,intra_mol
1553,52,ECOIL,0,K,ECOIL_0_32-52,50,KCOIL,0,L,KCOIL_0_32-52,12.547,inter_mol
1554,19,ECOIL,0,L,ECOIL_0_1-21,34,ECOIL,0,A,ECOIL_0_32-52,12.548,intra_mol
1555,18,KCOIL,0,A,KCOIL_0_1-21,33,KCOIL,0,I,KCOIL_0_32-52,12.554,intra_mol
1556,47,ECOIL,0,I,ECOIL_0_32-52,13,KCOIL,0,K,KCOIL_0_1-21,12.560,inter_mol
1557,12,KCOIL,0,L,KCOIL_0_1-21,33,KCOIL,0,I,KCOIL_0_32-52,12.561,intra_mol
1558,15,KCOIL,0,K,KCOIL_0_1-21,33,KCOIL,0,I,KCOIL_0_32-52,12.567,intra_mol
1559,50,ECOIL,0,L,ECOIL_0_32-52,43,KCOIL,0,L,KCOIL_0_32-52,12.569,inter_mol
1560,22,ECOIL,0,G,linker,16,KCOIL,0,I,KCOIL_0_1-21,12.569,inter_mol
1561,33,ECOIL,0,I,ECOIL_0_32-52,31,KCOIL,0,G,linker,12.570,inter_mol
1562,28,KCOIL,0,S,linker,33,KCOIL,0,I,KCOIL_0_32-52,12.589,intra_mol
1563,16,ECOIL,0,I,ECOIL_0_1-21,30,KCOIL,0,G,linker,12.596,inter_mol
1564,6,ECOIL,0,E,ECOIL_0_1-21,43,ECOIL,0,L,ECOIL_0_32-52,12.604,intra_mol
1565,12,ECOIL,0,L,ECOIL_0_1-21,46,KCOIL,0,K,KCOIL_0_32-52,12.607,inter_mol
1566,43,ECOIL,0,L,ECOIL_0_32-52,7,KCOIL,0,E,KCOIL_0_1-21,12.611,inter_mol
1567,45,ECOIL,0,K,ECOIL_0_32-52,2,KCOIL,0,I,KCOIL_0_1-21,12.614,inter_mol
1568,42,ECOIL,0,A,ECOIL_0_32-52,37,KCOIL,0,K,KCOIL_0_32-52,12.614,inter_mol
1569,36,ECOIL,0,L,ECOIL_0_32-52,31,KCOIL,0,G,linker,12.625,inter_mol
1570,5,ECOIL,0,L,ECOIL_0_1-21,12,KCOIL,0,L,KCOIL_0_1-21,12.627,inter_mol
1571,2,KCOIL,0,I,KCOIL_0_1-21,43,KCOIL,0,L,KCOIL_0_32-52,12.633,intra_mol
1572,16,ECOIL,0,I,ECOIL_0_1-21,39,ECOIL,0,E,ECOIL_0_32-52,12.642,intra_mol
1573,18,ECOIL,0,A,ECOIL_0_1-21,36,ECOIL,0,L,ECOIL_0_32-52,12.647,intra_mol
1574,47,ECOIL,0,I,ECOIL_0_32-52,40,KCOIL,0,I,KCOIL_0_32-52,12.651,inter_mol
1575,9,KCOIL,0,I,KCOIL_0_1-21,39,KCOIL,0,K,KCOIL_0_32-52,12.656,intra_mol
1576,36,ECOIL,0,L,ECOIL_0_32-52,42,KCOIL,0,A,KCOIL_0_32-52,12.662,inter_mol
1577,16,KCOIL,0,I,KCOIL_0_1-21,34,KCOIL,0,A,KCOIL_0_32-52,12.663,intra_mol
1578,1,ECOIL,0,E,ECOIL_0_1-21,9,ECOIL,0,I,ECOIL_0_1-21,12.665,intra_mol
1579,10,ECOIL,0,A,ECOIL_0_1-21,18,ECOIL,0,A,ECOIL_0_1-21,12.672,intra_mol
1580,48,ECOIL,0,A,ECOIL_0_32-52,44,KCOIL,0,K,KCOIL_0_32-52,12.675,inter_mol
1581,42,KCOIL,0,A,KCOIL_0_32-52,50,KCOIL,0,L,KCOIL_0_32-52,12.677,intra_mol
1582,43,ECOIL,0,L,ECOIL_0_32-52,51,ECOIL,0,E,ECOIL_0_32-52,12.678,intra_mol
1583,18,ECOIL,0,A,ECOIL_0_1-21,24,KCOIL,0,S,linker,12.683,inter_mol
1584,40,ECOIL,0,I,ECOIL_0_32-52,48,ECOIL,0,A,ECOIL_0_32-52,12.689,intra_mol
1585,38,ECOIL,0,K,ECOIL_0_32-52,46,ECOIL,0,E,ECOIL_0_32-52,12.690,intra_mol
1586,5,ECOIL,0,L,ECOIL_0_1-21,7,KCOIL,0,E,KCOIL_0_1-21,12.690,inter_mol
1587,38,ECOIL,0,K,ECOIL_0_32-52,36,KCOIL,0,L,KCOIL_0_32-52,12.691,inter_mol
1588,9,ECOIL,0,I,ECOIL_0_1-21,36,ECOIL,0,L,ECOIL_0_32-52,12.697,intra_mol
1589,23,ECOIL,0,G,linker,20,KCOIL,0,K,KCOIL_0_1-21,12.700,inter_mol
1590,12,KCOIL,0,L,KCOIL_0_1-21,20,KCOIL,0,K,KCOIL_0_1-21,12.704,intra_mol
1591,45,ECOIL,0,K,ECOIL_0_32-52,43,KCOIL,0,L,KCOIL_0_32-52,12.705,inter_mol
1592,9,KCOIL,0,I,KCOIL_0_1-21,17,KCOIL,0,A,KCOIL_0_1-21,12.705,intra_mol
1593,7,ECOIL,0,K,ECOIL_0_1-21,15,ECOIL,0,E,ECOIL_0_1-21,12.705,intra_mol
1594,5,ECOIL,0,L,ECOIL_0_1-21,48,ECOIL,0,A,ECOIL_0_32-52,12.706,intra_mol
1595,23,ECOIL,0,G,linker,16,KCOIL,0,I,KCOIL_0_1-21,12.707,inter_mol
1596,40,ECOIL,0,I,ECOIL_0_32-52,33,KCOIL,0,I,KCOIL_0_32-52,12.707,inter_mol
1597,9,ECOIL,0,I,ECOIL_0_1-21,16,KCOIL,0,I,KCOIL_0_1-21,12.711,inter_mol
1598,2,ECOIL,0,I,ECOIL_0_1-21,9,KCOIL,0,I,KCOIL_0_1-21,12.712,inter_mol
1599,18,ECOIL,0,A,ECOIL_0_1-21,25,ECOIL,0,G,linker,12.718,intra_mol
1600,23,ECOIL,0,G,linker,36,KCOIL,0,L,KCOIL_0_32-52,12.720,inter_mol
1601,24,KCOIL,0,S,linker,28,KCOIL,0,S,linker,12.722,intra_mol
1602,45,ECOIL,0,K,ECOIL_0_32-52,5,KCOIL,0,L,KCOIL_0_1-21,12.722,inter_mol
1603,5,ECOIL,0,L,ECOIL_0_1-21,44,ECOIL,0,E,ECOIL_0_32-52,12.726,intra_mol
1604,11,ECOIL,0,A,ECOIL_0_1-21,37,KCOIL,0,K,KCOIL_0_32-52,12.730,inter_mol
1605,5,ECOIL,0,L,ECOIL_0_1-21,40,ECOIL,0,I,ECOIL_0_32-52,12.737,intra_mol
1606,49,ECOIL,0,A,ECOIL_0_32-52,9,KCOIL,0,I,KCOIL_0_1-21,12.737,inter_mol
1607,31,ECOIL,0,G,linker,17,KCOIL,0,A,KCOIL_0_1-21,12.737,inter_mol
1608,38,ECOIL,0,K,ECOIL_0_32-52,17,KCOIL,0,A,KCOIL_0_1-21,12.740,inter_mol
1609,29,ECOIL,0,G,linker,16,KCOIL,0,I,KCOIL_0_1-21,12.741,inter_mol
1610,16,ECOIL,0,I,ECOIL_0_1-21,25,ECOIL,0,G,linker,12.742,intra_mol
1611,41,KCOIL,0,A,KCOIL_0_32-52,49,KCOIL,0,A,KCOIL_0_32-52,12.748,intra_mol
1612,25,ECOIL,0,G,linker,29,KCOIL,0,G,linker,12.750,inter_mol
1613,36,ECOIL,0,L,ECOIL_0_32-52,23,KCOIL,0,G,linker,12.750,inter_mol
1614,43,ECOIL,0,L,ECOIL_0_32-52,3,KCOIL,0,A,KCOIL_0_1-21,12.751,inter_mol
1615,38,ECOIL,0,K,ECOIL_0_32-52,9,KCOIL,0,I,KCOIL_0_1-21,12.752,inter_mol
1616,8,ECOIL,0,E,ECOIL_0_1-21,4,KCOIL,0,A,KCOIL_0_1-21,12.753,inter_mol
1617,2,ECOIL,0,I,ECOIL_0_1-21,43,ECOIL,0,L,ECOIL_0_32-52,12.755,intra_mol
1618,36,ECOIL,0,L,ECOIL_0_32-52,14,KCOIL,0,E,KCOIL_0_1-21,12.755,inter_mol
1619,40,ECOIL,0,I,ECOIL_0_32-52,7,KCOIL,0,E,KCOIL_0_1-21,12.756,inter_mol
1620,15,ECOIL,0,E,ECOIL_0_1-21,11,KCOIL,0,A,KCOIL_0_1-21,12.761,inter_mol
1621,17,KCOIL,0,A,KCOIL_0_1-21,24,KCOIL,0,S,linker,12.761,intra_mol
1622,32,ECOIL,0,E,ECOIL_0_32-52,24,KCOIL,0,S,linker,12.765,inter_mol
1623,41,ECOIL,0,A,ECOIL_0_32-52,5,KCOIL,0,L,KCOIL_0_1-21,12.767,inter_mol
1624,19,ECOIL,0,L,ECOIL_0_1-21,35,ECOIL,0,A,ECOIL_0_32-52,12.771,intra_mol
1625,12,ECOIL,0,L,ECOIL_0_1-21,41,ECOIL,0,A,ECOIL_0_32-52,12.778,intra_mol
1626,40,ECOIL,0,I,ECOIL_0_32-52,18,KCOIL,0,A,KCOIL_0_1-21,12.783,inter_mol
1627,42,ECOIL,0,A,ECOIL_0_32-52,16,KCOIL,0,I,KCOIL_0_1-21,12.788,inter_mol
1628,15,ECOIL,0,E,ECOIL_0_1-21,33,ECOIL,0,I,ECOIL_0_32-52,12.789,intra_mol
1629,2,ECOIL,0,I,ECOIL_0_1-21,7,KCOIL,0,E,KCOIL_0_1-21,12.790,inter_mol
1630,12,ECOIL,0,L,ECOIL_0_1-21,35,ECOIL,0,A,ECOIL_0_32-52,12.805,intra_mol
1631,2,ECOIL,0,I,ECOIL_0_1-21,10,ECOIL,0,A,ECOIL_0_1-21,12.805,intra_mol
1632,47,ECOIL,0,I,ECOIL_0_32-52,11,KCOIL,0,A,KCOIL_0_1-21,12.806,inter_mol
1633,6,ECOIL,0,E,ECOIL_0_1-21,11,KCOIL,0,A,KCOIL_0_1-21,12.812,inter_mol
1634,11,ECOIL,0,A,ECOIL_0_1-21,34,KCOIL,0,A,KCOIL_0_32-52,12.818,inter_mol
1635,44,KCOIL,0,K,KCOIL_0_32-52,52,KCOIL,0,E,KCOIL_0_32-52,12.821,intra_mol
1636,4,ECOIL,0,A,ECOIL_0_1-21,43,ECOIL,0,L,ECOIL_0_32-52,12.824,intra_mol
1637,5,ECOIL,0,L,ECOIL_0_1-21,42,ECOIL,0,A,ECOIL_0_32-52,12.832,intra_mol
1638,30,ECOIL,0,G,linker,16,KCOIL,0,I,KCOIL_0_1-21,12.835,inter_mol
1639,3,KCOIL,0,A,KCOIL_0_1-21,50,KCOIL,0,L,KCOIL_0_32-52,12.835,intra_mol
1640,37,KCOIL,0,K,KCOIL_0_32-52,45,KCOIL,0,E,KCOIL_0_32-52,12.839,intra_mol
1641,12,KCOIL,0,L,KCOIL_0_1-21,41,KCOIL,0,A,KCOIL_0_32-52,12.841,intra_mol
1642,2,KCOIL,0,I,KCOIL_0_1-21,10,KCOIL,0,A,KCOIL_0_1-21,12.844,intra_mol
1643,40,KCOIL,0,I,KCOIL_0_32-52,48,KCOIL,0,A,KCOIL_0_32-52,12.844,intra_mol
1644,9,KCOIL,0,I,KCOIL_0_1-21,42,KCOIL,0,A,KCOIL_0_32-52,12.845,intra_mol
1645,19,ECOIL,0,L,ECOIL_0_1-21,39,KCOIL,0,K,KCOIL_0_32-52,12.851,inter_mol
1646,12,ECOIL,0,L,ECOIL_0_1-21,14,KCOIL,0,E,KCOIL_0_1-21,12.853,inter_mol
1647,37,ECOIL,0,E,ECOIL_0_32-52,45,ECOIL,0,K,ECOIL_0_32-52,12.856,intra_mol
1648,11,KCOIL,0,A,KCOIL_0_1-21,36,KCOIL,0,L,KCOIL_0_32-52,12.868,intra_mol
1649,25,KCOIL,0,G,linker,32,KCOIL,0,K,KCOIL_0_32-52,12.876,intra_mol
1650,17,KCOIL,0,A,KCOIL_0_1-21,33,KCOIL,0,I,KCOIL_0_32-52,12.884,intra_mol
1651,16,KCOIL,0,I,KCOIL_0_1-21,35,KCOIL,0,A,KCOIL_0_32-52,12.888,intra_mol
1652,24,ECOIL,0,S,linker,35,ECOIL,0,A,ECOIL_0_32-52,12.892,intra_mol
1653,2,KCOIL,0,I,KCOIL_0_1-21,46,KCOIL,0,K,KCOIL_0_32-52,12.893,intra_mol
1654,24,ECOIL,0,S,linker,30,ECOIL,0,G,linker,12.896,intra_mol
1655,12,ECOIL,0,L,ECOIL_0_1-21,19,KCOIL,0,L,KCOIL_0_1-21,12.899,inter_mol
1656,11,ECOIL,0,A,ECOIL_0_1-21,43,ECOIL,0,L,ECOIL_0_32-52,12.908,intra_mol
1657,19,ECOIL,0,L,ECOIL_0_1-21,31,ECOIL,0,G,linker,12.911,intra_mol
1658,4,KCOIL,0,A,KCOIL_0_1-21,43,KCOIL,0,L,KCOIL_0_32-52,12.918,intra_mol
1659,10,ECOIL,0,A,ECOIL_0_1-21,35,KCOIL,0,A,KCOIL_0_32-52,12.919,inter_mol
1660,15,ECOIL,0,E,ECOIL_0_1-21,43,KCOIL,0,L,KCOIL_0_32-52,12.923,inter_mol
1661,9,ECOIL,0,I,ECOIL_0_1-21,17,ECOIL,0,A,ECOIL_0_1-21,12.928,intra_mol
1662,12,KCOIL,0,L,KCOIL_0_1-21,35,KCOIL,0,A,KCOIL_0_32-52,12.929,intra_mol
1663,46,ECOIL,0,E,ECOIL_0_32-52,3,KCOIL,0,A,KCOIL_0_1-21,12.939,inter_mol
1664,3,ECOIL,0,A,ECOIL_0_1-21,50,ECOIL,0,L,ECOIL_0_32-52,12.940,intra_mol
1665,20,ECOIL,0,E,ECOIL_0_1-21,13,KCOIL,0,K,KCOIL_0_1-21,12.941,inter_mol
1666,29,ECOIL,0,G,linker,19,KCOIL,0,L,KCOIL_0_1-21,12.941,inter_mol
1667,9,ECOIL,0,I,ECOIL_0_1-21,14,KCOIL,0,E,KCOIL_0_1-21,12.943,inter_mol
1668,41,ECOIL,0,A,ECOIL_0_32-52,37,KCOIL,0,K,KCOIL_0_32-52,12.948,inter_mol
1669,36,ECOIL,0,L,ECOIL_0_32-52,10,KCOIL,0,A,KCOIL_0_1-21,12.954,inter_mol
1670,38,ECOIL,0,K,ECOIL_0_32-52,12,KCOIL,0,L,KCOIL_0_1-21,12.961,inter_mol
1671,8,ECOIL,0,E,ECOIL_0_1-21,47,ECOIL,0,I,ECOIL_0_32-52,12.962,intra_mol
1672,13,ECOIL,0,E,ECOIL_0_1-21,35,KCOIL,0,A,KCOIL_0_32-52,12.962,inter_mol
1673,33,ECOIL,0,I,ECOIL_0_32-52,41,ECOIL,0,A,ECOIL_0_32-52,12.964,intra_mol
1674,19,ECOIL,0,L,ECOIL_0_1-21,21,KCOIL,0,E,KCOIL_0_1-21,12.967,inter_mol
1675,12,ECOIL,0,L,ECOIL_0_1-21,42,ECOIL,0,A,ECOIL_0_32-52,12.967,intra_mol
1676,13,KCOIL,0,K,KCOIL_0_1-21,36,KCOIL,0,L,KCOIL_0_32-52,12.967,intra_mol
1677,15,ECOIL,0,E,ECOIL_0_1-21,24,ECOIL,0,S,linker,12.969,intra_mol
1678,18,ECOIL,0,A,ECOIL_0_1-21,39,KCOIL,0,K,KCOIL_0_32-52,12.974,inter_mol
1679,29,ECOIL,0,G,linker,17,KCOIL,0,A,KCOIL_0_1-21,12.979,inter_mol
1680,15,ECOIL,0,E,ECOIL_0_1-21,40,ECOIL,0,I,ECOIL_0_32-52,12.980,intra_mol
1681,20,KCOIL,0,K,KCOIL_0_1-21,25,KCOIL,0,G,linker,12.983,intra_mol
1682,13,ECOIL,0,E,ECOIL_0_1-21,43,ECOIL,0,L,ECOIL_0_32-52,12.984,intra_mol
1683,14,ECOIL,0,K,ECOIL_0_1-21,22,ECOIL,0,G,linker,12.987,intra_mol
1684,33,KCOIL,0,I,KCOIL_0_32-52,41,KCOIL,0,A,KCOIL_0_32-52,12.990,intra_mol
1685,6,ECOIL,0,E,ECOIL_0_1-21,39,KCOIL,0,K,KCOIL_0_32-52,12.998,inter_mol
1686,6,KCOIL,0,K,KCOIL_0_1-21,43,KCOIL,0,L,KCOIL_0_32-52,13.003,intra_mol
1687,5,ECOIL,0,L,ECOIL_0_1-21,49,ECOIL,0,A,ECOIL_0_32-52,13.010,intra_mol
1688,1,KCOIL,0,K,KCOIL_0_1-21,47,KCOIL,0,I,KCOIL_0_32-52,13.010,intra_mol
1689,4,ECOIL,0,A,ECOIL_0_1-21,44,KCOIL,0,K,KCOIL_0_32-52,13.012,inter_mol
1690,20,ECOIL,0,E,ECOIL_0_1-21,30,KCOIL,0,G,linker,13.014,inter_mol
1691,5,KCOIL,0,L,KCOIL_0_1-21,51,KCOIL,0,K,KCOIL_0_32-52,13.015,intra_mol
1692,5,KCOIL,0,L,KCOIL_0_1-21,49,KCOIL,0,A,KCOIL_0_32-52,13.019,intra_mol
1693,12,ECOIL,0,L,ECOIL_0_1-21,37,ECOIL,0,E,ECOIL_0_32-52,13.020,intra_mol
1694,39,ECOIL,0,E,ECOIL_0_32-52,47,ECOIL,0,I,ECOIL_0_32-52,13.022,intra_mol
1695,4,ECOIL,0,A,ECOIL_0_1-21,40,KCOIL,0,I,KCOIL_0_32-52,13.022,inter_mol
1696,25,ECOIL,0,G,linker,37,ECOIL,0,E,ECOIL_0_32-52,13.025,intra_mol
1697,11,ECOIL,0,A,ECOIL_0_1-21,36,ECOIL,0,L,ECOIL_0_32-52,13.025,intra_mol
1698,4,ECOIL,0,A,ECOIL_0_1-21,41,KCOIL,0,A,KCOIL_0_32-52,13.035,inter_mol
1699,19,KCOIL,0,L,KCOIL_0_1-21,30,KCOIL,0,G,linker,13.042,intra_mol
1700,7,ECOIL,0,K,ECOIL_0_1-21,40,KCOIL,0,I,KCOIL_0_32-52,13.043,inter_mol
1701,19,KCOIL,0,L,KCOIL_0_1-21,34,KCOIL,0,A,KCOIL_0_32-52,13.046,intra_mol
1702,34,ECOIL,0,A,ECOIL_0_32-52,12,KCOIL,0,L,KCOIL_0_1-21,13.048,inter_mol
1703,5,KCOIL,0,L,KCOIL_0_1-21,13,KCOIL,0,K,KCOIL_0_1-21,13.049,intra_mol
1704,19,KCOIL,0,L,KCOIL_0_1-21,37,KCOIL,0,K,KCOIL_0_32-52,13.051,intra_mol
1705,8,ECOIL,0,E,ECOIL_0_1-21,16,ECOIL,0,I,ECOIL_0_1-21,13.055,intra_mol
1706,8,ECOIL,0,E,ECOIL_0_1-21,37,KCOIL,0,K,KCOIL_0_32-52,13.056,inter_mol
1707,17,ECOIL,0,A,ECOIL_0_1-21,39,KCOIL,0,K,KCOIL_0_32-52,13.061,inter_mol
1708,12,ECOIL,0,L,ECOIL_0_1-21,33,ECOIL,0,I,ECOIL_0_32-52,13.062,intra_mol
1709,12,KCOIL,0,L,KCOIL_0_1-21,44,KCOIL,0,K,KCOIL_0_32-52,13.066,intra_mol
1710,8,KCOIL,0,K,KCOIL_0_1-21,47,KCOIL,0,I,KCOIL_0_32-52,13.069,intra_mol
1711,5,ECOIL,0,L,ECOIL_0_1-21,51,ECOIL,0,E,ECOIL_0_32-52,13.071,intra_mol
1712,22,ECOIL,0,G,linker,36,KCOIL,0,L,KCOIL_0_32-52,13.072,inter_mol
1713,7,KCOIL,0,E,KCOIL_0_1-21,15,KCOIL,0,K,KCOIL_0_1-21,13.072,intra_mol
1714,33,ECOIL,0,I,ECOIL_0_32-52,14,KCOIL,0,E,KCOIL_0_1-21,13.073,inter_mol
1715,15,KCOIL,0,K,KCOIL_0_1-21,40,KCOIL,0,I,KCOIL_0_32-52,13.073,intra_mol
1716,15,KCOIL,0,K,KCOIL_0_1-21,32,KCOIL,0,K,KCOIL_0_32-52,13.079,intra_mol
1717,44,ECOIL,0,E,ECOIL_0_32-52,51,KCOIL,0,K,KCOIL_0_32-52,13.100,inter_mol
1718,47,ECOIL,0,I,ECOIL_0_32-52,45,KCOIL,0,E,KCOIL_0_32-52,13.106,inter_mol
1719,39,ECOIL,0,E,ECOIL_0_32-52,10,KCOIL,0,A,KCOIL_0_1-21,13.106,inter_mol
1720,9,ECOIL,0,I,ECOIL_0_1-21,45,KCOIL,0,E,KCOIL_0_32-52,13.110,inter_mol
1721,52,ECOIL,0,K,ECOIL_0_32-52,47,KCOIL,0,I,KCOIL_0_32-52,13.113,inter_mol
1722,16,ECOIL,0,I,ECOIL_0_1-21,38,KCOIL,0,E,KCOIL_0_32-52,13.114,inter_mol
1723,14,ECOIL,0,K,ECOIL_0_1-21,40,KCOIL,0,I,KCOIL_0_32-52,13.117,inter_mol
1724,18,ECOIL,0,A,ECOIL_0_1-21,17,KCOIL,0,A,KCOIL_0_1-21,13.121,inter_mol
1725,37,ECOIL,0,E,ECOIL_0_32-52,23,KCOIL,0,G,linker,13.124,inter_mol
1726,11,ECOIL,0,A,ECOIL_0_1-21,33,KCOIL,0,I,KCOIL_0_32-52,13.128,inter_mol
1727,39,ECOIL,0,E,ECOIL_0_32-52,48,KCOIL,0,A,KCOIL_0_32-52,13.132,inter_mol
1728,18,KCOIL,0,A,KCOIL_0_1-21,25,KCOIL,0,G,linker,13.133,intra_mol
1729,36,ECOIL,0,L,ECOIL_0_32-52,44,ECOIL,0,E,ECOIL_0_32-52,13.136,intra_mol
1730,17,ECOIL,0,A,ECOIL_0_1-21,8,KCOIL,0,K,KCOIL_0_1-21,13.136,inter_mol
1731,10,KCOIL,0,A,KCOIL_0_1-21,43,KCOIL,0,L,KCOIL_0_32-52,13.139,intra_mol
1732,6,ECOIL,0,E,ECOIL_0_1-21,42,KCOIL,0,A,KCOIL_0_32-52,13.142,inter_mol
1733,14,ECOIL,0,K,ECOIL_0_1-21,33,KCOIL,0,I,KCOIL_0_32-52,13.153,inter_mol
1734,22,KCOIL,0,G,linker,33,KCOIL,0,I,KCOIL_0_32-52,13.156,intra_mol
1735,5,ECOIL,0,L,ECOIL_0_1-21,13,ECOIL,0,E,ECOIL_0_1-21,13.158,intra_mol
1736,4,ECOIL,0,A,ECOIL_0_1-21,9,KCOIL,0,I,KCOIL_0_1-21,13.161,inter_mol
1737,11,ECOIL,0,A,ECOIL_0_1-21,46,KCOIL,0,K,KCOIL_0_32-52,13.165,inter_mol
1738,6,ECOIL,0,E,ECOIL_0_1-21,10,KCOIL,0,A,KCOIL_0_1-21,13.173,inter_mol
1739,5,KCOIL,0,L,KCOIL_0_1-21,42,KCOIL,0,A,KCOIL_0_32-52,13.175,intra_mol
1740,9,ECOIL,0,I,ECOIL_0_1-21,35,KCOIL,0,A,KCOIL_0_32-52,13.175,inter_mol
1741,19,KCOIL,0,L,KCOIL_0_1-21,31,KCOIL,0,G,linker,13.177,intra_mol
1742,17,KCOIL,0,A,KCOIL_0_1-21,36,KCOIL,0,L,KCOIL_0_32-52,13.178,intra_mol
1743,38,KCOIL,0,E,KCOIL_0_32-52,46,KCOIL,0,K,KCOIL_0_32-52,13.178,intra_mol
1744,18,ECOIL,0,A,ECOIL_0_1-21,26,KCOIL,0,G,linker,13.180,inter_mol
1745,24,ECOIL,0,S,linker,15,KCOIL,0,K,KCOIL_0_1-21,13.181,inter_mol
1746,25,ECOIL,0,G,linker,36,KCOIL,0,L,KCOIL_0_32-52,13.187,inter_mol
1747,42,ECOIL,0,A,ECOIL_0_32-52,46,KCOIL,0,K,KCOIL_0_32-52,13.187,inter_mol
1748,19,ECOIL,0,L,ECOIL_0_1-21,40,KCOIL,0,I,KCOIL_0_32-52,13.191,inter_mol
1749,48,ECOIL,0,A,ECOIL_0_32-52,49,KCOIL,0,A,KCOIL_0_32-52,13.192,inter_mol
1750,4,KCOIL,0,A,KCOIL_0_1-21,50,KCOIL,0,L,KCOIL_0_32-52,13.193,intra_mol
1751,15,ECOIL,0,E,ECOIL_0_1-21,41,KCOIL,0,A,KCOIL_0_32-52,13.194,inter_mol
1752,14,KCOIL,0,E,KCOIL_0_1-21,22,KCOIL,0,G,linker,13.197,intra_mol
1753,19,KCOIL,0,L,KCOIL_0_1-21,27,KCOIL,0,G,linker,13.200,intra_mol
1754,21,ECOIL,0,K,ECOIL_0_1-21,16,KCOIL,0,I,KCOIL_0_1-21,13.203,inter_mol
1755,19,ECOIL,0,L,ECOIL_0_1-21,37,ECOIL,0,E,ECOIL_0_32-52,13.208,intra_mol
1756,27,ECOIL,0,G,linker,37,KCOIL,0,K,KCOIL_0_32-52,13.218,inter_mol
1757,8,ECOIL,0,E,ECOIL_0_1-21,48,KCOIL,0,A,KCOIL_0_32-52,13.225,inter_mol
1758,7,ECOIL,0,K,ECOIL_0_1-21,47,KCOIL,0,I,KCOIL_0_32-52,13.234,inter_mol
1759,32,ECOIL,0,E,ECOIL_0_32-52,40,ECOIL,0,I,ECOIL_0_32-52,13.237,intra_mol
1760,24,ECOIL,0,S,linker,35,KCOIL,0,A,KCOIL_0_32-52,13.237,inter_mol
1761,30,KCOIL,0,G,linker,37,KCOIL,0,K,KCOIL_0_32-52,13.237,intra_mol
1762,7,ECOIL,0,K,ECOIL_0_1-21,9,KCOIL,0,I,KCOIL_0_1-21,13.238,inter_mol
1763,34,ECOIL,0,A,ECOIL_0_32-52,22,KCOIL,0,G,linker,13.242,inter_mol
1764,31,ECOIL,0,G,linker,24,KCOIL,0,S,linker,13.246,inter_mol
1765,6,ECOIL,0,E,ECOIL_0_1-21,14,ECOIL,0,K,ECOIL_0_1-21,13.252,intra_mol
1766,8,ECOIL,0,E,ECOIL_0_1-21,39,ECOIL,0,E,ECOIL_0_32-52,13.254,intra_mol
1767,49,ECOIL,0,A,ECOIL_0_32-52,4,KCOIL,0,A,KCOIL_0_1-21,13.259,inter_mol
1768,11,ECOIL,0,A,ECOIL_0_1-21,16,KCOIL,0,I,KCOIL_0_1-21,13.267,inter_mol
1769,33,ECOIL,0,I,ECOIL_0_32-52,27,KCOIL,0,G,linker,13.271,inter_mol
1770,37,ECOIL,0,E,ECOIL_0_32-52,44,KCOIL,0,K,KCOIL_0_32-52,13.273,inter_mol
1771,23,ECOIL,0,G,linker,35,KCOIL,0,A,KCOIL_0_32-52,13.274,inter_mol
1772,15,ECOIL,0,E,ECOIL_0_1-21,32,ECOIL,0,E,ECOIL_0_32-52,13.274,intra_mol
1773,8,KCOIL,0,K,KCOIL_0_1-21,16,KCOIL,0,I,KCOIL_0_1-21,13.288,intra_mol
1774,6,ECOIL,0,E,ECOIL_0_1-21,50,ECOIL,0,L,ECOIL_0_32-52,13.292,intra_mol
1775,33,ECOIL,0,I,ECOIL_0_32-52,30,KCOIL,0,G,linker,13.294,inter_mol
1776,44,ECOIL,0,E,ECOIL_0_32-52,48,KCOIL,0,A,KCOIL_0_32-52,13.296,inter_mol
1777,51,ECOIL,0,E,ECOIL_0_32-52,48,KCOIL,0,A,KCOIL_0_32-52,13.298,inter_mol
1778,10,ECOIL,0,A,ECOIL_0_1-21,46,KCOIL,0,K,KCOIL_0_32-52,13.300,inter_mol
1779,15,ECOIL,0,E,ECOIL_0_1-21,42,KCOIL,0,A,KCOIL_0_32-52,13.302,inter_mol
1780,24,ECOIL,0,S,linker,29,ECOIL,0,G,linker,13.305,intra_mol
1781,30,ECOIL,0,G,linker,19,KCOIL,0,L,KCOIL_0_1-21,13.314,inter_mol
1782,25,ECOIL,0,G,linker,37,KCOIL,0,K,KCOIL_0_32-52,13.315,inter_mol
1783,32,ECOIL,0,E,ECOIL_0_32-52,17,KCOIL,0,A,KCOIL_0_1-21,13.316,inter_mol
1784,4,ECOIL,0,A,ECOIL_0_1-21,50,ECOIL,0,L,ECOIL_0_32-52,13.318,intra_mol
1785,20,ECOIL,0,E,ECOIL_0_1-21,27,ECOIL,0,G,linker,13.320,intra_mol
1786,3,ECOIL,0,A,ECOIL_0_1-21,42,KCOIL,0,A,KCOIL_0_32-52,13.324,inter_mol
1787,8,ECOIL,0,E,ECOIL_0_1-21,50,KCOIL,0,L,KCOIL_0_32-52,13.325,inter_mol
1788,14,ECOIL,0,K,ECOIL_0_1-21,16,KCOIL,0,I,KCOIL_0_1-21,13.329,inter_mol
1789,15,ECOIL,0,E,ECOIL_0_1-21,8,KCOIL,0,K,KCOIL_0_1-21,13.335,inter_mol
1790,35,ECOIL,0,A,ECOIL_0_32-52,39,KCOIL,0,K,KCOIL_0_32-52,13.336,inter_mol
1791,29,ECOIL,0,G,linker,21,KCOIL,0,E,KCOIL_0_1-21,13.341,inter_mol
1792,40,ECOIL,0,I,ECOIL_0_32-52,38,KCOIL,0,E,KCOIL_0_32-52,13.346,inter_mol
1793,12,ECOIL,0,L,ECOIL_0_1-21,47,KCOIL,0,I,KCOIL_0_32-52,13.357,inter_mol
1794,23,KCOIL,0,G,linker,30,KCOIL,0,G,linker,13.365,intra_mol
1795,12,ECOIL,0,L,ECOIL_0_1-21,44,ECOIL,0,E,ECOIL_0_32-52,13.365,intra_mol
1796,19,ECOIL,0,L,ECOIL_0_1-21,28,KCOIL,0,S,linker,13.366,inter_mol
1797,48,ECOIL,0,A,ECOIL_0_32-52,1,KCOIL,0,K,KCOIL_0_1-21,13.367,inter_mol
1798,20,ECOIL,0,E,ECOIL_0_1-21,26,ECOIL,0,G,linker,13.376,intra_mol
1799,16,KCOIL,0,I,KCOIL_0_1-21,24,KCOIL,0,S,linker,13.378,intra_mol
1800,41,ECOIL,0,A,ECOIL_0_32-52,8,KCOIL,0,K,KCOIL_0_1-21,13.379,inter_mol
1801,45,ECOIL,0,K,ECOIL_0_32-52,50,KCOIL,0,L,KCOIL_0_32-52,13.379,inter_mol
1802,21,ECOIL,0,K,ECOIL_0_1-21,33,KCOIL,0,I,KCOIL_0_32-52,13.386,inter_mol
1803,24,ECOIL,0,S,linker,37,KCOIL,0,K,KCOIL_0_32-52,13.388,inter_mol
1804,11,ECOIL,0,A,ECOIL_0_1-21,10,KCOIL,0,A,KCOIL_0_1-21,13.388,inter_mol
1805,39,KCOIL,0,K,KCOIL_0_32-52,47,KCOIL,0,I,KCOIL_0_32-52,13.400,intra_mol
1806,12,ECOIL,0,L,ECOIL_0_1-21,31,KCOIL,0,G,linker,13.401,inter_mol
1807,2,ECOIL,0,I,ECOIL_0_1-21,52,KCOIL,0,E,KCOIL_0_32-52,13.408,inter_mol
1808,7,ECOIL,0,K,ECOIL_0_1-21,12,KCOIL,0,L,KCOIL_0_1-21,13.410,inter_mol
1809,16,ECOIL,0,I,ECOIL_0_1-21,21,KCOIL,0,E,KCOIL_0_1-21,13.411,inter_mol
1810,31,ECOIL,0,G,linker,26,KCOIL,0,G,linker,13.412,inter_mol
1811,22,ECOIL,0,G,linker,20,KCOIL,0,K,KCOIL_0_1-21,13.415,inter_mol
1812,40,ECOIL,0,I,ECOIL_0_32-52,35,KCOIL,0,A,KCOIL_0_32-52,13.420,inter_mol
1813,18,KCOIL,0,A,KCOIL_0_1-21,36,KCOIL,0,L,KCOIL_0_32-52,13.425,intra_mol
1814,47,ECOIL,0,I,ECOIL_0_32-52,42,KCOIL,0,A,KCOIL_0_32-52,13.432,inter_mol
1815,45,ECOIL,0,K,ECOIL_0_32-52,40,KCOIL,0,I,KCOIL_0_32-52,13.433,inter_mol
1816,17,ECOIL,0,A,ECOIL_0_1-21,34,KCOIL,0,A,KCOIL_0_32-52,13.446,inter_mol
1817,8,KCOIL,0,K,KCOIL_0_1-21,39,KCOIL,0,K,KCOIL_0_32-52,13.446,intra_mol
1818,41,ECOIL,0,A,ECOIL_0_32-52,36,KCOIL,0,L,KCOIL_0_32-52,13.449,inter_mol
1819,30,ECOIL,0,G,linker,23,KCOIL,0,G,linker,13.453,inter_mol
1820,14,ECOIL,0,K,ECOIL_0_1-21,31,KCOIL,0,G,linker,13.457,inter_mol
1821,42,ECOIL,0,A,ECOIL_0_32-52,11,KCOIL,0,A,KCOIL_0_1-21,13.464,inter_mol
1822,22,ECOIL,0,G,linker,17,KCOIL,0,A,KCOIL_0_1-21,13.466,inter_mol
1823,20,ECOIL,0,E,ECOIL_0_1-21,31,KCOIL,0,G,linker,13.467,inter_mol
1824,47,ECOIL,0,I,ECOIL_0_32-52,52,KCOIL,0,E,KCOIL_0_32-52,13.473,inter_mol
1825,48,ECOIL,0,A,ECOIL_0_32-52,43,KCOIL,0,L,KCOIL_0_32-52,13.484,inter_mol
1826,8,ECOIL,0,E,ECOIL_0_1-21,49,KCOIL,0,A,KCOIL_0_32-52,13.488,inter_mol
1827,11,KCOIL,0,A,KCOIL_0_1-21,43,KCOIL,0,L,KCOIL_0_32-52,13.497,intra_mol
1828,21,ECOIL,0,K,ECOIL_0_1-21,31,KCOIL,0,G,linker,13.501,inter_mol
1829,12,KCOIL,0,L,KCOIL_0_1-21,32,KCOIL,0,K,KCOIL_0_32-52,13.509,intra_mol
1830,1,KCOIL,0,K,KCOIL_0_1-21,9,KCOIL,0,I,KCOIL_0_1-21,13.513,intra_mol
1831,9,KCOIL,0,I,KCOIL_0_1-21,46,KCOIL,0,K,KCOIL_0_32-52,13.515,intra_mol
1832,16,ECOIL,0,I,ECOIL_0_1-21,27,ECOIL,0,G,linker,13.521,intra_mol
1833,21,KCOIL,0,E,KCOIL_0_1-21,25,KCOIL,0,G,linker,13.526,intra_mol
1834,38,ECOIL,0,K,ECOIL_0_32-52,33,KCOIL,0,I,KCOIL_0_32-52,13.534,inter_mol
1835,9,ECOIL,0,I,ECOIL_0_1-21,38,KCOIL,0,E,KCOIL_0_32-52,13.544,inter_mol
1836,43,ECOIL,0,L,ECOIL_0_32-52,38,KCOIL,0,E,KCOIL_0_32-52,13.558,inter_mol
1837,22,ECOIL,0,G,linker,21,KCOIL,0,E,KCOIL_0_1-21,13.559,inter_mol
1838,1,ECOIL,0,E,ECOIL_0_1-21,44,KCOIL,0,K,KCOIL_0_32-52,13.562,inter_mol
1839,6,KCOIL,0,K,KCOIL_0_1-21,50,KCOIL,0,L,KCOIL_0_32-52,13.566,intra_mol
1840,37,ECOIL,0,E,ECOIL_0_32-52,41,KCOIL,0,A,KCOIL_0_32-52,13.567,inter_mol
1841,17,ECOIL,0,A,ECOIL_0_1-21,13,KCOIL,0,K,KCOIL_0_1-21,13.568,inter_mol
1842,11,ECOIL,0,A,ECOIL_0_1-21,20,ECOIL,0,E,ECOIL_0_1-21,13.568,intra_mol
1843,4,ECOIL,0,A,ECOIL_0_1-21,3,KCOIL,0,A,KCOIL_0_1-21,13.578,inter_mol
1844,46,ECOIL,0,E,ECOIL_0_32-52,10,KCOIL,0,A,KCOIL_0_1-21,13.584,inter_mol
1845,19,ECOIL,0,L,ECOIL_0_1-21,14,KCOIL,0,E,KCOIL_0_1-21,13.587,inter_mol
1846,31,ECOIL,0,G,linker,40,ECOIL,0,I,ECOIL_0_32-52,13.589,intra_mol
1847,9,ECOIL,0,I,ECOIL_0_1-21,37,KCOIL,0,K,KCOIL_0_32-52,13.595,inter_mol
1848,12,KCOIL,0,L,KCOIL_0_1-21,42,KCOIL,0,A,KCOIL_0_32-52,13.596,intra_mol
1849,39,ECOIL,0,E,ECOIL_0_32-52,46,KCOIL,0,K,KCOIL_0_32-52,13.600,inter_mol
1850,19,ECOIL,0,L,ECOIL_0_1-21,11,KCOIL,0,A,KCOIL_0_1-21,13.609,inter_mol
1851,17,ECOIL,0,A,ECOIL_0_1-21,20,KCOIL,0,K,KCOIL_0_1-21,13.612,inter_mol
1852,1,ECOIL,0,E,ECOIL_0_1-21,4,KCOIL,0,A,KCOIL_0_1-21,13.612,inter_mol
1853,2,ECOIL,0,I,ECOIL_0_1-21,42,KCOIL,0,A,KCOIL_0_32-52,13.613,inter_mol
1854,16,KCOIL,0,I,KCOIL_0_1-21,39,KCOIL,0,K,KCOIL_0_32-52,13.620,intra_mol
1855,23,ECOIL,0,G,linker,15,KCOIL,0,K,KCOIL_0_1-21,13.626,inter_mol
1856,38,ECOIL,0,K,ECOIL_0_32-52,43,KCOIL,0,L,KCOIL_0_32-52,13.629,inter_mol
1857,51,ECOIL,0,E,ECOIL_0_32-52,10,KCOIL,0,A,KCOIL_0_1-21,13.630,inter_mol
1858,31,ECOIL,0,G,linker,25,KCOIL,0,G,linker,13.630,inter_mol
1859,1,ECOIL,0,E,ECOIL_0_1-21,46,ECOIL,0,E,ECOIL_0_32-52,13.641,intra_mol
1860,9,ECOIL,0,I,ECOIL_0_1-21,50,KCOIL,0,L,KCOIL_0_32-52,13.645,inter_mol
1861,30,ECOIL,0,G,linker,34,KCOIL,0,A,KCOIL_0_32-52,13.652,inter_mol
1862,48,ECOIL,0,A,ECOIL_0_32-52,8,KCOIL,0,K,KCOIL_0_1-21,13.657,inter_mol
1863,10,ECOIL,0,A,ECOIL_0_1-21,6,KCOIL,0,K,KCOIL_0_1-21,13.660,inter_mol
1864,41,ECOIL,0,A,ECOIL_0_32-52,20,KCOIL,0,K,KCOIL_0_1-21,13.663,inter_mol
1865,23,ECOIL,0,G,linker,31,ECOIL,0,G,linker,13.674,intra_mol
1866,23,ECOIL,0,G,linker,36,ECOIL,0,L,ECOIL_0_32-52,13.679,intra_mol
1867,10,ECOIL,0,A,ECOIL_0_1-21,1,KCOIL,0,K,KCOIL_0_1-21,13.685,inter_mol
1868,40,ECOIL,0,I,ECOIL_0_32-52,45,KCOIL,0,E,KCOIL_0_32-52,13.687,inter_mol
1869,35,ECOIL,0,A,ECOIL_0_32-52,18,KCOIL,0,A,KCOIL_0_1-21,13.696,inter_mol
1870,16,ECOIL,0,I,ECOIL_0_1-21,43,KCOIL,0,L,KCOIL_0_32-52,13.699,inter_mol
1871,6,ECOIL,0,E,ECOIL_0_1-21,40,KCOIL,0,I,KCOIL_0_32-52,13.702,inter_mol
1872,23,ECOIL,0,G,linker,21,KCOIL,0,E,KCOIL_0_1-21,13.706,inter_mol
1873,34,ECOIL,0,A,ECOIL_0_32-52,15,KCOIL,0,K,KCOIL_0_1-21,13.707,inter_mol
1874,10,ECOIL,0,A,ECOIL_0_1-21,41,KCOIL,0,A,KCOIL_0_32-52,13.708,inter_mol
1875,18,ECOIL,0,A,ECOIL_0_1-21,11,KCOIL,0,A,KCOIL_0_1-21,13.713,inter_mol
1876,47,ECOIL,0,I,ECOIL_0_32-52,41,KCOIL,0,A,KCOIL_0_32-52,13.713,inter_mol
1877,10,ECOIL,0,A,ECOIL_0_1-21,16,KCOIL,0,I,KCOIL_0_1-21,13.714,inter_mol
1878,19,KCOIL,0,L,KCOIL_0_1-21,35,KCOIL,0,A,KCOIL_0_32-52,13.716,intra_mol
1879,13,ECOIL,0,E,ECOIL_0_1-21,33,KCOIL,0,I,KCOIL_0_32-52,13.717,inter_mol
1880,46,ECOIL,0,E,ECOIL_0_32-52,4,KCOIL,0,A,KCOIL_0_1-21,13.717,inter_mol
1881,5,ECOIL,0,L,ECOIL_0_1-21,52,KCOIL,0,E,KCOIL_0_32-52,13.721,inter_mol
1882,13,ECOIL,0,E,ECOIL_0_1-21,6,KCOIL,0,K,KCOIL_0_1-21,13.723,inter_mol
1883,10,ECOIL,0,A,ECOIL_0_1-21,14,KCOIL,0,E,KCOIL_0_1-21,13.723,inter_mol
1884,50,ECOIL,0,L,ECOIL_0_32-52,7,KCOIL,0,E,KCOIL_0_1-21,13.731,inter_mol
1885,22,KCOIL,0,G,linker,27,KCOIL,0,G,linker,13.733,intra_mol
1886,21,ECOIL,0,K,ECOIL_0_1-21,17,KCOIL,0,A,KCOIL_0_1-21,13.734,inter_mol
1887,16,ECOIL,0,I,ECOIL_0_1-21,43,ECOIL,0,L,ECOIL_0_32-52,13.736,intra_mol
1888,48,ECOIL,0,A,ECOIL_0_32-52,13,KCOIL,0,K,KCOIL_0_1-21,13.738,inter_mol
1889,22,ECOIL,0,G,linker,32,ECOIL,0,E,ECOIL_0_32-52,13.745,intra_mol
1890,17,ECOIL,0,A,ECOIL_0_1-21,10,KCOIL,0,A,KCOIL_0_1-21,13.745,inter_mol
1891,41,ECOIL,0,A,ECOIL_0_32-52,15,KCOIL,0,K,KCOIL_0_1-21,13.753,inter_mol
1892,12,ECOIL,0,L,ECOIL_0_1-21,45,KCOIL,0,E,KCOIL_0_32-52,13.757,inter_mol
1893,21,ECOIL,0,K,ECOIL_0_1-21,27,KCOIL,0,G,linker,13.757,inter_mol
1894,42,ECOIL,0,A,ECOIL_0_32-52,36,KCOIL,0,L,KCOIL_0_32-52,13.762,inter_mol
1895,41,ECOIL,0,A,ECOIL_0_32-52,48,KCOIL,0,A,KCOIL_0_32-52,13.769,inter_mol
1896,28,KCOIL,0,S,linker,34,KCOIL,0,A,KCOIL_0_32-52,13.775,intra_mol
1897,42,ECOIL,0,A,ECOIL_0_32-52,50,KCOIL,0,L,KCOIL_0_32-52,13.785,inter_mol
1898,42,ECOIL,0,A,ECOIL_0_32-52,51,ECOIL,0,E,ECOIL_0_32-52,13.790,intra_mol
1899,3,ECOIL,0,A,ECOIL_0_1-21,9,KCOIL,0,I,KCOIL_0_1-21,13.792,inter_mol
1900,40,ECOIL,0,I,ECOIL_0_32-52,34,KCOIL,0,A,KCOIL_0_32-52,13.795,inter_mol
1901,32,ECOIL,0,E,ECOIL_0_32-52,41,KCOIL,0,A,KCOIL_0_32-52,13.796,inter_mol
1902,39,ECOIL,0,E,ECOIL_0_32-52,17,KCOIL,0,A,KCOIL_0_1-21,13.819,inter_mol
1903,28,ECOIL,0,S,linker,33,KCOIL,0,I,KCOIL_0_32-52,13.819,inter_mol
1904,11,KCOIL,0,A,KCOIL_0_1-21,20,KCOIL,0,K,KCOIL_0_1-21,13.819,intra_mol
1905,19,ECOIL,0,L,ECOIL_0_1-21,40,ECOIL,0,I,ECOIL_0_32-52,13.819,intra_mol
1906,51,ECOIL,0,E,ECOIL_0_32-52,8,KCOIL,0,K,KCOIL_0_1-21,13.820,inter_mol
1907,42,ECOIL,0,A,ECOIL_0_32-52,49,KCOIL,0,A,KCOIL_0_32-52,13.820,inter_mol
1908,8,ECOIL,0,E,ECOIL_0_1-21,11,KCOIL,0,A,KCOIL_0_1-21,13.821,inter_mol
1909,15,ECOIL,0,E,ECOIL_0_1-21,18,KCOIL,0,A,KCOIL_0_1-21,13.821,inter_mol
1910,5,ECOIL,0,L,ECOIL_0_1-21,10,KCOIL,0,A,KCOIL_0_1-21,13.826,inter_mol
1911,11,ECOIL,0,A,ECOIL_0_1-21,4,KCOIL,0,A,KCOIL_0_1-21,13.828,inter_mol
1912,18,ECOIL,0,A,ECOIL_0_1-21,32,ECOIL,0,E,ECOIL_0_32-52,13.835,intra_mol
1913,23,KCOIL,0,G,linker,32,KCOIL,0,K,KCOIL_0_32-52,13.838,intra_mol
1914,12,ECOIL,0,L,ECOIL_0_1-21,4,KCOIL,0,A,KCOIL_0_1-21,13.838,inter_mol
1915,31,ECOIL,0,G,linker,22,KCOIL,0,G,linker,13.839,inter_mol
1916,18,ECOIL,0,A,ECOIL_0_1-21,37,KCOIL,0,K,KCOIL_0_32-52,13.840,inter_mol
1917,27,ECOIL,0,G,linker,27,KCOIL,0,G,linker,13.840,inter_mol
1918,20,KCOIL,0,K,KCOIL_0_1-21,36,KCOIL,0,L,KCOIL_0_32-52,13.842,intra_mol
1919,3,ECOIL,0,A,ECOIL_0_1-21,7,KCOIL,0,E,KCOIL_0_1-21,13.849,inter_mol
1920,13,KCOIL,0,K,KCOIL_0_1-21,43,KCOIL,0,L,KCOIL_0_32-52,13.850,intra_mol
1921,28,ECOIL,0,S,linker,25,KCOIL,0,G,linker,13.852,inter_mol
1922,52,ECOIL,0,K,ECOIL_0_32-52,5,KCOIL,0,L,KCOIL_0_1-21,13.855,inter_mol
1923,29,ECOIL,0,G,linker,33,KCOIL,0,I,KCOIL_0_32-52,13.857,inter_mol
1924,22,ECOIL,0,G,linker,34,KCOIL,0,A,KCOIL_0_32-52,13.857,inter_mol
1925,32,ECOIL,0,E,ECOIL_0_32-52,18,KCOIL,0,A,KCOIL_0_1-21,13.862,inter_mol
1926,37,ECOIL,0,E,ECOIL_0_32-52,22,KCOIL,0,G,linker,13.863,inter_mol
1927,3,ECOIL,0,A,ECOIL_0_1-21,48,KCOIL,0,A,KCOIL_0_32-52,13.864,inter_mol
1928,23,ECOIL,0,G,linker,17,KCOIL,0,A,KCOIL_0_1-21,13.867,inter_mol
1929,9,ECOIL,0,I,ECOIL_0_1-21,48,KCOIL,0,A,KCOIL_0_32-52,13.868,inter_mol
1930,15,ECOIL,0,E,ECOIL_0_1-21,29,KCOIL,0,G,linker,13.869,inter_mol
1931,29,ECOIL,0,G,linker,39,ECOIL,0,E,ECOIL_0_32-52,13.871,intra_mol
1932,10,ECOIL,0,A,ECOIL_0_1-21,3,KCOIL,0,A,KCOIL_0_1-21,13.871,inter_mol
1933,41,ECOIL,0,A,ECOIL_0_32-52,42,KCOIL,0,A,KCOIL_0_32-52,13.874,inter_mol
1934,12,ECOIL,0,L,ECOIL_0_1-21,17,KCOIL,0,A,KCOIL_0_1-21,13.876,inter_mol
1935,10,ECOIL,0,A,ECOIL_0_1-21,32,KCOIL,0,K,KCOIL_0_32-52,13.878,inter_mol
1936,19,ECOIL,0,L,ECOIL_0_1-21,38,KCOIL,0,E,KCOIL_0_32-52,13.879,inter_mol
1937,43,ECOIL,0,L,ECOIL_0_32-52,14,KCOIL,0,E,KCOIL_0_1-21,13.882,inter_mol
1938,49,ECOIL,0,A,ECOIL_0_32-52,43,KCOIL,0,L,KCOIL_0_32-52,13.882,inter_mol
1939,32,ECOIL,0,E,ECOIL_0_32-52,22,KCOIL,0,G,linker,13.884,inter_mol
1940,22,ECOIL,0,G,linker,27,ECOIL,0,G,linker,13.885,intra_mol
1941,3,KCOIL,0,A,KCOIL_0_1-21,12,KCOIL,0,L,KCOIL_0_1-21,13.892,intra_mol
1942,24,ECOIL,0,S,linker,37,ECOIL,0,E,ECOIL_0_32-52,13.892,intra_mol
1943,45,ECOIL,0,K,ECOIL_0_32-52,3,KCOIL,0,A,KCOIL_0_1-21,13.893,inter_mol
1944,20,ECOIL,0,E,ECOIL_0_1-21,26,KCOIL,0,G,linker,13.895,inter_mol
1945,34,ECOIL,0,A,ECOIL_0_32-52,43,ECOIL,0,L,ECOIL_0_32-52,13.900,intra_mol
1946,2,ECOIL,0,I,ECOIL_0_1-21,45,KCOIL,0,E,KCOIL_0_32-52,13.903,inter_mol
1947,32,ECOIL,0,E,ECOIL_0_32-52,29,KCOIL,0,G,linker,13.906,inter_mol
1948,10,ECOIL,0,A,ECOIL_0_1-21,13,KCOIL,0,K,KCOIL_0_1-21,13.910,inter_mol
1949,15,ECOIL,0,E,ECOIL_0_1-21,9,KCOIL,0,I,KCOIL_0_1-21,13.911,inter_mol
1950,21,ECOIL,0,K,ECOIL_0_1-21,26,KCOIL,0,G,linker,13.913,inter_mol
1951,39,ECOIL,0,E,ECOIL_0_32-52,11,KCOIL,0,A,KCOIL_0_1-21,13.914,inter_mol
1952,17,ECOIL,0,A,ECOIL_0_1-21,40,ECOIL,0,I,ECOIL_0_32-52,13.924,intra_mol
1953,26,KCOIL,0,G,linker,34,KCOIL,0,A,KCOIL_0_32-52,13.924,intra_mol
1954,35,ECOIL,0,A,ECOIL_0_32-52,43,KCOIL,0,L,KCOIL_0_32-52,13.925,inter_mol
1955,46,ECOIL,0,E,ECOIL_0_32-52,13,KCOIL,0,K,KCOIL_0_1-21,13.929,inter_mol
1956,17,ECOIL,0,A,ECOIL_0_1-21,40,KCOIL,0,I,KCOIL_0_32-52,13.930,inter_mol
1957,3,ECOIL,0,A,ECOIL_0_1-21,12,ECOIL,0,L,ECOIL_0_1-21,13.936,intra_mol
1958,12,ECOIL,0,L,ECOIL_0_1-21,7,KCOIL,0,E,KCOIL_0_1-21,13.938,inter_mol
1959,9,ECOIL,0,I,ECOIL_0_1-21,48,ECOIL,0,A,ECOIL_0_32-52,13.943,intra_mol
1960,20,ECOIL,0,E,ECOIL_0_1-21,37,ECOIL,0,E,ECOIL_0_32-52,13.947,intra_mol
1961,31,ECOIL,0,G,linker,18,KCOIL,0,A,KCOIL_0_1-21,13.951,inter_mol
1962,44,ECOIL,0,E,ECOIL_0_32-52,41,KCOIL,0,A,KCOIL_0_32-52,13.960,inter_mol
1963,14,ECOIL,0,K,ECOIL_0_1-21,19,KCOIL,0,L,KCOIL_0_1-21,13.965,inter_mol
1964,27,ECOIL,0,G,linker,36,KCOIL,0,L,KCOIL_0_32-52,13.966,inter_mol
1965,41,ECOIL,0,A,ECOIL_0_32-52,7,KCOIL,0,E,KCOIL_0_1-21,13.968,inter_mol
1966,37,ECOIL,0,E,ECOIL_0_32-52,34,KCOIL,0,A,KCOIL_0_32-52,13.972,inter_mol
1967,14,ECOIL,0,K,ECOIL_0_1-21,9,KCOIL,0,I,KCOIL_0_1-21,13.984,inter_mol
1968,17,ECOIL,0,A,ECOIL_0_1-21,24,KCOIL,0,S,linker,13.985,inter_mol
1969,35,ECOIL,0,A,ECOIL_0_32-52,23,KCOIL,0,G,linker,13.989,inter_mol
1970,22,ECOIL,0,G,linker,35,KCOIL,0,A,KCOIL_0_32-52,13.990,inter_mol
1971,9,ECOIL,0,I,ECOIL_0_1-21,50,ECOIL,0,L,ECOIL_0_32-52,13.992,intra_mol
1972,50,ECOIL,0,L,ECOIL_0_32-52,45,KCOIL,0,E,KCOIL_0_32-52,13.994,inter_mol
1973,42,ECOIL,0,A,ECOIL_0_32-52,2,KCOIL,0,I,KCOIL_0_1-21,13.995,inter_mol
1974,44,ECOIL,0,E,ECOIL_0_32-52,17,KCOIL,0,A,KCOIL_0_1-21,13.998,inter_mol
1975,14,ECOIL,0,K,ECOIL_0_1-21,34,KCOIL,0,A,KCOIL_0_32-52,14.001,inter_mol
1976,35,ECOIL,0,A,ECOIL_0_32-52,32,KCOIL,0,K,KCOIL_0_32-52,14.002,inter_mol
1977,40,ECOIL,0,I,ECOIL_0_32-52,4,KCOIL,0,A,KCOIL_0_1-21,14.004,inter_mol
1978,32,ECOIL,0,E,ECOIL_0_32-52,39,KCOIL,0,K,KCOIL_0_32-52,14.005,inter_mol
1979,27,ECOIL,0,G,linker,34,KCOIL,0,A,KCOIL_0_32-52,14.006,inter_mol
1980,52,ECOIL,0,K,ECOIL_0_32-52,48,KCOIL,0,A,KCOIL_0_32-52,14.012,inter_mol
1981,10,ECOIL,0,A,ECOIL_0_1-21,47,ECOIL,0,I,ECOIL_0_32-52,14.016,intra_mol
1982,31,ECOIL,0,G,linker,40,KCOIL,0,I,KCOIL_0_32-52,14.019,inter_mol
1983,30,KCOIL,0,G,linker,38,KCOIL,0,E,KCOIL_0_32-52,14.023,intra_mol
1984,2,ECOIL,0,I,ECOIL_0_1-21,44,KCOIL,0,K,KCOIL_0_32-52,14.026,inter_mol
1985,44,ECOIL,0,E,ECOIL_0_32-52,15,KCOIL,0,K,KCOIL_0_1-21,14.027,inter_mol
1986,31,ECOIL,0,G,linker,35,KCOIL,0,A,KCOIL_0_32-52,14.032,inter_mol
1987,27,KCOIL,0,G,linker,35,KCOIL,0,A,KCOIL_0_32-52,14.033,intra_mol
1988,34,KCOIL,0,A,KCOIL_0_32-52,43,KCOIL,0,L,KCOIL_0_32-52,14.035,intra_mol
1989,6,KCOIL,0,K,KCOIL_0_1-21,51,KCOIL,0,K,KCOIL_0_32-52,14.043,intra_mol
1990,39,ECOIL,0,E,ECOIL_0_32-52,20,KCOIL,0,K,KCOIL_0_1-21,14.047,inter_mol
1991,35,ECOIL,0,A,ECOIL_0_32-52,9,KCOIL,0,I,KCOIL_0_1-21,14.052,inter_mol
1992,9,KCOIL,0,I,KCOIL_0_1-21,48,KCOIL,0,A,KCOIL_0_32-52,14.060,intra_mol
1993,36,ECOIL,0,L,ECOIL_0_32-52,22,KCOIL,0,G,linker,14.067,inter_mol
1994,13,ECOIL,0,E,ECOIL_0_1-21,44,ECOIL,0,E,ECOIL_0_32-52,14.079,intra_mol
1995,12,ECOIL,0,L,ECOIL_0_1-21,47,ECOIL,0,I,ECOIL_0_32-52,14.083,intra_mol
1996,16,ECOIL,0,I,ECOIL_0_1-21,24,KCOIL,0,S,linker,14.086,inter_mol
1997,10,KCOIL,0,A,KCOIL_0_1-21,19,KCOIL,0,L,KCOIL_0_1-21,14.090,intra_mol
1998,5,ECOIL,0,L,ECOIL_0_1-21,39,ECOIL,0,E,ECOIL_0_32-52,14.092,intra_mol
1999,8,KCOIL,0,K,KCOIL_0_1-21,36,KCOIL,0,L,KCOIL_0_32-52,14.096,intra_mol
2000,16,ECOIL,0,I,ECOIL_0_1-21,41,ECOIL,0,A,ECOIL_0_32-52,14.101,intra_mol
2001,24,KCOIL,0,S,linker,29,KCOIL,0,G,linker,14.110,intra_mol
2002,26,ECOIL,0,G,linker,30,KCOIL,0,G,linker,14.117,inter_mol
2003,34,ECOIL,0,A,ECOIL_0_32-52,35,KCOIL,0,A,KCOIL_0_32-52,14.122,inter_mol
2004,32,ECOIL,0,E,ECOIL_0_32-52,28,KCOIL,0,S,linker,14.124,inter_mol
2005,21,ECOIL,0,K,ECOIL_0_1-21,25,ECOIL,0,G,linker,14.132,intra_mol
2006,45,ECOIL,0,K,ECOIL_0_32-52,41,KCOIL,0,A,KCOIL_0_32-52,14.133,inter_mol
2007,42,ECOIL,0,A,ECOIL_0_32-52,8,KCOIL,0,K,KCOIL_0_1-21,14.143,inter_mol
2008,35,ECOIL,0,A,ECOIL_0_32-52,42,KCOIL,0,A,KCOIL_0_32-52,14.145,inter_mol
2009,10,ECOIL,0,A,ECOIL_0_1-21,47,KCOIL,0,I,KCOIL_0_32-52,14.146,inter_mol
2010,33,ECOIL,0,I,ECOIL_0_32-52,38,KCOIL,0,E,KCOIL_0_32-52,14.154,inter_mol
2011,42,KCOIL,0,A,KCOIL_0_32-52,51,KCOIL,0,K,KCOIL_0_32-52,14.164,intra_mol
2012,51,ECOIL,0,E,ECOIL_0_32-52,49,KCOIL,0,A,KCOIL_0_32-52,14.164,inter_mol
2013,12,ECOIL,0,L,ECOIL_0_1-21,32,ECOIL,0,E,ECOIL_0_32-52,14.168,intra_mol
2014,13,KCOIL,0,K,KCOIL_0_1-21,44,KCOIL,0,K,KCOIL_0_32-52,14.185,intra_mol
2015,10,ECOIL,0,A,ECOIL_0_1-21,19,ECOIL,0,L,ECOIL_0_1-21,14.188,intra_mol
2016,8,ECOIL,0,E,ECOIL_0_1-21,2,KCOIL,0,I,KCOIL_0_1-21,14.189,inter_mol
2017,41,ECOIL,0,A,ECOIL_0_32-52,50,ECOIL,0,L,ECOIL_0_32-52,14.192,intra_mol
2018,30,ECOIL,0,G,linker,17,KCOIL,0,A,KCOIL_0_1-21,14.193,inter_mol
2019,4,KCOIL,0,A,KCOIL_0_1-21,13,KCOIL,0,K,KCOIL_0_1-21,14.198,intra_mol
2020,17,ECOIL,0,A,ECOIL_0_1-21,25,ECOIL,0,G,linker,14.200,intra_mol
2021,20,ECOIL,0,E,ECOIL_0_1-21,10,KCOIL,0,A,KCOIL_0_1-21,14.208,inter_mol
2022,15,ECOIL,0,E,ECOIL_0_1-21,39,ECOIL,0,E,ECOIL_0_32-52,14.210,intra_mol
2023,34,ECOIL,0,A,ECOIL_0_32-52,41,KCOIL,0,A,KCOIL_0_32-52,14.211,inter_mol
2024,45,ECOIL,0,K,ECOIL_0_32-52,49,KCOIL,0,A,KCOIL_0_32-52,14.217,inter_mol
2025,5,KCOIL,0,L,KCOIL_0_1-21,39,KCOIL,0,K,KCOIL_0_32-52,14.220,intra_mol
2026,8,ECOIL,0,E,ECOIL_0_1-21,46,ECOIL,0,E,ECOIL_0_32-52,14.222,intra_mol
2027,31,ECOIL,0,G,linker,31,KCOIL,0,G,linker,14.229,inter_mol
2028,20,ECOIL,0,E,ECOIL_0_1-21,35,KCOIL,0,A,KCOIL_0_32-52,14.231,inter_mol
2029,6,ECOIL,0,E,ECOIL_0_1-21,51,ECOIL,0,E,ECOIL_0_32-52,14.236,intra_mol
2030,24,KCOIL,0,S,linker,31,KCOIL,0,G,linker,14.240,intra_mol
2031,35,KCOIL,0,A,KCOIL_0_32-52,44,KCOIL,0,K,KCOIL_0_32-52,14.242,intra_mol
2032,38,ECOIL,0,K,ECOIL_0_32-52,10,KCOIL,0,A,KCOIL_0_1-21,14.244,inter_mol
2033,7,ECOIL,0,K,ECOIL_0_1-21,41,KCOIL,0,A,KCOIL_0_32-52,14.244,inter_mol
2034,27,ECOIL,0,G,linker,39,ECOIL,0,E,ECOIL_0_32-52,14.252,intra_mol
2035,36,ECOIL,0,L,ECOIL_0_32-52,21,KCOIL,0,E,KCOIL_0_1-21,14.253,inter_mol
2036,12,KCOIL,0,L,KCOIL_0_1-21,47,KCOIL,0,I,KCOIL_0_32-52,14.253,intra_mol
2037,31,ECOIL,0,G,linker,21,KCOIL,0,E,KCOIL_0_1-21,14.256,inter_mol
2038,16,ECOIL,0,I,ECOIL_0_1-21,41,KCOIL,0,A,KCOIL_0_32-52,14.256,inter_mol
2039,20,ECOIL,0,E,ECOIL_0_1-21,32,ECOIL,0,E,ECOIL_0_32-52,14.257,intra_mol
2040,16,ECOIL,0,I,ECOIL_0_1-21,31,ECOIL,0,G,linker,14.258,intra_mol
2041,42,ECOIL,0,A,ECOIL_0_32-52,39,KCOIL,0,K,KCOIL_0_32-52,14.262,inter_mol
2042,35,ECOIL,0,A,ECOIL_0_32-52,44,ECOIL,0,E,ECOIL_0_32-52,14.265,intra_mol
2043,20,ECOIL,0,E,ECOIL_0_1-21,27,KCOIL,0,G,linker,14.273,inter_mol
2044,24,KCOIL,0,S,linker,32,KCOIL,0,K,KCOIL_0_32-52,14.275,intra_mol
2045,45,ECOIL,0,K,ECOIL_0_32-52,45,KCOIL,0,E,KCOIL_0_32-52,14.277,inter_mol
2046,12,ECOIL,0,L,ECOIL_0_1-21,18,KCOIL,0,A,KCOIL_0_1-21,14.278,inter_mol
2047,8,ECOIL,0,E,ECOIL_0_1-21,1,KCOIL,0,K,KCOIL_0_1-21,14.280,inter_mol
2048,5,ECOIL,0,L,ECOIL_0_1-21,11,KCOIL,0,A,KCOIL_0_1-21,14.280,inter_mol
2049,7,ECOIL,0,K,ECOIL_0_1-21,2,KCOIL,0,I,KCOIL_0_1-21,14.284,inter_mol
2050,3,ECOIL,0,A,ECOIL_0_1-21,6,KCOIL,0,K,KCOIL_0_1-21,14.286,inter_mol
2051,10,ECOIL,0,A,ECOIL_0_1-21,20,ECOIL,0,E,ECOIL_0_1-21,14.286,intra_mol
2052,49,ECOIL,0,A,ECOIL_0_32-52,46,KCOIL,0,K,KCOIL_0_32-52,14.288,inter_mol
2053,17,ECOIL,0,A,ECOIL_0_1-21,9,KCOIL,0,I,KCOIL_0_1-21,14.291,inter_mol
2054,27,ECOIL,0,G,linker,13,KCOIL,0,K,KCOIL_0_1-21,14.292,inter_mol
2055,4,ECOIL,0,A,ECOIL_0_1-21,13,ECOIL,0,E,ECOIL_0_1-21,14.295,intra_mol
2056,12,KCOIL,0,L,KCOIL_0_1-21,34,KCOIL,0,A,KCOIL_0_32-52,14.296,intra_mol
2057,19,KCOIL,0,L,KCOIL_0_1-21,40,KCOIL,0,I,KCOIL_0_32-52,14.298,intra_mol
2058,6,KCOIL,0,K,KCOIL_0_1-21,44,KCOIL,0,K,KCOIL_0_32-52,14.306,intra_mol
2059,4,ECOIL,0,A,ECOIL_0_1-21,46,ECOIL,0,E,ECOIL_0_32-52,14.309,intra_mol
2060,35,ECOIL,0,A,ECOIL_0_32-52,15,KCOIL,0,K,KCOIL_0_1-21,14.310,inter_mol
2061,17,ECOIL,0,A,ECOIL_0_1-21,21,KCOIL,0,E,KCOIL_0_1-21,14.315,inter_mol
2062,31,ECOIL,0,G,linker,27,KCOIL,0,G,linker,14.318,inter_mol
2063,19,ECOIL,0,L,ECOIL_0_1-21,13,KCOIL,0,K,KCOIL_0_1-21,14.322,inter_mol
2064,38,ECOIL,0,K,ECOIL_0_32-52,19,KCOIL,0,L,KCOIL_0_1-21,14.333,inter_mol
2065,11,ECOIL,0,A,ECOIL_0_1-21,39,ECOIL,0,E,ECOIL_0_32-52,14.333,intra_mol
2066,5,KCOIL,0,L,KCOIL_0_1-21,41,KCOIL,0,A,KCOIL_0_32-52,14.338,intra_mol
2067,48,ECOIL,0,A,ECOIL_0_32-52,52,KCOIL,0,E,KCOIL_0_32-52,14.342,inter_mol
2068,44,ECOIL,0,E,ECOIL_0_32-52,50,KCOIL,0,L,KCOIL_0_32-52,14.347,inter_mol
2069,34,ECOIL,0,A,ECOIL_0_32-52,14,KCOIL,0,E,KCOIL_0_1-21,14.354,inter_mol
2070,21,ECOIL,0,K,ECOIL_0_1-21,36,KCOIL,0,L,KCOIL_0_32-52,14.355,inter_mol
2071,41,ECOIL,0,A,ECOIL_0_32-52,45,KCOIL,0,E,KCOIL_0_32-52,14.361,inter_mol
2072,1,ECOIL,0,E,ECOIL_0_1-21,43,ECOIL,0,L,ECOIL_0_32-52,14.363,intra_mol
2073,49,ECOIL,0,A,ECOIL_0_32-52,1,KCOIL,0,K,KCOIL_0_1-21,14.376,inter_mol
2074,34,ECOIL,0,A,ECOIL_0_32-52,24,KCOIL,0,S,linker,14.381,inter_mol
2075,11,ECOIL,0,A,ECOIL_0_1-21,31,KCOIL,0,G,linker,14.381,inter_mol
2076,38,ECOIL,0,K,ECOIL_0_32-52,34,KCOIL,0,A,KCOIL_0_32-52,14.384,inter_mol
2077,29,ECOIL,0,G,linker,37,KCOIL,0,K,KCOIL_0_32-52,14.388,inter_mol
2078,8,ECOIL,0,E,ECOIL_0_1-21,36,ECOIL,0,L,ECOIL_0_32-52,14.393,intra_mol
2079,8,ECOIL,0,E,ECOIL_0_1-21,42,ECOIL,0,A,ECOIL_0_32-52,14.393,intra_mol
2080,8,ECOIL,0,E,ECOIL_0_1-21,34,KCOIL,0,A,KCOIL_0_32-52,14.397,inter_mol
2081,33,ECOIL,0,I,ECOIL_0_32-52,11,KCOIL,0,A,KCOIL_0_1-21,14.404,inter_mol
2082,10,KCOIL,0,A,KCOIL_0_1-21,36,KCOIL,0,L,KCOIL_0_32-52,14.406,intra_mol
2083,15,ECOIL,0,E,ECOIL_0_1-21,35,ECOIL,0,A,ECOIL_0_32-52,14.417,intra_mol
2084,41,KCOIL,0,A,KCOIL_0_32-52,50,KCOIL,0,L,KCOIL_0_32-52,14.417,intra_mol
2085,11,ECOIL,0,A,ECOIL_0_1-21,44,KCOIL,0,K,KCOIL_0_32-52,14.419,inter_mol
2086,7,ECOIL,0,K,ECOIL_0_1-21,43,ECOIL,0,L,ECOIL_0_32-52,14.422,intra_mol
2087,18,ECOIL,0,A,ECOIL_0_1-21,20,KCOIL,0,K,KCOIL_0_1-21,14.426,inter_mol
2088,9,KCOIL,0,I,KCOIL_0_1-21,50,KCOIL,0,L,KCOIL_0_32-52,14.436,intra_mol
2089,20,ECOIL,0,E,ECOIL_0_1-21,40,ECOIL,0,I,ECOIL_0_32-52,14.436,intra_mol
2090,21,ECOIL,0,K,ECOIL_0_1-21,21,KCOIL,0,E,KCOIL_0_1-21,14.443,inter_mol
2091,40,ECOIL,0,I,ECOIL_0_32-52,48,KCOIL,0,A,KCOIL_0_32-52,14.446,inter_mol
2092,25,ECOIL,0,G,linker,35,KCOIL,0,A,KCOIL_0_32-52,14.449,inter_mol
2093,45,ECOIL,0,K,ECOIL_0_32-52,12,KCOIL,0,L,KCOIL_0_1-21,14.451,inter_mol
2094,9,KCOIL,0,I,KCOIL_0_1-21,37,KCOIL,0,K,KCOIL_0_32-52,14.452,intra_mol
2095,7,ECOIL,0,K,ECOIL_0_1-21,36,KCOIL,0,L,KCOIL_0_32-52,14.453,inter_mol
2096,40,ECOIL,0,I,ECOIL_0_32-52,46,KCOIL,0,K,KCOIL_0_32-52,14.454,inter_mol
2097,10,ECOIL,0,A,ECOIL_0_1-21,36,ECOIL,0,L,ECOIL_0_32-52,14.456,intra_mol
2098,18,ECOIL,0,A,ECOIL_0_1-21,14,KCOIL,0,E,KCOIL_0_1-21,14.457,inter_mol
2099,10,KCOIL,0,A,KCOIL_0_1-21,47,KCOIL,0,I,KCOIL_0_32-52,14.458,intra_mol
2100,3,ECOIL,0,A,ECOIL_0_1-21,43,ECOIL,0,L,ECOIL_0_32-52,14.462,intra_mol
2101,43,ECOIL,0,L,ECOIL_0_32-52,15,KCOIL,0,K,KCOIL_0_1-21,14.465,inter_mol
2102,10,KCOIL,0,A,KCOIL_0_1-21,20,KCOIL,0,K,KCOIL_0_1-21,14.471,intra_mol
2103,39,ECOIL,0,E,ECOIL_0_32-52,19,KCOIL,0,L,KCOIL_0_1-21,14.481,inter_mol
2104,29,ECOIL,0,G,linker,22,KCOIL,0,G,linker,14.482,inter_mol
2105,2,KCOIL,0,I,KCOIL_0_1-21,44,KCOIL,0,K,KCOIL_0_32-52,14.499,intra_mol
2106,3,KCOIL,0,A,KCOIL_0_1-21,43,KCOIL,0,L,KCOIL_0_32-52,14.499,intra_mol
2107,14,ECOIL,0,K,ECOIL_0_1-21,43,KCOIL,0,L,KCOIL_0_32-52,14.502,inter_mol
2108,36,ECOIL,0,L,ECOIL_0_32-52,30,KCOIL,0,G,linker,14.503,inter_mol
2109,27,ECOIL,0,G,linker,15,KCOIL,0,K,KCOIL_0_1-21,14.507,inter_mol
2110,46,ECOIL,0,E,ECOIL_0_32-52,12,KCOIL,0,L,KCOIL_0_1-21,14.507,inter_mol
2111,17,ECOIL,0,A,ECOIL_0_1-21,37,KCOIL,0,K,KCOIL_0_32-52,14.512,inter_mol
2112,41,ECOIL,0,A,ECOIL_0_32-52,51,KCOIL,0,K,KCOIL_0_32-52,14.512,inter_mol
2113,43,KCOIL,0,L,KCOIL_0_32-52,52,KCOIL,0,E,KCOIL_0_32-52,14.515,intra_mol
2114,5,KCOIL,0,L,KCOIL_0_1-21,45,KCOIL,0,E,KCOIL_0_32-52,14.516,intra_mol
2115,27,ECOIL,0,G,linker,40,ECOIL,0,I,ECOIL_0_32-52,14.519,intra_mol
2116,6,ECOIL,0,E,ECOIL_0_1-21,49,KCOIL,0,A,KCOIL_0_32-52,14.519,inter_mol
2117,23,KCOIL,0,G,linker,31,KCOIL,0,G,linker,14.520,intra_mol
2118,17,ECOIL,0,A,ECOIL_0_1-21,25,KCOIL,0,G,linker,14.523,inter_mol
2119,18,KCOIL,0,A,KCOIL_0_1-21,32,KCOIL,0,K,KCOIL_0_32-52,14.526,intra_mol
2120,20,ECOIL,0,E,ECOIL_0_1-21,34,ECOIL,0,A,ECOIL_0_32-52,14.527,intra_mol
2121,5,ECOIL,0,L,ECOIL_0_1-21,41,ECOIL,0,A,ECOIL_0_32-52,14.528,intra_mol
2122,41,ECOIL,0,A,ECOIL_0_32-52,51,ECOIL,0,E,ECOIL_0_32-52,14.530,intra_mol
2123,10,ECOIL,0,A,ECOIL_0_1-21,38,KCOIL,0,E,KCOIL_0_32-52,14.531,inter_mol
2124,3,ECOIL,0,A,ECOIL_0_1-21,39,KCOIL,0,K,KCOIL_0_32-52,14.532,inter_mol
2125,31,KCOIL,0,G,linker,40,KCOIL,0,I,KCOIL_0_32-52,14.541,intra_mol
2126,12,ECOIL,0,L,ECOIL_0_1-21,38,ECOIL,0,K,ECOIL_0_32-52,14.547,intra_mol
2127,38,ECOIL,0,K,ECOIL_0_32-52,38,KCOIL,0,E,KCOIL_0_32-52,14.553,inter_mol
2128,36,KCOIL,0,L,KCOIL_0_32-52,45,KCOIL,0,E,KCOIL_0_32-52,14.559,intra_mol
2129,16,ECOIL,0,I,ECOIL_0_1-21,26,ECOIL,0,G,linker,14.561,intra_mol
2130,7,KCOIL,0,E,KCOIL_0_1-21,47,KCOIL,0,I,KCOIL_0_32-52,14.568,intra_mol
2131,6,ECOIL,0,E,ECOIL_0_1-21,44,ECOIL,0,E,ECOIL_0_32-52,14.569,intra_mol
2132,5,ECOIL,0,L,ECOIL_0_1-21,45,ECOIL,0,K,ECOIL_0_32-52,14.570,intra_mol
2133,12,KCOIL,0,L,KCOIL_0_1-21,38,KCOIL,0,E,KCOIL_0_32-52,14.571,intra_mol
2134,11,ECOIL,0,A,ECOIL_0_1-21,7,KCOIL,0,E,KCOIL_0_1-21,14.573,inter_mol
2135,20,KCOIL,0,K,KCOIL_0_1-21,37,KCOIL,0,K,KCOIL_0_32-52,14.575,intra_mol
2136,42,ECOIL,0,A,ECOIL_0_32-52,52,ECOIL,0,K,ECOIL_0_32-52,14.584,intra_mol
2137,15,KCOIL,0,K,KCOIL_0_1-21,39,KCOIL,0,K,KCOIL_0_32-52,14.584,intra_mol
2138,14,ECOIL,0,K,ECOIL_0_1-21,36,ECOIL,0,L,ECOIL_0_32-52,14.588,intra_mol
2139,13,KCOIL,0,K,KCOIL_0_1-21,37,KCOIL,0,K,KCOIL_0_32-52,14.590,intra_mol
2140,18,ECOIL,0,A,ECOIL_0_1-21,40,KCOIL,0,I,KCOIL_0_32-52,14.596,inter_mol
2141,26,ECOIL,0,G,linker,34,KCOIL,0,A,KCOIL_0_32-52,14.597,inter_mol
2142,16,KCOIL,0,I,KCOIL_0_1-21,41,KCOIL,0,A,KCOIL_0_32-52,14.598,intra_mol
2143,46,ECOIL,0,E,ECOIL_0_32-52,8,KCOIL,0,K,KCOIL_0_1-21,14.603,inter_mol
2144,21,ECOIL,0,K,ECOIL_0_1-21,12,KCOIL,0,L,KCOIL_0_1-21,14.609,inter_mol
2145,2,KCOIL,0,I,KCOIL_0_1-21,52,KCOIL,0,E,KCOIL_0_32-52,14.613,intra_mol
2146,52,ECOIL,0,K,ECOIL_0_32-52,4,KCOIL,0,A,KCOIL_0_1-21,14.617,inter_mol
2147,12,ECOIL,0,L,ECOIL_0_1-21,34,ECOIL,0,A,ECOIL_0_32-52,14.618,intra_mol
2148,14,ECOIL,0,K,ECOIL_0_1-21,30,KCOIL,0,G,linker,14.620,inter_mol
2149,13,ECOIL,0,E,ECOIL_0_1-21,22,ECOIL,0,G,linker,14.631,intra_mol
2150,12,ECOIL,0,L,ECOIL_0_1-21,6,KCOIL,0,K,KCOIL_0_1-21,14.632,inter_mol
2151,13,ECOIL,0,E,ECOIL_0_1-21,37,KCOIL,0,K,KCOIL_0_32-52,14.637,inter_mol
2152,8,ECOIL,0,E,ECOIL_0_1-21,10,KCOIL,0,A,KCOIL_0_1-21,14.639,inter_mol
2153,10,ECOIL,0,A,ECOIL_0_1-21,2,KCOIL,0,I,KCOIL_0_1-21,14.640,inter_mol
2154,39,ECOIL,0,E,ECOIL_0_32-52,15,KCOIL,0,K,KCOIL_0_1-21,14.643,inter_mol
2155,16,KCOIL,0,I,KCOIL_0_1-21,43,KCOIL,0,L,KCOIL_0_32-52,14.647,intra_mol
2156,31,ECOIL,0,G,linker,32,KCOIL,0,K,KCOIL_0_32-52,14.653,inter_mol
2157,22,ECOIL,0,G,linker,36,ECOIL,0,L,ECOIL_0_32-52,14.653,intra_mol
2158,34,ECOIL,0,A,ECOIL_0_32-52,38,KCOIL,0,E,KCOIL_0_32-52,14.653,inter_mol
2159,4,KCOIL,0,A,KCOIL_0_1-21,14,KCOIL,0,E,KCOIL_0_1-21,14.656,intra_mol
2160,41,KCOIL,0,A,KCOIL_0_32-52,51,KCOIL,0,K,KCOIL_0_32-52,14.656,intra_mol
2161,11,KCOIL,0,A,KCOIL_0_1-21,39,KCOIL,0,K,KCOIL_0_32-52,14.659,intra_mol
2162,38,ECOIL,0,K,ECOIL_0_32-52,42,KCOIL,0,A,KCOIL_0_32-52,14.659,inter_mol
2163,14,KCOIL,0,E,KCOIL_0_1-21,36,KCOIL,0,L,KCOIL_0_32-52,14.664,intra_mol
2164,17,KCOIL,0,A,KCOIL_0_1-21,40,KCOIL,0,I,KCOIL_0_32-52,14.670,intra_mol
2165,35,ECOIL,0,A,ECOIL_0_32-52,31,KCOIL,0,G,linker,14.674,inter_mol
2166,7,ECOIL,0,K,ECOIL_0_1-21,7,KCOIL,0,E,KCOIL_0_1-21,14.674,inter_mol
2167,37,ECOIL,0,E,ECOIL_0_32-52,43,KCOIL,0,L,KCOIL_0_32-52,14.678,inter_mol
2168,14,ECOIL,0,K,ECOIL_0_1-21,14,KCOIL,0,E,KCOIL_0_1-21,14.680,inter_mol
2169,7,KCOIL,0,E,KCOIL_0_1-21,43,KCOIL,0,L,KCOIL_0_32-52,14.682,intra_mol
2170,49,ECOIL,0,A,ECOIL_0_32-52,7,KCOIL,0,E,KCOIL_0_1-21,14.683,inter_mol
2171,31,ECOIL,0,G,linker,38,KCOIL,0,E,KCOIL_0_32-52,14.684,inter_mol
2172,9,KCOIL,0,I,KCOIL_0_1-21,18,KCOIL,0,A,KCOIL_0_1-21,14.687,intra_mol
2173,21,ECOIL,0,K,ECOIL_0_1-21,29,KCOIL,0,G,linker,14.688,inter_mol
2174,9,ECOIL,0,I,ECOIL_0_1-21,45,ECOIL,0,K,ECOIL_0_32-52,14.689,intra_mol
2175,29,ECOIL,0,G,linker,24,KCOIL,0,S,linker,14.695,inter_mol
2176,14,KCOIL,0,E,KCOIL_0_1-21,23,KCOIL,0,G,linker,14.698,intra_mol
2177,15,KCOIL,0,K,KCOIL_0_1-21,35,KCOIL,0,A,KCOIL_0_32-52,14.701,intra_mol
2178,14,ECOIL,0,K,ECOIL_0_1-21,38,KCOIL,0,E,KCOIL_0_32-52,14.703,inter_mol
2179,15,ECOIL,0,E,ECOIL_0_1-21,17,KCOIL,0,A,KCOIL_0_1-21,14.705,inter_mol
2180,40,ECOIL,0,I,ECOIL_0_32-52,49,ECOIL,0,A,ECOIL_0_32-52,14.706,intra_mol
2181,30,ECOIL,0,G,linker,40,ECOIL,0,I,ECOIL_0_32-52,14.706,intra_mol
2182,5,KCOIL,0,L,KCOIL_0_1-21,14,KCOIL,0,E,KCOIL_0_1-21,14.707,intra_mol
2183,18,ECOIL,0,A,ECOIL_0_1-21,28,KCOIL,0,S,linker,14.714,inter_mol
2184,50,ECOIL,0,L,ECOIL_0_32-52,8,KCOIL,0,K,KCOIL_0_1-21,14.714,inter_mol
2185,20,ECOIL,0,E,ECOIL_0_1-21,34,KCOIL,0,A,KCOIL_0_32-52,14.721,inter_mol
2186,4,KCOIL,0,A,KCOIL_0_1-21,46,KCOIL,0,K,KCOIL_0_32-52,14.722,intra_mol
2187,2,ECOIL,0,I,ECOIL_0_1-21,44,ECOIL,0,E,ECOIL_0_32-52,14.722,intra_mol
2188,29,KCOIL,0,G,linker,36,KCOIL,0,L,KCOIL_0_32-52,14.724,intra_mol
2189,31,ECOIL,0,G,linker,41,ECOIL,0,A,ECOIL_0_32-52,14.727,intra_mol
2190,1,KCOIL,0,K,KCOIL_0_1-21,46,KCOIL,0,K,KCOIL_0_32-52,14.728,intra_mol
2191,1,ECOIL,0,E,ECOIL_0_1-21,3,KCOIL,0,A,KCOIL_0_1-21,14.729,inter_mol
2192,3,KCOIL,0,A,KCOIL_0_1-21,13,KCOIL,0,K,KCOIL_0_1-21,14.732,intra_mol
2193,26,ECOIL,0,G,linker,28,KCOIL,0,S,linker,14.734,inter_mol
2194,13,ECOIL,0,E,ECOIL_0_1-21,37,ECOIL,0,E,ECOIL_0_32-52,14.739,intra_mol
2195,1,ECOIL,0,E,ECOIL_0_1-21,41,KCOIL,0,A,KCOIL_0_32-52,14.745,inter_mol
2196,30,ECOIL,0,G,linker,36,KCOIL,0,L,KCOIL_0_32-52,14.745,inter_mol
2197,10,ECOIL,0,A,ECOIL_0_1-21,44,ECOIL,0,E,ECOIL_0_32-52,14.747,intra_mol
2198,16,ECOIL,0,I,ECOIL_0_1-21,25,KCOIL,0,G,linker,14.748,inter_mol
2199,26,ECOIL,0,G,linker,31,KCOIL,0,G,linker,14.762,inter_mol
2200,29,ECOIL,0,G,linker,18,KCOIL,0,A,KCOIL_0_1-21,14.762,inter_mol
2201,8,KCOIL,0,K,KCOIL_0_1-21,46,KCOIL,0,K,KCOIL_0_32-52,14.764,intra_mol
2202,6,ECOIL,0,E,ECOIL_0_1-21,40,ECOIL,0,I,ECOIL_0_32-52,14.771,intra_mol
2203,13,ECOIL,0,E,ECOIL_0_1-21,39,ECOIL,0,E,ECOIL_0_32-52,14.772,intra_mol
2204,14,ECOIL,0,K,ECOIL_0_1-21,10,KCOIL,0,A,KCOIL_0_1-21,14.780,inter_mol
2205,43,ECOIL,0,L,ECOIL_0_32-52,52,ECOIL,0,K,ECOIL_0_32-52,14.783,intra_mol
2206,13,ECOIL,0,E,ECOIL_0_1-21,41,ECOIL,0,A,ECOIL_0_32-52,14.787,intra_mol
2207,21,ECOIL,0,K,ECOIL_0_1-21,33,ECOIL,0,I,ECOIL_0_32-52,14.794,intra_mol
2208,13,ECOIL,0,E,ECOIL_0_1-21,33,ECOIL,0,I,ECOIL_0_32-52,14.797,intra_mol
2209,23,KCOIL,0,G,linker,36,KCOIL,0,L,KCOIL_0_32-52,14.798,intra_mol
2210,8,ECOIL,0,E,ECOIL_0_1-21,32,KCOIL,0,K,KCOIL_0_32-52,14.801,inter_mol
2211,9,KCOIL,0,I,KCOIL_0_1-21,45,KCOIL,0,E,KCOIL_0_32-52,14.811,intra_mol
2212,10,KCOIL,0,A,KCOIL_0_1-21,44,KCOIL,0,K,KCOIL_0_32-52,14.815,intra_mol
2213,23,ECOIL,0,G,linker,34,ECOIL,0,A,ECOIL_0_32-52,14.819,intra_mol
2214,7,ECOIL,0,K,ECOIL_0_1-21,50,KCOIL,0,L,KCOIL_0_32-52,14.822,inter_mol
2215,2,KCOIL,0,I,KCOIL_0_1-21,11,KCOIL,0,A,KCOIL_0_1-21,14.822,intra_mol
2216,16,ECOIL,0,I,ECOIL_0_1-21,38,ECOIL,0,K,ECOIL_0_32-52,14.823,intra_mol
2217,4,ECOIL,0,A,ECOIL_0_1-21,51,KCOIL,0,K,KCOIL_0_32-52,14.825,inter_mol
2218,6,KCOIL,0,K,KCOIL_0_1-21,48,KCOIL,0,A,KCOIL_0_32-52,14.828,intra_mol
2219,3,ECOIL,0,A,ECOIL_0_1-21,45,KCOIL,0,E,KCOIL_0_32-52,14.836,inter_mol
2220,2,ECOIL,0,I,ECOIL_0_1-21,11,ECOIL,0,A,ECOIL_0_1-21,14.839,intra_mol
2221,3,KCOIL,0,A,KCOIL_0_1-21,51,KCOIL,0,K,KCOIL_0_32-52,14.844,intra_mol
2222,6,ECOIL,0,E,ECOIL_0_1-21,44,KCOIL,0,K,KCOIL_0_32-52,14.848,inter_mol
2223,39,ECOIL,0,E,ECOIL_0_32-52,5,KCOIL,0,L,KCOIL_0_1-21,14.848,inter_mol
2224,6,KCOIL,0,K,KCOIL_0_1-21,40,KCOIL,0,I,KCOIL_0_32-52,14.849,intra_mol
2225,16,KCOIL,0,I,KCOIL_0_1-21,31,KCOIL,0,G,linker,14.850,intra_mol
2226,28,ECOIL,0,S,linker,13,KCOIL,0,K,KCOIL_0_1-21,14.854,inter_mol
2227,20,KCOIL,0,K,KCOIL_0_1-21,26,KCOIL,0,G,linker,14.857,intra_mol
2228,34,KCOIL,0,A,KCOIL_0_32-52,44,KCOIL,0,K,KCOIL_0_32-52,14.860,intra_mol
2229,11,ECOIL,0,A,ECOIL_0_1-21,13,KCOIL,0,K,KCOIL_0_1-21,14.861,inter_mol
2230,42,ECOIL,0,A,ECOIL_0_32-52,14,KCOIL,0,E,KCOIL_0_1-21,14.864,inter_mol
2231,14,KCOIL,0,E,KCOIL_0_1-21,40,KCOIL,0,I,KCOIL_0_32-52,14.868,intra_mol
2232,26,ECOIL,0,G,linker,37,KCOIL,0,K,KCOIL_0_32-52,14.868,inter_mol
2233,1,ECOIL,0,E,ECOIL_0_1-21,10,ECOIL,0,A,ECOIL_0_1-21,14.874,intra_mol
2234,6,ECOIL,0,E,ECOIL_0_1-21,48,KCOIL,0,A,KCOIL_0_32-52,14.876,inter_mol
2235,7,ECOIL,0,K,ECOIL_0_1-21,47,ECOIL,0,I,ECOIL_0_32-52,14.878,intra_mol
2236,6,ECOIL,0,E,ECOIL_0_1-21,46,ECOIL,0,E,ECOIL_0_32-52,14.878,intra_mol
2237,10,ECOIL,0,A,ECOIL_0_1-21,44,KCOIL,0,K,KCOIL_0_32-52,14.879,inter_mol
2238,40,ECOIL,0,I,ECOIL_0_32-52,3,KCOIL,0,A,KCOIL_0_1-21,14.879,inter_mol
2239,52,ECOIL,0,K,ECOIL_0_32-52,52,KCOIL,0,E,KCOIL_0_32-52,14.882,inter_mol
2240,5,ECOIL,0,L,ECOIL_0_1-21,36,KCOIL,0,L,KCOIL_0_32-52,14.883,inter_mol
2241,45,ECOIL,0,K,ECOIL_0_32-52,7,KCOIL,0,E,KCOIL_0_1-21,14.891,inter_mol
2242,1,ECOIL,0,E,ECOIL_0_1-21,49,ECOIL,0,A,ECOIL_0_32-52,14.892,intra_mol
2243,33,ECOIL,0,I,ECOIL_0_32-52,39,KCOIL,0,K,KCOIL_0_32-52,14.902,inter_mol
2244,11,KCOIL,0,A,KCOIL_0_1-21,21,KCOIL,0,E,KCOIL_0_1-21,14.912,intra_mol
2245,32,KCOIL,0,K,KCOIL_0_32-52,41,KCOIL,0,A,KCOIL_0_32-52,14.913,intra_mol
2246,9,ECOIL,0,I,ECOIL_0_1-21,49,KCOIL,0,A,KCOIL_0_32-52,14.918,inter_mol
2247,15,KCOIL,0,K,KCOIL_0_1-21,37,KCOIL,0,K,KCOIL_0_32-52,14.921,intra_mol
2248,46,ECOIL,0,E,ECOIL_0_32-52,7,KCOIL,0,E,KCOIL_0_1-21,14.923,inter_mol
2249,25,ECOIL,0,G,linker,15,KCOIL,0,K,KCOIL_0_1-21,14.924,inter_mol
2250,33,ECOIL,0,I,ECOIL_0_32-52,42,ECOIL,0,A,ECOIL_0_32-52,14.926,intra_mol
2251,27,KCOIL,0,G,linker,36,KCOIL,0,L,KCOIL_0_32-52,14.928,intra_mol
2252,14,ECOIL,0,K,ECOIL_0_1-21,18,KCOIL,0,A,KCOIL_0_1-21,14.930,inter_mol
2253,9,ECOIL,0,I,ECOIL_0_1-21,37,ECOIL,0,E,ECOIL_0_32-52,14.931,intra_mol
2254,49,ECOIL,0,A,ECOIL_0_32-52,45,KCOIL,0,E,KCOIL_0_32-52,14.936,inter_mol
2255,7,ECOIL,0,K,ECOIL_0_1-21,3,KCOIL,0,A,KCOIL_0_1-21,14.948,inter_mol
2256,14,ECOIL,0,K,ECOIL_0_1-21,40,ECOIL,0,I,ECOIL_0_32-52,14.963,intra_mol
2257,11,ECOIL,0,A,ECOIL_0_1-21,47,KCOIL,0,I,KCOIL_0_32-52,14.964,inter_mol
2258,4,ECOIL,0,A,ECOIL_0_1-21,6,KCOIL,0,K,KCOIL_0_1-21,14.966,inter_mol
2259,7,ECOIL,0,K,ECOIL_0_1-21,11,KCOIL,0,A,KCOIL_0_1-21,14.970,inter_mol
2260,7,ECOIL,0,K,ECOIL_0_1-21,45,KCOIL,0,E,KCOIL_0_32-52,14.971,inter_mol
2261,23,ECOIL,0,G,linker,37,KCOIL,0,K,KCOIL_0_32-52,14.972,inter_mol
2262,21,ECOIL,0,K,ECOIL_0_1-21,14,KCOIL,0,E,KCOIL_0_1-21,14.973,inter_mol
2263,9,ECOIL,0,I,ECOIL_0_1-21,18,ECOIL,0,A,ECOIL_0_1-21,14.977,intra_mol
2264,8,ECOIL,0,E,ECOIL_0_1-21,7,KCOIL,0,E,KCOIL_0_1-21,14.979,inter_mol
2265,8,KCOIL,0,K,KCOIL_0_1-21,42,KCOIL,0,A,KCOIL_0_32-52,14.979,intra_mol
2266,12,ECOIL,0,L,ECOIL_0_1-21,21,ECOIL,0,K,ECOIL_0_1-21,14.981,intra_mol
2267,41,ECOIL,0,A,ECOIL_0_32-52,2,KCOIL,0,I,KCOIL_0_1-21,14.985,inter_mol
2268,9,ECOIL,0,I,ECOIL_0_1-21,51,ECOIL,0,E,ECOIL_0_32-52,14.986,intra_mol
2269,8,KCOIL,0,K,KCOIL_0_1-21,44,KCOIL,0,K,KCOIL_0_32-52,14.993,intra_mol
2270,33,KCOIL,0,I,KCOIL_0_32-52,42,KCOIL,0,A,KCOIL_0_32-52,15.000,intra_mol
2271,34,ECOIL,0,A,ECOIL_0_32-52,44,KCOIL,0,K,KCOIL_0_32-52,15.001,inter_mol
2272,42,KCOIL,0,A,KCOIL_0_32-52,52,KCOIL,0,E,KCOIL_0_32-52,15.001,intra_mol
2273,3,ECOIL,0,A,ECOIL_0_1-21,51,ECOIL,0,E,ECOIL_0_32-52,15.003,intra_mol
2274,28,ECOIL,0,S,linker,26,KCOIL,0,G,linker,15.007,inter_mol
2275,30,ECOIL,0,G,linker,41,ECOIL,0,A,ECOIL_0_32-52,15.007,intra_mol
2276,12,KCOIL,0,L,KCOIL_0_1-21,21,KCOIL,0,E,KCOIL_0_1-21,15.015,intra_mol
2277,13,ECOIL,0,E,ECOIL_0_1-21,42,KCOIL,0,A,KCOIL_0_32-52,15.017,inter_mol
2278,6,ECOIL,0,E,ECOIL_0_1-21,48,ECOIL,0,A,ECOIL_0_32-52,15.023,intra_mol
2279,43,ECOIL,0,L,ECOIL_0_32-52,35,KCOIL,0,A,KCOIL_0_32-52,15.032,inter_mol
2280,16,KCOIL,0,I,KCOIL_0_1-21,25,KCOIL,0,G,linker,15.038,intra_mol
2281,4,ECOIL,0,A,ECOIL_0_1-21,12,KCOIL,0,L,KCOIL_0_1-21,15.039,inter_mol
2282,4,ECOIL,0,A,ECOIL_0_1-21,7,KCOIL,0,E,KCOIL_0_1-21,15.040,inter_mol
2283,15,ECOIL,0,E,ECOIL_0_1-21,27,KCOIL,0,G,linker,15.040,inter_mol
2284,16,KCOIL,0,I,KCOIL_0_1-21,38,KCOIL,0,E,KCOIL_0_32-52,15.040,intra_mol
2285,11,ECOIL,0,A,ECOIL_0_1-21,21,ECOIL,0,K,ECOIL_0_1-21,15.041,intra_mol
2286,19,ECOIL,0,L,ECOIL_0_1-21,28,ECOIL,0,S,linker,15.044,intra_mol
2287,32,ECOIL,0,E,ECOIL_0_32-52,12,KCOIL,0,L,KCOIL_0_1-21,15.045,inter_mol
2288,15,KCOIL,0,K,KCOIL_0_1-21,24,KCOIL,0,S,linker,15.046,intra_mol
2289,17,ECOIL,0,A,ECOIL_0_1-21,32,ECOIL,0,E,ECOIL_0_32-52,15.046,intra_mol
2290,37,ECOIL,0,E,ECOIL_0_32-52,35,KCOIL,0,A,KCOIL_0_32-52,15.047,inter_mol
2291,3,ECOIL,0,A,ECOIL_0_1-21,13,ECOIL,0,E,ECOIL_0_1-21,15.047,intra_mol
2292,40,KCOIL,0,I,KCOIL_0_32-52,49,KCOIL,0,A,KCOIL_0_32-52,15.051,intra_mol
2293,15,ECOIL,0,E,ECOIL_0_1-21,14,KCOIL,0,E,KCOIL_0_1-21,15.054,inter_mol
2294,40,ECOIL,0,I,ECOIL_0_32-52,2,KCOIL,0,I,KCOIL_0_1-21,15.059,inter_mol
2295,34,ECOIL,0,A,ECOIL_0_32-52,32,KCOIL,0,K,KCOIL_0_32-52,15.061,inter_mol
2296,44,ECOIL,0,E,ECOIL_0_32-52,42,KCOIL,0,A,KCOIL_0_32-52,15.061,inter_mol
2297,11,ECOIL,0,A,ECOIL_0_1-21,14,KCOIL,0,E,KCOIL_0_1-21,15.062,inter_mol
2298,13,KCOIL,0,K,KCOIL_0_1-21,22,KCOIL,0,G,linker,15.065,intra_mol
2299,14,ECOIL,0,K,ECOIL_0_1-21,37,KCOIL,0,K,KCOIL_0_32-52,15.069,inter_mol
2300,23,KCOIL,0,G,linker,28,KCOIL,0,S,linker,15.070,intra_mol
2301,35,KCOIL,0,A,KCOIL_0_32-52,45,KCOIL,0,E,KCOIL_0_32-52,15.074,intra_mol
2302,14,ECOIL,0,K,ECOIL_0_1-21,23,ECOIL,0,G,linker,15.075,intra_mol
2303,34,ECOIL,0,A,ECOIL_0_32-52,44,ECOIL,0,E,ECOIL_0_32-52,15.077,intra_mol
2304,48,ECOIL,0,A,ECOIL_0_32-52,46,KCOIL,0,K,KCOIL_0_32-52,15.080,inter_mol
2305,35,ECOIL,0,A,ECOIL_0_32-52,45,ECOIL,0,K,ECOIL_0_32-52,15.081,intra_mol
2306,13,ECOIL,0,E,ECOIL_0_1-21,3,KCOIL,0,A,KCOIL_0_1-21,15.088,inter_mol
2307,39,ECOIL,0,E,ECOIL_0_32-52,48,ECOIL,0,A,ECOIL_0_32-52,15.091,intra_mol
2308,1,KCOIL,0,K,KCOIL_0_1-21,43,KCOIL,0,L,KCOIL_0_32-52,15.093,intra_mol
2309,2,ECOIL,0,I,ECOIL_0_1-21,52,ECOIL,0,K,ECOIL_0_32-52,15.094,intra_mol
2310,42,ECOIL,0,A,ECOIL_0_32-52,7,KCOIL,0,E,KCOIL_0_1-21,15.095,inter_mol
2311,10,ECOIL,0,A,ECOIL_0_1-21,37,KCOIL,0,K,KCOIL_0_32-52,15.100,inter_mol
2312,23,ECOIL,0,G,linker,28,ECOIL,0,S,linker,15.102,intra_mol
2313,39,ECOIL,0,E,ECOIL_0_32-52,14,KCOIL,0,E,KCOIL_0_1-21,15.108,inter_mol
2314,37,ECOIL,0,E,ECOIL_0_32-52,46,ECOIL,0,E,ECOIL_0_32-52,15.120,intra_mol
2315,9,KCOIL,0,I,KCOIL_0_1-21,51,KCOIL,0,K,KCOIL_0_32-52,15.122,intra_mol
2316,34,ECOIL,0,A,ECOIL_0_32-52,9,KCOIL,0,I,KCOIL_0_1-21,15.122,inter_mol
2317,48,ECOIL,0,A,ECOIL_0_32-52,11,KCOIL,0,A,KCOIL_0_1-21,15.122,inter_mol
2318,41,ECOIL,0,A,ECOIL_0_32-52,39,KCOIL,0,K,KCOIL_0_32-52,15.123,inter_mol
2319,13,KCOIL,0,K,KCOIL_0_1-21,33,KCOIL,0,I,KCOIL_0_32-52,15.124,intra_mol
2320,17,KCOIL,0,A,KCOIL_0_1-21,37,KCOIL,0,K,KCOIL_0_32-52,15.125,intra_mol
2321,18,ECOIL,0,A,ECOIL_0_1-21,38,KCOIL,0,E,KCOIL_0_32-52,15.125,inter_mol
2322,42,ECOIL,0,A,ECOIL_0_32-52,38,KCOIL,0,E,KCOIL_0_32-52,15.131,inter_mol
2323,6,KCOIL,0,K,KCOIL_0_1-21,15,KCOIL,0,K,KCOIL_0_1-21,15.136,intra_mol
2324,33,ECOIL,0,I,ECOIL_0_32-52,41,KCOIL,0,A,KCOIL_0_32-52,15.142,inter_mol
2325,38,ECOIL,0,K,ECOIL_0_32-52,45,KCOIL,0,E,KCOIL_0_32-52,15.146,inter_mol
2326,15,ECOIL,0,E,ECOIL_0_1-21,13,KCOIL,0,K,KCOIL_0_1-21,15.146,inter_mol
2327,8,ECOIL,0,E,ECOIL_0_1-21,44,ECOIL,0,E,ECOIL_0_32-52,15.148,intra_mol
2328,8,ECOIL,0,E,ECOIL_0_1-21,6,KCOIL,0,K,KCOIL_0_1-21,15.151,inter_mol
2329,30,KCOIL,0,G,linker,39,KCOIL,0,K,KCOIL_0_32-52,15.158,intra_mol
2330,41,ECOIL,0,A,ECOIL_0_32-52,3,KCOIL,0,A,KCOIL_0_1-21,15.160,inter_mol
2331,22,KCOIL,0,G,linker,32,KCOIL,0,K,KCOIL_0_32-52,15.163,intra_mol
2332,31,ECOIL,0,G,linker,30,KCOIL,0,G,linker,15.165,inter_mol
2333,26,ECOIL,0,G,linker,32,KCOIL,0,K,KCOIL_0_32-52,15.166,inter_mol
2334,8,ECOIL,0,E,ECOIL_0_1-21,17,ECOIL,0,A,ECOIL_0_1-21,15.173,intra_mol
2335,17,ECOIL,0,A,ECOIL_0_1-21,37,ECOIL,0,E,ECOIL_0_32-52,15.177,intra_mol
2336,5,ECOIL,0,L,ECOIL_0_1-21,38,KCOIL,0,E,KCOIL_0_32-52,15.180,inter_mol
2337,19,ECOIL,0,L,ECOIL_0_1-21,39,ECOIL,0,E,ECOIL_0_32-52,15.185,intra_mol
2338,7,ECOIL,0,K,ECOIL_0_1-21,35,KCOIL,0,A,KCOIL_0_32-52,15.190,inter_mol
2339,42,ECOIL,0,A,ECOIL_0_32-52,3,KCOIL,0,A,KCOIL_0_1-21,15.193,inter_mol
2340,45,ECOIL,0,K,ECOIL_0_32-52,4,KCOIL,0,A,KCOIL_0_1-21,15.201,inter_mol
2341,15,ECOIL,0,E,ECOIL_0_1-21,25,ECOIL,0,G,linker,15.208,intra_mol
2342,13,ECOIL,0,E,ECOIL_0_1-21,41,KCOIL,0,A,KCOIL_0_32-52,15.208,inter_mol
2343,13,ECOIL,0,E,ECOIL_0_1-21,34,KCOIL,0,A,KCOIL_0_32-52,15.210,inter_mol
2344,25,KCOIL,0,G,linker,34,KCOIL,0,A,KCOIL_0_32-52,15.215,intra_mol
2345,38,ECOIL,0,K,ECOIL_0_32-52,14,KCOIL,0,E,KCOIL_0_1-21,15.218,inter_mol
2346,49,ECOIL,0,A,ECOIL_0_32-52,10,KCOIL,0,A,KCOIL_0_1-21,15.218,inter_mol
2347,9,KCOIL,0,I,KCOIL_0_1-21,19,KCOIL,0,L,KCOIL_0_1-21,15.226,intra_mol
2348,43,ECOIL,0,L,ECOIL_0_32-52,52,KCOIL,0,E,KCOIL_0_32-52,15.228,inter_mol
2349,10,ECOIL,0,A,ECOIL_0_1-21,39,ECOIL,0,E,ECOIL_0_32-52,15.228,intra_mol
2350,21,ECOIL,0,K,ECOIL_0_1-21,20,KCOIL,0,K,KCOIL_0_1-21,15.230,inter_mol
2351,52,ECOIL,0,K,ECOIL_0_32-52,49,KCOIL,0,A,KCOIL_0_32-52,15.231,inter_mol
2352,22,KCOIL,0,G,linker,30,KCOIL,0,G,linker,15.238,intra_mol
2353,45,ECOIL,0,K,ECOIL_0_32-52,52,KCOIL,0,E,KCOIL_0_32-52,15.248,inter_mol
2354,16,ECOIL,0,I,ECOIL_0_1-21,42,KCOIL,0,A,KCOIL_0_32-52,15.257,inter_mol
2355,26,ECOIL,0,G,linker,38,ECOIL,0,K,ECOIL_0_32-52,15.259,intra_mol
2356,26,ECOIL,0,G,linker,36,KCOIL,0,L,KCOIL_0_32-52,15.260,inter_mol
2357,15,ECOIL,0,E,ECOIL_0_1-21,43,ECOIL,0,L,ECOIL_0_32-52,15.262,intra_mol
2358,36,ECOIL,0,L,ECOIL_0_32-52,45,ECOIL,0,K,ECOIL_0_32-52,15.266,intra_mol
2359,31,ECOIL,0,G,linker,13,KCOIL,0,K,KCOIL_0_1-21,15.267,inter_mol
2360,2,ECOIL,0,I,ECOIL_0_1-21,12,ECOIL,0,L,ECOIL_0_1-21,15.268,intra_mol
2361,17,ECOIL,0,A,ECOIL_0_1-21,27,KCOIL,0,G,linker,15.270,inter_mol
2362,39,ECOIL,0,E,ECOIL_0_32-52,8,KCOIL,0,K,KCOIL_0_1-21,15.271,inter_mol
2363,33,ECOIL,0,I,ECOIL_0_32-52,9,KCOIL,0,I,KCOIL_0_1-21,15.276,inter_mol
2364,12,ECOIL,0,L,ECOIL_0_1-21,46,ECOIL,0,E,ECOIL_0_32-52,15.277,intra_mol
2365,41,ECOIL,0,A,ECOIL_0_32-52,4,KCOIL,0,A,KCOIL_0_1-21,15.283,inter_mol
2366,2,KCOIL,0,I,KCOIL_0_1-21,12,KCOIL,0,L,KCOIL_0_1-21,15.286,intra_mol
2367,39,ECOIL,0,E,ECOIL_0_32-52,6,KCOIL,0,K,KCOIL_0_1-21,15.288,inter_mol
2368,41,ECOIL,0,A,ECOIL_0_32-52,19,KCOIL,0,L,KCOIL_0_1-21,15.290,inter_mol
2369,51,ECOIL,0,E,ECOIL_0_32-52,52,KCOIL,0,E,KCOIL_0_32-52,15.290,inter_mol
2370,29,ECOIL,0,G,linker,41,ECOIL,0,A,ECOIL_0_32-52,15.291,intra_mol
2371,8,KCOIL,0,K,KCOIL_0_1-21,17,KCOIL,0,A,KCOIL_0_1-21,15.291,intra_mol
2372,33,ECOIL,0,I,ECOIL_0_32-52,43,ECOIL,0,L,ECOIL_0_32-52,15.302,intra_mol
2373,4,ECOIL,0,A,ECOIL_0_1-21,14,ECOIL,0,K,ECOIL_0_1-21,15.304,intra_mol
2374,16,ECOIL,0,I,ECOIL_0_1-21,27,KCOIL,0,G,linker,15.304,inter_mol
2375,1,KCOIL,0,K,KCOIL_0_1-21,10,KCOIL,0,A,KCOIL_0_1-21,15.308,intra_mol
2376,45,ECOIL,0,K,ECOIL_0_32-52,11,KCOIL,0,A,KCOIL_0_1-21,15.312,inter_mol
2377,17,KCOIL,0,A,KCOIL_0_1-21,25,KCOIL,0,G,linker,15.313,intra_mol
2378,6,ECOIL,0,E,ECOIL_0_1-21,41,KCOIL,0,A,KCOIL_0_32-52,15.315,inter_mol
2379,33,ECOIL,0,I,ECOIL_0_32-52,10,KCOIL,0,A,KCOIL_0_1-21,15.315,inter_mol
2380,21,ECOIL,0,K,ECOIL_0_1-21,11,KCOIL,0,A,KCOIL_0_1-21,15.317,inter_mol
2381,15,ECOIL,0,E,ECOIL_0_1-21,10,KCOIL,0,A,KCOIL_0_1-21,15.318,inter_mol
2382,48,ECOIL,0,A,ECOIL_0_32-52,12,KCOIL,0,L,KCOIL_0_1-21,15.322,inter_mol
2383,36,KCOIL,0,L,KCOIL_0_32-52,46,KCOIL,0,K,KCOIL_0_32-52,15.326,intra_mol
2384,30,ECOIL,0,G,linker,24,KCOIL,0,S,linker,15.330,inter_mol
2385,1,ECOIL,0,E,ECOIL_0_1-21,51,ECOIL,0,E,ECOIL_0_32-52,15.332,intra_mol
2386,6,ECOIL,0,E,ECOIL_0_1-21,15,ECOIL,0,E,ECOIL_0_1-21,15.336,intra_mol
2387,41,ECOIL,0,A,ECOIL_0_32-52,18,KCOIL,0,A,KCOIL_0_1-21,15.338,inter_mol
2388,32,ECOIL,0,E,ECOIL_0_32-52,15,KCOIL,0,K,KCOIL_0_1-21,15.339,inter_mol
2389,7,ECOIL,0,K,ECOIL_0_1-21,16,ECOIL,0,I,ECOIL_0_1-21,15.340,intra_mol
2390,36,ECOIL,0,L,ECOIL_0_32-52,8,KCOIL,0,K,KCOIL_0_1-21,15.342,inter_mol
2391,44,ECOIL,0,E,ECOIL_0_32-52,46,KCOIL,0,K,KCOIL_0_32-52,15.352,inter_mol
2392,13,KCOIL,0,K,KCOIL_0_1-21,41,KCOIL,0,A,KCOIL_0_32-52,15.358,intra_mol
2393,9,ECOIL,0,I,ECOIL_0_1-21,32,KCOIL,0,K,KCOIL_0_32-52,15.360,inter_mol
2394,42,ECOIL,0,A,ECOIL_0_32-52,4,KCOIL,0,A,KCOIL_0_1-21,15.360,inter_mol
2395,42,ECOIL,0,A,ECOIL_0_32-52,17,KCOIL,0,A,KCOIL_0_1-21,15.363,inter_mol
2396,29,ECOIL,0,G,linker,40,ECOIL,0,I,ECOIL_0_32-52,15.364,intra_mol
2397,35,ECOIL,0,A,ECOIL_0_32-52,14,KCOIL,0,E,KCOIL_0_1-21,15.368,inter_mol
2398,43,ECOIL,0,L,ECOIL_0_32-52,17,KCOIL,0,A,KCOIL_0_1-21,15.370,inter_mol
2399,27,ECOIL,0,G,linker,32,KCOIL,0,K,KCOIL_0_32-52,15.372,inter_mol
2400,35,ECOIL,0,A,ECOIL_0_32-52,21,KCOIL,0,E,KCOIL_0_1-21,15.373,inter_mol
2401,13,ECOIL,0,E,ECOIL_0_1-21,47,ECOIL,0,I,ECOIL_0_32-52,15.375,intra_mol
2402,16,ECOIL,0,I,ECOIL_0_1-21,44,ECOIL,0,E,ECOIL_0_32-52,15.376,intra_mol
2403,7,ECOIL,0,K,ECOIL_0_1-21,44,KCOIL,0,K,KCOIL_0_32-52,15.378,inter_mol
2404,8,ECOIL,0,E,ECOIL_0_1-21,3,KCOIL,0,A,KCOIL_0_1-21,15.387,inter_mol
2405,9,ECOIL,0,I,ECOIL_0_1-21,19,ECOIL,0,L,ECOIL_0_1-21,15.387,intra_mol
2406,16,KCOIL,0,I,KCOIL_0_1-21,44,KCOIL,0,K,KCOIL_0_32-52,15.394,intra_mol
2407,52,ECOIL,0,K,ECOIL_0_32-52,1,KCOIL,0,K,KCOIL_0_1-21,15.398,inter_mol
2408,36,ECOIL,0,L,ECOIL_0_32-52,24,KCOIL,0,S,linker,15.399,inter_mol
2409,15,ECOIL,0,E,ECOIL_0_1-21,37,ECOIL,0,E,ECOIL_0_32-52,15.411,intra_mol
2410,36,ECOIL,0,L,ECOIL_0_32-52,45,KCOIL,0,E,KCOIL_0_32-52,15.412,inter_mol
2411,40,ECOIL,0,I,ECOIL_0_32-52,50,ECOIL,0,L,ECOIL_0_32-52,15.413,intra_mol
2412,1,ECOIL,0,E,ECOIL_0_1-21,39,KCOIL,0,K,KCOIL_0_32-52,15.415,inter_mol
2413,18,ECOIL,0,A,ECOIL_0_1-21,26,ECOIL,0,G,linker,15.426,intra_mol
2414,37,KCOIL,0,K,KCOIL_0_32-52,46,KCOIL,0,K,KCOIL_0_32-52,15.440,intra_mol
2415,7,ECOIL,0,K,ECOIL_0_1-21,38,KCOIL,0,E,KCOIL_0_32-52,15.443,inter_mol
2416,32,ECOIL,0,E,ECOIL_0_32-52,41,ECOIL,0,A,ECOIL_0_32-52,15.443,intra_mol
2417,5,ECOIL,0,L,ECOIL_0_1-21,14,ECOIL,0,K,ECOIL_0_1-21,15.444,intra_mol
2418,37,ECOIL,0,E,ECOIL_0_32-52,39,KCOIL,0,K,KCOIL_0_32-52,15.447,inter_mol
2419,30,ECOIL,0,G,linker,21,KCOIL,0,E,KCOIL_0_1-21,15.448,inter_mol
2420,50,ECOIL,0,L,ECOIL_0_32-52,10,KCOIL,0,A,KCOIL_0_1-21,15.460,inter_mol
2421,38,ECOIL,0,K,ECOIL_0_32-52,47,ECOIL,0,I,ECOIL_0_32-52,15.462,intra_mol
2422,28,KCOIL,0,S,linker,35,KCOIL,0,A,KCOIL_0_32-52,15.465,intra_mol
2423,5,KCOIL,0,L,KCOIL_0_1-21,15,KCOIL,0,K,KCOIL_0_1-21,15.467,intra_mol
2424,20,ECOIL,0,E,ECOIL_0_1-21,8,KCOIL,0,K,KCOIL_0_1-21,15.468,inter_mol
2425,3,ECOIL,0,A,ECOIL_0_1-21,46,ECOIL,0,E,ECOIL_0_32-52,15.471,intra_mol
2426,28,ECOIL,0,S,linker,39,ECOIL,0,E,ECOIL_0_32-52,15.478,intra_mol
2427,45,ECOIL,0,K,ECOIL_0_32-52,46,KCOIL,0,K,KCOIL_0_32-52,15.481,inter_mol
2428,32,ECOIL,0,E,ECOIL_0_32-52,21,KCOIL,0,E,KCOIL_0_1-21,15.482,inter_mol
2429,18,ECOIL,0,A,ECOIL_0_1-21,21,KCOIL,0,E,KCOIL_0_1-21,15.484,inter_mol
2430,35,ECOIL,0,A,ECOIL_0_32-52,10,KCOIL,0,A,KCOIL_0_1-21,15.485,inter_mol
2431,18,KCOIL,0,A,KCOIL_0_1-21,26,KCOIL,0,G,linker,15.486,intra_mol
2432,44,ECOIL,0,E,ECOIL_0_32-52,45,KCOIL,0,E,KCOIL_0_32-52,15.488,inter_mol
2433,1,KCOIL,0,K,KCOIL_0_1-21,49,KCOIL,0,A,KCOIL_0_32-52,15.488,intra_mol
2434,4,ECOIL,0,A,ECOIL_0_1-21,52,KCOIL,0,E,KCOIL_0_32-52,15.489,inter_mol
2435,27,ECOIL,0,G,linker,31,KCOIL,0,G,linker,15.490,inter_mol
2436,11,ECOIL,0,A,ECOIL_0_1-21,19,KCOIL,0,L,KCOIL_0_1-21,15.491,inter_mol
2437,33,KCOIL,0,I,KCOIL_0_32-52,43,KCOIL,0,L,KCOIL_0_32-52,15.494,intra_mol
2438,37,ECOIL,0,E,ECOIL_0_32-52,38,KCOIL,0,E,KCOIL_0_32-52,15.494,inter_mol
2439,3,ECOIL,0,A,ECOIL_0_1-21,44,KCOIL,0,K,KCOIL_0_32-52,15.497,inter_mol
2440,38,ECOIL,0,K,ECOIL_0_32-52,11,KCOIL,0,A,KCOIL_0_1-21,15.503,inter_mol
2441,6,ECOIL,0,E,ECOIL_0_1-21,45,KCOIL,0,E,KCOIL_0_32-52,15.505,inter_mol
2442,20,ECOIL,0,E,ECOIL_0_1-21,35,ECOIL,0,A,ECOIL_0_32-52,15.514,intra_mol
2443,34,ECOIL,0,A,ECOIL_0_32-52,25,KCOIL,0,G,linker,15.523,inter_mol
2444,27,ECOIL,0,G,linker,30,KCOIL,0,G,linker,15.526,inter_mol
2445,11,ECOIL,0,A,ECOIL_0_1-21,45,KCOIL,0,E,KCOIL_0_32-52,15.529,inter_mol
2446,12,KCOIL,0,L,KCOIL_0_1-21,22,KCOIL,0,G,linker,15.537,intra_mol
2447,12,ECOIL,0,L,ECOIL_0_1-21,22,ECOIL,0,G,linker,15.539,intra_mol
2448,39,ECOIL,0,E,ECOIL_0_32-52,32,KCOIL,0,K,KCOIL_0_32-52,15.540,inter_mol
2449,20,ECOIL,0,E,ECOIL_0_1-21,37,KCOIL,0,K,KCOIL_0_32-52,15.544,inter_mol
2450,38,ECOIL,0,K,ECOIL_0_32-52,47,KCOIL,0,I,KCOIL_0_32-52,15.549,inter_mol
2451,45,ECOIL,0,K,ECOIL_0_32-52,42,KCOIL,0,A,KCOIL_0_32-52,15.552,inter_mol
2452,38,ECOIL,0,K,ECOIL_0_32-52,39,KCOIL,0,K,KCOIL_0_32-52,15.554,inter_mol
2453,51,ECOIL,0,E,ECOIL_0_32-52,43,KCOIL,0,L,KCOIL_0_32-52,15.558,inter_mol
2454,39,KCOIL,0,K,KCOIL_0_32-52,48,KCOIL,0,A,KCOIL_0_32-52,15.559,intra_mol
2455,52,ECOIL,0,K,ECOIL_0_32-52,7,KCOIL,0,E,KCOIL_0_1-21,15.560,inter_mol
2456,13,ECOIL,0,E,ECOIL_0_1-21,38,KCOIL,0,E,KCOIL_0_32-52,15.562,inter_mol
2457,23,KCOIL,0,G,linker,34,KCOIL,0,A,KCOIL_0_32-52,15.572,intra_mol
2458,34,ECOIL,0,A,ECOIL_0_32-52,10,KCOIL,0,A,KCOIL_0_1-21,15.579,inter_mol
2459,9,ECOIL,0,I,ECOIL_0_1-21,34,KCOIL,0,A,KCOIL_0_32-52,15.584,inter_mol
2460,8,ECOIL,0,E,ECOIL_0_1-21,41,ECOIL,0,A,ECOIL_0_32-52,15.585,intra_mol
2461,1,ECOIL,0,E,ECOIL_0_1-21,8,KCOIL,0,K,KCOIL_0_1-21,15.586,inter_mol
2462,40,ECOIL,0,I,ECOIL_0_32-52,32,KCOIL,0,K,KCOIL_0_32-52,15.592,inter_mol
2463,52,ECOIL,0,K,ECOIL_0_32-52,9,KCOIL,0,I,KCOIL_0_1-21,15.605,inter_mol
2464,3,ECOIL,0,A,ECOIL_0_1-21,51,KCOIL,0,K,KCOIL_0_32-52,15.608,inter_mol
2465,38,ECOIL,0,K,ECOIL_0_32-52,18,KCOIL,0,A,KCOIL_0_1-21,15.615,inter_mol
2466,41,ECOIL,0,A,ECOIL_0_32-52,52,ECOIL,0,K,ECOIL_0_32-52,15.616,intra_mol
2467,20,ECOIL,0,E,ECOIL_0_1-21,9,KCOIL,0,I,KCOIL_0_1-21,15.618,inter_mol
2468,35,ECOIL,0,A,ECOIL_0_32-52,11,KCOIL,0,A,KCOIL_0_1-21,15.621,inter_mol
2469,30,ECOIL,0,G,linker,40,KCOIL,0,I,KCOIL_0_32-52,15.625,inter_mol
2470,45,ECOIL,0,K,ECOIL_0_32-52,8,KCOIL,0,K,KCOIL_0_1-21,15.628,inter_mol
2471,9,ECOIL,0,I,ECOIL_0_1-21,49,ECOIL,0,A,ECOIL_0_32-52,15.629,intra_mol
2472,13,KCOIL,0,K,KCOIL_0_1-21,23,KCOIL,0,G,linker,15.641,intra_mol
2473,15,KCOIL,0,K,KCOIL_0_1-21,34,KCOIL,0,A,KCOIL_0_32-52,15.649,intra_mol
2474,34,ECOIL,0,A,ECOIL_0_32-52,11,KCOIL,0,A,KCOIL_0_1-21,15.652,inter_mol
2475,3,ECOIL,0,A,ECOIL_0_1-21,40,KCOIL,0,I,KCOIL_0_32-52,15.654,inter_mol
2476,12,ECOIL,0,L,ECOIL_0_1-21,30,KCOIL,0,G,linker,15.656,inter_mol
2477,40,KCOIL,0,I,KCOIL_0_32-52,50,KCOIL,0,L,KCOIL_0_32-52,15.661,intra_mol
2478,32,ECOIL,0,E,ECOIL_0_32-52,13,KCOIL,0,K,KCOIL_0_1-21,15.663,inter_mol
2479,9,ECOIL,0,I,ECOIL_0_1-21,33,KCOIL,0,I,KCOIL_0_32-52,15.663,inter_mol
2480,8,KCOIL,0,K,KCOIL_0_1-21,41,KCOIL,0,A,KCOIL_0_32-52,15.665,intra_mol
2481,28,ECOIL,0,S,linker,40,ECOIL,0,I,ECOIL_0_32-52,15.670,intra_mol
2482,39,ECOIL,0,E,ECOIL_0_32-52,51,KCOIL,0,K,KCOIL_0_32-52,15.674,inter_mol
2483,44,ECOIL,0,E,ECOIL_0_32-52,1,KCOIL,0,K,KCOIL_0_1-21,15.675,inter_mol
2484,18,ECOIL,0,A,ECOIL_0_1-21,40,ECOIL,0,I,ECOIL_0_32-52,15.677,intra_mol
2485,10,ECOIL,0,A,ECOIL_0_1-21,33,KCOIL,0,I,KCOIL_0_32-52,15.681,inter_mol
2486,14,ECOIL,0,K,ECOIL_0_1-21,5,KCOIL,0,L,KCOIL_0_1-21,15.683,inter_mol
2487,36,ECOIL,0,L,ECOIL_0_32-52,46,ECOIL,0,E,ECOIL_0_32-52,15.687,intra_mol
2488,50,ECOIL,0,L,ECOIL_0_32-52,42,KCOIL,0,A,KCOIL_0_32-52,15.687,inter_mol
2489,17,ECOIL,0,A,ECOIL_0_1-21,29,KCOIL,0,G,linker,15.689,inter_mol
2490,18,ECOIL,0,A,ECOIL_0_1-21,27,ECOIL,0,G,linker,15.697,intra_mol
2491,16,ECOIL,0,I,ECOIL_0_1-21,42,ECOIL,0,A,ECOIL_0_32-52,15.697,intra_mol
2492,3,KCOIL,0,A,KCOIL_0_1-21,14,KCOIL,0,E,KCOIL_0_1-21,15.698,intra_mol
2493,21,KCOIL,0,E,KCOIL_0_1-21,33,KCOIL,0,I,KCOIL_0_32-52,15.699,intra_mol
2494,15,ECOIL,0,E,ECOIL_0_1-21,23,KCOIL,0,G,linker,15.701,inter_mol
2495,35,ECOIL,0,A,ECOIL_0_32-52,22,KCOIL,0,G,linker,15.701,inter_mol
2496,38,ECOIL,0,K,ECOIL_0_32-52,35,KCOIL,0,A,KCOIL_0_32-52,15.702,inter_mol
2497,5,ECOIL,0,L,ECOIL_0_1-21,15,ECOIL,0,E,ECOIL_0_1-21,15.703,intra_mol
2498,8,ECOIL,0,E,ECOIL_0_1-21,15,KCOIL,0,K,KCOIL_0_1-21,15.715,inter_mol
2499,16,ECOIL,0,I,ECOIL_0_1-21,26,KCOIL,0,G,linker,15.716,inter_mol
2500,7,KCOIL,0,E,KCOIL_0_1-21,16,KCOIL,0,I,KCOIL_0_1-21,15.721,intra_mol
2501,2,ECOIL,0,I,ECOIL_0_1-21,40,KCOIL,0,I,KCOIL_0_32-52,15.723,inter_mol
2502,34,ECOIL,0,A,ECOIL_0_32-52,31,KCOIL,0,G,linker,15.731,inter_mol
2503,15,ECOIL,0,E,ECOIL_0_1-21,34,ECOIL,0,A,ECOIL_0_32-52,15.731,intra_mol
2504,23,ECOIL,0,G,linker,35,ECOIL,0,A,ECOIL_0_32-52,15.733,intra_mol
2505,22,ECOIL,0,G,linker,12,KCOIL,0,L,KCOIL_0_1-21,15.734,inter_mol
2506,32,KCOIL,0,K,KCOIL_0_32-52,42,KCOIL,0,A,KCOIL_0_32-52,15.735,intra_mol
2507,19,ECOIL,0,L,ECOIL_0_1-21,30,ECOIL,0,G,linker,15.737,intra_mol
2508,28,ECOIL,0,S,linker,37,KCOIL,0,K,KCOIL_0_32-52,15.740,inter_mol
2509,29,ECOIL,0,G,linker,13,KCOIL,0,K,KCOIL_0_1-21,15.740,inter_mol
2510,30,ECOIL,0,G,linker,26,KCOIL,0,G,linker,15.743,inter_mol
2511,20,ECOIL,0,E,ECOIL_0_1-21,40,KCOIL,0,I,KCOIL_0_32-52,15.748,inter_mol
2512,16,ECOIL,0,I,ECOIL_0_1-21,7,KCOIL,0,E,KCOIL_0_1-21,15.748,inter_mol
2513,30,ECOIL,0,G,linker,22,KCOIL,0,G,linker,15.753,inter_mol
2514,43,ECOIL,0,L,ECOIL_0_32-52,1,KCOIL,0,K,KCOIL_0_1-21,15.767,inter_mol
2515,27,ECOIL,0,G,linker,14,KCOIL,0,E,KCOIL_0_1-21,15.768,inter_mol
2516,9,ECOIL,0,I,ECOIL_0_1-21,20,ECOIL,0,E,ECOIL_0_1-21,15.769,intra_mol
2517,17,KCOIL,0,A,KCOIL_0_1-21,32,KCOIL,0,K,KCOIL_0_32-52,15.770,intra_mol
2518,31,ECOIL,0,G,linker,41,KCOIL,0,A,KCOIL_0_32-52,15.774,inter_mol
2519,21,ECOIL,0,K,ECOIL_0_1-21,35,KCOIL,0,A,KCOIL_0_32-52,15.776,inter_mol
2520,17,ECOIL,0,A,ECOIL_0_1-21,26,KCOIL,0,G,linker,15.784,inter_mol
2521,16,KCOIL,0,I,KCOIL_0_1-21,30,KCOIL,0,G,linker,15.786,intra_mol
2522,44,ECOIL,0,E,ECOIL_0_32-52,36,KCOIL,0,L,KCOIL_0_32-52,15.786,inter_mol
2523,1,ECOIL,0,E,ECOIL_0_1-21,11,ECOIL,0,A,ECOIL_0_1-21,15.789,intra_mol
2524,13,KCOIL,0,K,KCOIL_0_1-21,47,KCOIL,0,I,KCOIL_0_32-52,15.795,intra_mol
2525,8,ECOIL,0,E,ECOIL_0_1-21,50,ECOIL,0,L,ECOIL_0_32-52,15.796,intra_mol
2526,27,KCOIL,0,G,linker,37,KCOIL,0,K,KCOIL_0_32-52,15.798,intra_mol
2527,20,KCOIL,0,K,KCOIL_0_1-21,40,KCOIL,0,I,KCOIL_0_32-52,15.801,intra_mol
2528,23,KCOIL,0,G,linker,29,KCOIL,0,G,linker,15.801,intra_mol
2529,38,ECOIL,0,K,ECOIL_0_32-52,15,KCOIL,0,K,KCOIL_0_1-21,15.801,inter_mol
2530,14,ECOIL,0,K,ECOIL_0_1-21,42,KCOIL,0,A,KCOIL_0_32-52,15.802,inter_mol
2531,3,KCOIL,0,A,KCOIL_0_1-21,48,KCOIL,0,A,KCOIL_0_32-52,15.803,intra_mol
2532,41,ECOIL,0,A,ECOIL_0_32-52,46,KCOIL,0,K,KCOIL_0_32-52,15.804,inter_mol
2533,46,ECOIL,0,E,ECOIL_0_32-52,1,KCOIL,0,K,KCOIL_0_1-21,15.804,inter_mol
2534,10,ECOIL,0,A,ECOIL_0_1-21,34,KCOIL,0,A,KCOIL_0_32-52,15.824,inter_mol
2535,30,ECOIL,0,G,linker,18,KCOIL,0,A,KCOIL_0_1-21,15.828,inter_mol
2536,4,KCOIL,0,A,KCOIL_0_1-21,40,KCOIL,0,I,KCOIL_0_32-52,15.837,intra_mol
2537,27,ECOIL,0,G,linker,41,ECOIL,0,A,ECOIL_0_32-52,15.846,intra_mol
2538,7,ECOIL,0,K,ECOIL_0_1-21,49,KCOIL,0,A,KCOIL_0_32-52,15.847,inter_mol
2539,20,KCOIL,0,K,KCOIL_0_1-21,34,KCOIL,0,A,KCOIL_0_32-52,15.849,intra_mol
2540,26,ECOIL,0,G,linker,15,KCOIL,0,K,KCOIL_0_1-21,15.850,inter_mol
2541,47,ECOIL,0,I,ECOIL_0_32-52,14,KCOIL,0,E,KCOIL_0_1-21,15.853,inter_mol
2542,9,ECOIL,0,I,ECOIL_0_1-21,35,ECOIL,0,A,ECOIL_0_32-52,15.855,intra_mol
2543,38,KCOIL,0,E,KCOIL_0_32-52,47,KCOIL,0,I,KCOIL_0_32-52,15.858,intra_mol
2544,13,KCOIL,0,K,KCOIL_0_1-21,39,KCOIL,0,K,KCOIL_0_32-52,15.859,intra_mol
2545,6,KCOIL,0,K,KCOIL_0_1-21,16,KCOIL,0,I,KCOIL_0_1-21,15.862,intra_mol
2546,12,KCOIL,0,L,KCOIL_0_1-21,46,KCOIL,0,K,KCOIL_0_32-52,15.879,intra_mol
2547,10,KCOIL,0,A,KCOIL_0_1-21,39,KCOIL,0,K,KCOIL_0_32-52,15.881,intra_mol
2548,11,ECOIL,0,A,ECOIL_0_1-21,47,ECOIL,0,I,ECOIL_0_32-52,15.887,intra_mol
2549,1,ECOIL,0,E,ECOIL_0_1-21,48,ECOIL,0,A,ECOIL_0_32-52,15.887,intra_mol
2550,51,ECOIL,0,E,ECOIL_0_32-52,44,KCOIL,0,K,KCOIL_0_32-52,15.888,inter_mol
2551,35,ECOIL,0,A,ECOIL_0_32-52,45,KCOIL,0,E,KCOIL_0_32-52,15.892,inter_mol
2552,20,ECOIL,0,E,ECOIL_0_1-21,28,ECOIL,0,S,linker,15.892,intra_mol
2553,6,KCOIL,0,K,KCOIL_0_1-21,46,KCOIL,0,K,KCOIL_0_32-52,15.896,intra_mol
2554,42,ECOIL,0,A,ECOIL_0_32-52,52,KCOIL,0,E,KCOIL_0_32-52,15.908,inter_mol
2555,10,ECOIL,0,A,ECOIL_0_1-21,41,ECOIL,0,A,ECOIL_0_32-52,15.914,intra_mol
2556,43,ECOIL,0,L,ECOIL_0_32-52,34,KCOIL,0,A,KCOIL_0_32-52,15.915,inter_mol
2557,20,ECOIL,0,E,ECOIL_0_1-21,31,ECOIL,0,G,linker,15.924,intra_mol
2558,1,ECOIL,0,E,ECOIL_0_1-21,40,KCOIL,0,I,KCOIL_0_32-52,15.926,inter_mol
2559,4,KCOIL,0,A,KCOIL_0_1-21,15,KCOIL,0,K,KCOIL_0_1-21,15.926,intra_mol
2560,30,ECOIL,0,G,linker,25,KCOIL,0,G,linker,15.927,inter_mol
2561,20,KCOIL,0,K,KCOIL_0_1-21,32,KCOIL,0,K,KCOIL_0_32-52,15.927,intra_mol
2562,15,KCOIL,0,K,KCOIL_0_1-21,43,KCOIL,0,L,KCOIL_0_32-52,15.931,intra_mol
2563,26,KCOIL,0,G,linker,35,KCOIL,0,A,KCOIL_0_32-52,15.934,intra_mol
2564,8,ECOIL,0,E,ECOIL_0_1-21,33,KCOIL,0,I,KCOIL_0_32-52,15.938,inter_mol
2565,2,ECOIL,0,I,ECOIL_0_1-21,41,KCOIL,0,A,KCOIL_0_32-52,15.940,inter_mol
2566,12,KCOIL,0,L,KCOIL_0_1-21,23,KCOIL,0,G,linker,15.943,intra_mol
2567,9,KCOIL,0,I,KCOIL_0_1-21,20,KCOIL,0,K,KCOIL_0_1-21,15.945,intra_mol
2568,40,ECOIL,0,I,ECOIL_0_32-52,51,ECOIL,0,E,ECOIL_0_32-52,15.947,intra_mol
2569,44,ECOIL,0,E,ECOIL_0_32-52,49,KCOIL,0,A,KCOIL_0_32-52,15.954,inter_mol
2570,24,ECOIL,0,S,linker,12,KCOIL,0,L,KCOIL_0_1-21,15.956,inter_mol
2571,9,ECOIL,0,I,ECOIL_0_1-21,17,KCOIL,0,A,KCOIL_0_1-21,15.962,inter_mol
2572,13,ECOIL,0,E,ECOIL_0_1-21,20,KCOIL,0,K,KCOIL_0_1-21,15.964,inter_mol
2573,8,KCOIL,0,K,KCOIL_0_1-21,50,KCOIL,0,L,KCOIL_0_32-52,15.966,intra_mol
2574,16,ECOIL,0,I,ECOIL_0_1-21,5,KCOIL,0,L,KCOIL_0_1-21,15.966,inter_mol
2575,10,KCOIL,0,A,KCOIL_0_1-21,21,KCOIL,0,E,KCOIL_0_1-21,15.967,intra_mol
2576,22,KCOIL,0,G,linker,36,KCOIL,0,L,KCOIL_0_32-52,15.968,intra_mol
2577,48,ECOIL,0,A,ECOIL_0_32-52,40,KCOIL,0,I,KCOIL_0_32-52,15.974,inter_mol
2578,9,ECOIL,0,I,ECOIL_0_1-21,38,ECOIL,0,K,ECOIL_0_32-52,15.976,intra_mol
2579,34,ECOIL,0,A,ECOIL_0_32-52,26,KCOIL,0,G,linker,15.976,inter_mol
2580,36,ECOIL,0,L,ECOIL_0_32-52,25,KCOIL,0,G,linker,15.982,inter_mol
2581,2,ECOIL,0,I,ECOIL_0_1-21,10,KCOIL,0,A,KCOIL_0_1-21,15.983,inter_mol
2582,29,KCOIL,0,G,linker,37,KCOIL,0,K,KCOIL_0_32-52,15.985,intra_mol
2583,4,KCOIL,0,A,KCOIL_0_1-21,48,KCOIL,0,A,KCOIL_0_32-52,15.986,intra_mol
2584,39,ECOIL,0,E,ECOIL_0_32-52,49,ECOIL,0,A,ECOIL_0_32-52,15.988,intra_mol
2585,46,ECOIL,0,E,ECOIL_0_32-52,11,KCOIL,0,A,KCOIL_0_1-21,15.995,inter_mol
2586,34,ECOIL,0,A,ECOIL_0_32-52,39,KCOIL,0,K,KCOIL_0_32-52,15.998,inter_mol
2587,27,ECOIL,0,G,linker,12,KCOIL,0,L,KCOIL_0_1-21,16.003,inter_mol
2588,13,ECOIL,0,E,ECOIL_0_1-21,42,ECOIL,0,A,ECOIL_0_32-52,16.005,intra_mol
2589,4,ECOIL,0,A,ECOIL_0_1-21,38,KCOIL,0,E,KCOIL_0_32-52,16.008,inter_mol
2590,4,KCOIL,0,A,KCOIL_0_1-21,51,KCOIL,0,K,KCOIL_0_32-52,16.008,intra_mol
2591,37,ECOIL,0,E,ECOIL_0_32-52,6,KCOIL,0,K,KCOIL_0_1-21,16.008,inter_mol
2592,25,ECOIL,0,G,linker,38,ECOIL,0,K,ECOIL_0_32-52,16.008,intra_mol
2593,31,ECOIL,0,G,linker,42,ECOIL,0,A,ECOIL_0_32-52,16.010,intra_mol
2594,40,ECOIL,0,I,ECOIL_0_32-52,21,KCOIL,0,E,KCOIL_0_1-21,16.012,inter_mol
2595,29,ECOIL,0,G,linker,25,KCOIL,0,G,linker,16.012,inter_mol
2596,1,KCOIL,0,K,KCOIL_0_1-21,51,KCOIL,0,K,KCOIL_0_32-52,16.019,intra_mol
2597,3,KCOIL,0,A,KCOIL_0_1-21,46,KCOIL,0,K,KCOIL_0_32-52,16.019,intra_mol
2598,48,ECOIL,0,A,ECOIL_0_32-52,45,KCOIL,0,E,KCOIL_0_32-52,16.020,inter_mol
2599,1,ECOIL,0,E,ECOIL_0_1-21,9,KCOIL,0,I,KCOIL_0_1-21,16.021,inter_mol
2600,11,KCOIL,0,A,KCOIL_0_1-21,44,KCOIL,0,K,KCOIL_0_32-52,16.022,intra_mol
2601,35,ECOIL,0,A,ECOIL_0_32-52,46,ECOIL,0,E,ECOIL_0_32-52,16.025,intra_mol
2602,4,ECOIL,0,A,ECOIL_0_1-21,40,ECOIL,0,I,ECOIL_0_32-52,16.029,intra_mol
2603,35,KCOIL,0,A,KCOIL_0_32-52,46,KCOIL,0,K,KCOIL_0_32-52,16.030,intra_mol
2604,11,KCOIL,0,A,KCOIL_0_1-21,33,KCOIL,0,I,KCOIL_0_32-52,16.032,intra_mol
2605,17,ECOIL,0,A,ECOIL_0_1-21,34,ECOIL,0,A,ECOIL_0_32-52,16.037,intra_mol
2606,46,ECOIL,0,E,ECOIL_0_32-52,39,KCOIL,0,K,KCOIL_0_32-52,16.038,inter_mol
2607,17,ECOIL,0,A,ECOIL_0_1-21,27,ECOIL,0,G,linker,16.040,intra_mol
2608,18,ECOIL,0,A,ECOIL_0_1-21,13,KCOIL,0,K,KCOIL_0_1-21,16.047,inter_mol
2609,14,ECOIL,0,K,ECOIL_0_1-21,13,KCOIL,0,K,KCOIL_0_1-21,16.051,inter_mol
2610,9,KCOIL,0,I,KCOIL_0_1-21,35,KCOIL,0,A,KCOIL_0_32-52,16.059,intra_mol
2611,11,KCOIL,0,A,KCOIL_0_1-21,47,KCOIL,0,I,KCOIL_0_32-52,16.062,intra_mol
2612,18,ECOIL,0,A,ECOIL_0_1-21,8,KCOIL,0,K,KCOIL_0_1-21,16.064,inter_mol
2613,2,ECOIL,0,I,ECOIL_0_1-21,42,ECOIL,0,A,ECOIL_0_32-52,16.067,intra_mol
2614,16,ECOIL,0,I,ECOIL_0_1-21,29,KCOIL,0,G,linker,16.071,inter_mol
2615,20,ECOIL,0,E,ECOIL_0_1-21,39,KCOIL,0,K,KCOIL_0_32-52,16.073,inter_mol
2616,26,KCOIL,0,G,linker,36,KCOIL,0,L,KCOIL_0_32-52,16.079,intra_mol
2617,28,ECOIL,0,S,linker,41,ECOIL,0,A,ECOIL_0_32-52,16.085,intra_mol
2618,17,ECOIL,0,A,ECOIL_0_1-21,35,ECOIL,0,A,ECOIL_0_32-52,16.090,intra_mol
2619,12,ECOIL,0,L,ECOIL_0_1-21,24,ECOIL,0,S,linker,16.094,intra_mol
2620,9,KCOIL,0,I,KCOIL_0_1-21,49,KCOIL,0,A,KCOIL_0_32-52,16.096,intra_mol
2621,12,ECOIL,0,L,ECOIL_0_1-21,20,KCOIL,0,K,KCOIL_0_1-21,16.099,inter_mol
2622,10,ECOIL,0,A,ECOIL_0_1-21,21,ECOIL,0,K,ECOIL_0_1-21,16.101,intra_mol
2623,7,ECOIL,0,K,ECOIL_0_1-21,40,ECOIL,0,I,ECOIL_0_32-52,16.101,intra_mol
2624,17,ECOIL,0,A,ECOIL_0_1-21,38,KCOIL,0,E,KCOIL_0_32-52,16.101,inter_mol
2625,3,ECOIL,0,A,ECOIL_0_1-21,12,KCOIL,0,L,KCOIL_0_1-21,16.102,inter_mol
2626,18,KCOIL,0,A,KCOIL_0_1-21,37,KCOIL,0,K,KCOIL_0_32-52,16.102,intra_mol
2627,10,ECOIL,0,A,ECOIL_0_1-21,42,ECOIL,0,A,ECOIL_0_32-52,16.103,intra_mol
2628,41,ECOIL,0,A,ECOIL_0_32-52,33,KCOIL,0,I,KCOIL_0_32-52,16.107,inter_mol
2629,19,KCOIL,0,L,KCOIL_0_1-21,39,KCOIL,0,K,KCOIL_0_32-52,16.111,intra_mol
2630,34,KCOIL,0,A,KCOIL_0_32-52,45,KCOIL,0,E,KCOIL_0_32-52,16.111,intra_mol
2631,43,ECOIL,0,L,ECOIL_0_32-52,33,KCOIL,0,I,KCOIL_0_32-52,16.112,inter_mol
2632,3,ECOIL,0,A,ECOIL_0_1-21,41,KCOIL,0,A,KCOIL_0_32-52,16.114,inter_mol
2633,4,ECOIL,0,A,ECOIL_0_1-21,15,ECOIL,0,E,ECOIL_0_1-21,16.115,intra_mol
2634,7,ECOIL,0,K,ECOIL_0_1-21,6,KCOIL,0,K,KCOIL_0_1-21,16.123,inter_mol
2635,22,ECOIL,0,G,linker,31,ECOIL,0,G,linker,16.132,intra_mol
2636,20,ECOIL,0,E,ECOIL_0_1-21,29,KCOIL,0,G,linker,16.134,inter_mol
2637,18,KCOIL,0,A,KCOIL_0_1-21,40,KCOIL,0,I,KCOIL_0_32-52,16.135,intra_mol
2638,36,ECOIL,0,L,ECOIL_0_32-52,27,KCOIL,0,G,linker,16.140,inter_mol
2639,8,ECOIL,0,E,ECOIL_0_1-21,16,KCOIL,0,I,KCOIL_0_1-21,16.142,inter_mol
2640,1,KCOIL,0,K,KCOIL_0_1-21,11,KCOIL,0,A,KCOIL_0_1-21,16.144,intra_mol
2641,42,ECOIL,0,A,ECOIL_0_32-52,15,KCOIL,0,K,KCOIL_0_1-21,16.144,inter_mol
2642,14,ECOIL,0,K,ECOIL_0_1-21,17,KCOIL,0,A,KCOIL_0_1-21,16.144,inter_mol
2643,39,ECOIL,0,E,ECOIL_0_32-52,18,KCOIL,0,A,KCOIL_0_1-21,16.146,inter_mol
2644,8,KCOIL,0,K,KCOIL_0_1-21,18,KCOIL,0,A,KCOIL_0_1-21,16.146,intra_mol
2645,4,ECOIL,0,A,ECOIL_0_1-21,51,ECOIL,0,E,ECOIL_0_32-52,16.148,intra_mol
2646,2,ECOIL,0,I,ECOIL_0_1-21,39,KCOIL,0,K,KCOIL_0_32-52,16.148,inter_mol
2647,18,ECOIL,0,A,ECOIL_0_1-21,35,ECOIL,0,A,ECOIL_0_32-52,16.151,intra_mol
2648,7,ECOIL,0,K,ECOIL_0_1-21,10,KCOIL,0,A,KCOIL_0_1-21,16.156,inter_mol
2649,37,ECOIL,0,E,ECOIL_0_32-52,8,KCOIL,0,K,KCOIL_0_1-21,16.162,inter_mol
2650,40,KCOIL,0,I,KCOIL_0_32-52,51,KCOIL,0,K,KCOIL_0_32-52,16.164,intra_mol
2651,8,ECOIL,0,E,ECOIL_0_1-21,18,ECOIL,0,A,ECOIL_0_1-21,16.166,intra_mol
2652,40,ECOIL,0,I,ECOIL_0_32-52,51,KCOIL,0,K,KCOIL_0_32-52,16.167,inter_mol
2653,3,ECOIL,0,A,ECOIL_0_1-21,48,ECOIL,0,A,ECOIL_0_32-52,16.167,intra_mol
2654,19,ECOIL,0,L,ECOIL_0_1-21,10,KCOIL,0,A,KCOIL_0_1-21,16.168,inter_mol
2655,7,KCOIL,0,E,KCOIL_0_1-21,40,KCOIL,0,I,KCOIL_0_32-52,16.169,intra_mol
2656,11,KCOIL,0,A,KCOIL_0_1-21,22,KCOIL,0,G,linker,16.169,intra_mol
2657,26,ECOIL,0,G,linker,29,KCOIL,0,G,linker,16.173,inter_mol
2658,49,ECOIL,0,A,ECOIL_0_32-52,8,KCOIL,0,K,KCOIL_0_1-21,16.174,inter_mol
2659,41,KCOIL,0,A,KCOIL_0_32-52,52,KCOIL,0,E,KCOIL_0_32-52,16.182,intra_mol
2660,9,ECOIL,0,I,ECOIL_0_1-21,51,KCOIL,0,K,KCOIL_0_32-52,16.184,inter_mol
2661,6,ECOIL,0,E,ECOIL_0_1-21,16,ECOIL,0,I,ECOIL_0_1-21,16.185,intra_mol
2662,39,ECOIL,0,E,ECOIL_0_32-52,49,KCOIL,0,A,KCOIL_0_32-52,16.186,inter_mol
2663,37,ECOIL,0,E,ECOIL_0_32-52,32,KCOIL,0,K,KCOIL_0_32-52,16.186,inter_mol
2664,47,ECOIL,0,I,ECOIL_0_32-52,39,KCOIL,0,K,KCOIL_0_32-52,16.191,inter_mol
2665,37,ECOIL,0,E,ECOIL_0_32-52,47,ECOIL,0,I,ECOIL_0_32-52,16.193,intra_mol
2666,36,ECOIL,0,L,ECOIL_0_32-52,26,KCOIL,0,G,linker,16.198,inter_mol
2667,4,KCOIL,0,A,KCOIL_0_1-21,44,KCOIL,0,K,KCOIL_0_32-52,16.202,intra_mol
2668,19,ECOIL,0,L,ECOIL_0_1-21,9,KCOIL,0,I,KCOIL_0_1-21,16.203,inter_mol
2669,21,KCOIL,0,E,KCOIL_0_1-21,26,KCOIL,0,G,linker,16.213,intra_mol
2670,30,ECOIL,0,G,linker,42,ECOIL,0,A,ECOIL_0_32-52,16.218,intra_mol
2671,19,KCOIL,0,L,KCOIL_0_1-21,29,KCOIL,0,G,linker,16.219,intra_mol
2672,6,ECOIL,0,E,ECOIL_0_1-21,49,ECOIL,0,A,ECOIL_0_32-52,16.222,intra_mol
2673,11,ECOIL,0,A,ECOIL_0_1-21,6,KCOIL,0,K,KCOIL_0_1-21,16.231,inter_mol
2674,18,ECOIL,0,A,ECOIL_0_1-21,34,ECOIL,0,A,ECOIL_0_32-52,16.233,intra_mol
2675,11,ECOIL,0,A,ECOIL_0_1-21,44,ECOIL,0,E,ECOIL_0_32-52,16.236,intra_mol
2676,16,ECOIL,0,I,ECOIL_0_1-21,28,ECOIL,0,S,linker,16.242,intra_mol
2677,15,ECOIL,0,E,ECOIL_0_1-21,22,KCOIL,0,G,linker,16.243,inter_mol
2678,15,ECOIL,0,E,ECOIL_0_1-21,20,KCOIL,0,K,KCOIL_0_1-21,16.252,inter_mol
2679,14,ECOIL,0,K,ECOIL_0_1-21,7,KCOIL,0,E,KCOIL_0_1-21,16.256,inter_mol
2680,37,KCOIL,0,K,KCOIL_0_32-52,47,KCOIL,0,I,KCOIL_0_32-52,16.256,intra_mol
2681,51,ECOIL,0,E,ECOIL_0_32-52,46,KCOIL,0,K,KCOIL_0_32-52,16.259,inter_mol
2682,9,KCOIL,0,I,KCOIL_0_1-21,38,KCOIL,0,E,KCOIL_0_32-52,16.263,intra_mol
2683,10,KCOIL,0,A,KCOIL_0_1-21,41,KCOIL,0,A,KCOIL_0_32-52,16.269,intra_mol
2684,41,ECOIL,0,A,ECOIL_0_32-52,38,KCOIL,0,E,KCOIL_0_32-52,16.269,inter_mol
2685,30,ECOIL,0,G,linker,13,KCOIL,0,K,KCOIL_0_1-21,16.279,inter_mol
2686,2,ECOIL,0,I,ECOIL_0_1-21,45,ECOIL,0,K,ECOIL_0_32-52,16.280,intra_mol
2687,16,ECOIL,0,I,ECOIL_0_1-21,44,KCOIL,0,K,KCOIL_0_32-52,16.283,inter_mol
2688,5,ECOIL,0,L,ECOIL_0_1-21,13,KCOIL,0,K,KCOIL_0_1-21,16.286,inter_mol
2689,4,ECOIL,0,A,ECOIL_0_1-21,36,KCOIL,0,L,KCOIL_0_32-52,16.288,inter_mol
2690,2,KCOIL,0,I,KCOIL_0_1-21,45,KCOIL,0,E,KCOIL_0_32-52,16.291,intra_mol
2691,11,KCOIL,0,A,KCOIL_0_1-21,37,KCOIL,0,K,KCOIL_0_32-52,16.293,intra_mol
2692,5,KCOIL,0,L,KCOIL_0_1-21,36,KCOIL,0,L,KCOIL_0_32-52,16.293,intra_mol
2693,23,KCOIL,0,G,linker,37,KCOIL,0,K,KCOIL_0_32-52,16.293,intra_mol
2694,1,KCOIL,0,K,KCOIL_0_1-21,48,KCOIL,0,A,KCOIL_0_32-52,16.295,intra_mol
2695,29,KCOIL,0,G,linker,38,KCOIL,0,E,KCOIL_0_32-52,16.300,intra_mol
2696,7,ECOIL,0,K,ECOIL_0_1-21,17,ECOIL,0,A,ECOIL_0_1-21,16.302,intra_mol
2697,12,ECOIL,0,L,ECOIL_0_1-21,23,ECOIL,0,G,linker,16.302,intra_mol
2698,13,ECOIL,0,E,ECOIL_0_1-21,31,KCOIL,0,G,linker,16.303,inter_mol
2699,8,ECOIL,0,E,ECOIL_0_1-21,13,KCOIL,0,K,KCOIL_0_1-21,16.304,inter_mol
2700,2,ECOIL,0,I,ECOIL_0_1-21,12,KCOIL,0,L,KCOIL_0_1-21,16.306,inter_mol
2701,38,ECOIL,0,K,ECOIL_0_32-52,48,ECOIL,0,A,ECOIL_0_32-52,16.308,intra_mol
2702,6,ECOIL,0,E,ECOIL_0_1-21,36,KCOIL,0,L,KCOIL_0_32-52,16.312,inter_mol
2703,18,ECOIL,0,A,ECOIL_0_1-21,37,ECOIL,0,E,ECOIL_0_32-52,16.312,intra_mol
2704,29,ECOIL,0,G,linker,34,KCOIL,0,A,KCOIL_0_32-52,16.313,inter_mol
2705,33,ECOIL,0,I,ECOIL_0_32-52,29,KCOIL,0,G,linker,16.318,inter_mol
2706,36,KCOIL,0,L,KCOIL_0_32-52,47,KCOIL,0,I,KCOIL_0_32-52,16.318,intra_mol
2707,45,ECOIL,0,K,ECOIL_0_32-52,16,KCOIL,0,I,KCOIL_0_1-21,16.319,inter_mol
2708,31,KCOIL,0,G,linker,41,KCOIL,0,A,KCOIL_0_32-52,16.321,intra_mol
2709,25,KCOIL,0,G,linker,36,KCOIL,0,L,KCOIL_0_32-52,16.328,intra_mol
2710,13,ECOIL,0,E,ECOIL_0_1-21,44,KCOIL,0,K,KCOIL_0_32-52,16.329,inter_mol
2711,32,ECOIL,0,E,ECOIL_0_32-52,42,ECOIL,0,A,ECOIL_0_32-52,16.330,intra_mol
2712,27,ECOIL,0,G,linker,35,KCOIL,0,A,KCOIL_0_32-52,16.332,inter_mol
2713,31,ECOIL,0,G,linker,12,KCOIL,0,L,KCOIL_0_1-21,16.333,inter_mol
2714,34,ECOIL,0,A,ECOIL_0_32-52,45,ECOIL,0,K,ECOIL_0_32-52,16.337,intra_mol
2715,32,KCOIL,0,K,KCOIL_0_32-52,43,KCOIL,0,L,KCOIL_0_32-52,16.340,intra_mol
2716,17,ECOIL,0,A,ECOIL_0_1-21,26,ECOIL,0,G,linker,16.344,intra_mol
2717,13,ECOIL,0,E,ECOIL_0_1-21,35,ECOIL,0,A,ECOIL_0_32-52,16.347,intra_mol
2718,22,ECOIL,0,G,linker,37,KCOIL,0,K,KCOIL_0_32-52,16.350,inter_mol
2719,3,KCOIL,0,A,KCOIL_0_1-21,49,KCOIL,0,A,KCOIL_0_32-52,16.350,intra_mol
2720,21,ECOIL,0,K,ECOIL_0_1-21,28,KCOIL,0,S,linker,16.357,inter_mol
2721,1,ECOIL,0,E,ECOIL_0_1-21,12,ECOIL,0,L,ECOIL_0_1-21,16.362,intra_mol
2722,33,KCOIL,0,I,KCOIL_0_32-52,44,KCOIL,0,K,KCOIL_0_32-52,16.369,intra_mol
2723,2,KCOIL,0,I,KCOIL_0_1-21,13,KCOIL,0,K,KCOIL_0_1-21,16.370,intra_mol
2724,37,ECOIL,0,E,ECOIL_0_32-52,42,KCOIL,0,A,KCOIL_0_32-52,16.376,inter_mol
2725,4,ECOIL,0,A,ECOIL_0_1-21,48,ECOIL,0,A,ECOIL_0_32-52,16.381,intra_mol
2726,7,ECOIL,0,K,ECOIL_0_1-21,48,KCOIL,0,A,KCOIL_0_32-52,16.387,inter_mol
2727,4,KCOIL,0,A,KCOIL_0_1-21,49,KCOIL,0,A,KCOIL_0_32-52,16.388,intra_mol
2728,16,KCOIL,0,I,KCOIL_0_1-21,26,KCOIL,0,G,linker,16.392,intra_mol
2729,11,ECOIL,0,A,ECOIL_0_1-21,41,ECOIL,0,A,ECOIL_0_32-52,16.396,intra_mol
2730,10,ECOIL,0,A,ECOIL_0_1-21,45,KCOIL,0,E,KCOIL_0_32-52,16.397,inter_mol
2731,15,KCOIL,0,K,KCOIL_0_1-21,31,KCOIL,0,G,linker,16.403,intra_mol
2732,23,ECOIL,0,G,linker,30,ECOIL,0,G,linker,16.405,intra_mol
2733,11,ECOIL,0,A,ECOIL_0_1-21,42,ECOIL,0,A,ECOIL_0_32-52,16.405,intra_mol
2734,6,KCOIL,0,K,KCOIL_0_1-21,49,KCOIL,0,A,KCOIL_0_32-52,16.406,intra_mol
2735,2,KCOIL,0,I,KCOIL_0_1-21,42,KCOIL,0,A,KCOIL_0_32-52,16.414,intra_mol
2736,15,ECOIL,0,E,ECOIL_0_1-21,44,KCOIL,0,K,KCOIL_0_32-52,16.415,inter_mol
2737,14,KCOIL,0,E,KCOIL_0_1-21,33,KCOIL,0,I,KCOIL_0_32-52,16.419,intra_mol
2738,44,ECOIL,0,E,ECOIL_0_32-52,37,KCOIL,0,K,KCOIL_0_32-52,16.421,inter_mol
2739,12,ECOIL,0,L,ECOIL_0_1-21,3,KCOIL,0,A,KCOIL_0_1-21,16.423,inter_mol
2740,21,ECOIL,0,K,ECOIL_0_1-21,26,ECOIL,0,G,linker,16.424,intra_mol
2741,22,KCOIL,0,G,linker,31,KCOIL,0,G,linker,16.426,intra_mol
2742,11,ECOIL,0,A,ECOIL_0_1-21,22,ECOIL,0,G,linker,16.431,intra_mol
2743,28,ECOIL,0,S,linker,15,KCOIL,0,K,KCOIL_0_1-21,16.432,inter_mol
2744,27,ECOIL,0,G,linker,40,KCOIL,0,I,KCOIL_0_32-52,16.434,inter_mol
2745,51,ECOIL,0,E,ECOIL_0_32-52,11,KCOIL,0,A,KCOIL_0_1-21,16.443,inter_mol
2746,44,ECOIL,0,E,ECOIL_0_32-52,39,KCOIL,0,K,KCOIL_0_32-52,16.446,inter_mol
2747,14,ECOIL,0,K,ECOIL_0_1-21,24,ECOIL,0,S,linker,16.448,intra_mol
2748,1,ECOIL,0,E,ECOIL_0_1-21,6,KCOIL,0,K,KCOIL_0_1-21,16.449,inter_mol
2749,14,ECOIL,0,K,ECOIL_0_1-21,41,KCOIL,0,A,KCOIL_0_32-52,16.449,inter_mol
2750,36,ECOIL,0,L,ECOIL_0_32-52,47,KCOIL,0,I,KCOIL_0_32-52,16.450,inter_mol
2751,41,ECOIL,0,A,ECOIL_0_32-52,50,KCOIL,0,L,KCOIL_0_32-52,16.451,inter_mol
2752,29,ECOIL,0,G,linker,26,KCOIL,0,G,linker,16.459,inter_mol
2753,37,ECOIL,0,E,ECOIL_0_32-52,24,KCOIL,0,S,linker,16.463,inter_mol
2754,22,ECOIL,0,G,linker,34,ECOIL,0,A,ECOIL_0_32-52,16.467,intra_mol
2755,10,ECOIL,0,A,ECOIL_0_1-21,19,KCOIL,0,L,KCOIL_0_1-21,16.468,inter_mol
2756,45,ECOIL,0,K,ECOIL_0_32-52,14,KCOIL,0,E,KCOIL_0_1-21,16.469,inter_mol
2757,3,ECOIL,0,A,ECOIL_0_1-21,49,ECOIL,0,A,ECOIL_0_32-52,16.471,intra_mol
2758,11,ECOIL,0,A,ECOIL_0_1-21,33,ECOIL,0,I,ECOIL_0_32-52,16.480,intra_mol
2759,31,ECOIL,0,G,linker,15,KCOIL,0,K,KCOIL_0_1-21,16.483,inter_mol
2760,11,ECOIL,0,A,ECOIL_0_1-21,30,KCOIL,0,G,linker,16.485,inter_mol
2761,11,KCOIL,0,A,KCOIL_0_1-21,41,KCOIL,0,A,KCOIL_0_32-52,16.487,intra_mol
2762,6,ECOIL,0,E,ECOIL_0_1-21,42,ECOIL,0,A,ECOIL_0_32-52,16.493,intra_mol
2763,21,ECOIL,0,K,ECOIL_0_1-21,36,ECOIL,0,L,ECOIL_0_32-52,16.496,intra_mol
2764,35,ECOIL,0,A,ECOIL_0_32-52,30,KCOIL,0,G,linker,16.501,inter_mol
2765,4,ECOIL,0,A,ECOIL_0_1-21,49,ECOIL,0,A,ECOIL_0_32-52,16.501,intra_mol
2766,5,ECOIL,0,L,ECOIL_0_1-21,37,KCOIL,0,K,KCOIL_0_32-52,16.505,inter_mol
2767,50,ECOIL,0,L,ECOIL_0_32-52,41,KCOIL,0,A,KCOIL_0_32-52,16.509,inter_mol
2768,51,ECOIL,0,E,ECOIL_0_32-52,13,KCOIL,0,K,KCOIL_0_1-21,16.510,inter_mol
2769,24,KCOIL,0,S,linker,34,KCOIL,0,A,KCOIL_0_32-52,16.512,intra_mol
2770,32,ECOIL,0,E,ECOIL_0_32-52,44,KCOIL,0,K,KCOIL_0_32-52,16.513,inter_mol
2771,14,ECOIL,0,K,ECOIL_0_1-21,33,ECOIL,0,I,ECOIL_0_32-52,16.514,intra_mol
2772,9,KCOIL,0,I,KCOIL_0_1-21,33,KCOIL,0,I,KCOIL_0_32-52,16.519,intra_mol
2773,3,ECOIL,0,A,ECOIL_0_1-21,14,ECOIL,0,K,ECOIL_0_1-21,16.520,intra_mol
2774,38,ECOIL,0,K,ECOIL_0_32-52,48,KCOIL,0,A,KCOIL_0_32-52,16.524,inter_mol
2775,30,ECOIL,0,G,linker,35,KCOIL,0,A,KCOIL_0_32-52,16.526,inter_mol
2776,12,ECOIL,0,L,ECOIL_0_1-21,48,KCOIL,0,A,KCOIL_0_32-52,16.526,inter_mol
2777,13,ECOIL,0,E,ECOIL_0_1-21,23,ECOIL,0,G,linker,16.535,intra_mol
2778,35,ECOIL,0,A,ECOIL_0_32-52,24,KCOIL,0,S,linker,16.537,inter_mol
2779,19,ECOIL,0,L,ECOIL_0_1-21,29,ECOIL,0,G,linker,16.538,intra_mol
2780,15,ECOIL,0,E,ECOIL_0_1-21,25,KCOIL,0,G,linker,16.538,inter_mol
2781,4,ECOIL,0,A,ECOIL_0_1-21,44,ECOIL,0,E,ECOIL_0_32-52,16.544,intra_mol
2782,2,ECOIL,0,I,ECOIL_0_1-21,13,ECOIL,0,E,ECOIL_0_1-21,16.545,intra_mol
2783,14,ECOIL,0,K,ECOIL_0_1-21,4,KCOIL,0,A,KCOIL_0_1-21,16.550,inter_mol
2784,3,ECOIL,0,A,ECOIL_0_1-21,52,KCOIL,0,E,KCOIL_0_32-52,16.553,inter_mol
2785,42,ECOIL,0,A,ECOIL_0_32-52,20,KCOIL,0,K,KCOIL_0_1-21,16.560,inter_mol
2786,6,ECOIL,0,E,ECOIL_0_1-21,51,KCOIL,0,K,KCOIL_0_32-52,16.561,inter_mol
2787,5,ECOIL,0,L,ECOIL_0_1-21,35,KCOIL,0,A,KCOIL_0_32-52,16.564,inter_mol
2788,15,ECOIL,0,E,ECOIL_0_1-21,26,KCOIL,0,G,linker,16.566,inter_mol
2789,20,KCOIL,0,K,KCOIL_0_1-21,27,KCOIL,0,G,linker,16.576,intra_mol
2790,5,KCOIL,0,L,KCOIL_0_1-21,52,KCOIL,0,E,KCOIL_0_32-52,16.576,intra_mol
2791,4,ECOIL,0,A,ECOIL_0_1-21,42,ECOIL,0,A,ECOIL_0_32-52,16.586,intra_mol
2792,33,ECOIL,0,I,ECOIL_0_32-52,28,KCOIL,0,S,linker,16.586,inter_mol
2793,30,ECOIL,0,G,linker,38,KCOIL,0,E,KCOIL_0_32-52,16.590,inter_mol
2794,7,KCOIL,0,E,KCOIL_0_1-21,17,KCOIL,0,A,KCOIL_0_1-21,16.591,intra_mol
2795,2,KCOIL,0,I,KCOIL_0_1-21,40,KCOIL,0,I,KCOIL_0_32-52,16.592,intra_mol
2796,17,KCOIL,0,A,KCOIL_0_1-21,34,KCOIL,0,A,KCOIL_0_32-52,16.595,intra_mol
2797,12,ECOIL,0,L,ECOIL_0_1-21,2,KCOIL,0,I,KCOIL_0_1-21,16.595,inter_mol
2798,9,ECOIL,0,I,ECOIL_0_1-21,19,KCOIL,0,L,KCOIL_0_1-21,16.606,inter_mol
2799,44,ECOIL,0,E,ECOIL_0_32-52,20,KCOIL,0,K,KCOIL_0_1-21,16.606,inter_mol
2800,46,ECOIL,0,E,ECOIL_0_32-52,37,KCOIL,0,K,KCOIL_0_32-52,16.607,inter_mol
2801,18,KCOIL,0,A,KCOIL_0_1-21,34,KCOIL,0,A,KCOIL_0_32-52,16.610,intra_mol
2802,22,ECOIL,0,G,linker,14,KCOIL,0,E,KCOIL_0_1-21,16.611,inter_mol
2803,16,KCOIL,0,I,KCOIL_0_1-21,42,KCOIL,0,A,KCOIL_0_32-52,16.613,intra_mol
2804,33,ECOIL,0,I,ECOIL_0_32-52,44,ECOIL,0,E,ECOIL_0_32-52,16.614,intra_mol
2805,50,ECOIL,0,L,ECOIL_0_32-52,40,KCOIL,0,I,KCOIL_0_32-52,16.616,inter_mol
2806,28,ECOIL,0,S,linker,14,KCOIL,0,E,KCOIL_0_1-21,16.619,inter_mol
2807,13,ECOIL,0,E,ECOIL_0_1-21,1,KCOIL,0,K,KCOIL_0_1-21,16.620,inter_mol
2808,5,KCOIL,0,L,KCOIL_0_1-21,16,KCOIL,0,I,KCOIL_0_1-21,16.633,intra_mol
2809,21,ECOIL,0,K,ECOIL_0_1-21,34,KCOIL,0,A,KCOIL_0_32-52,16.633,inter_mol
2810,49,ECOIL,0,A,ECOIL_0_32-52,13,KCOIL,0,K,KCOIL_0_1-21,16.640,inter_mol
2811,18,KCOIL,0,A,KCOIL_0_1-21,30,KCOIL,0,G,linker,16.640,intra_mol
2812,6,ECOIL,0,E,ECOIL_0_1-21,15,KCOIL,0,K,KCOIL_0_1-21,16.643,inter_mol
2813,8,ECOIL,0,E,ECOIL_0_1-21,51,KCOIL,0,K,KCOIL_0_32-52,16.645,inter_mol
2814,24,KCOIL,0,S,linker,36,KCOIL,0,L,KCOIL_0_32-52,16.647,intra_mol
2815,32,ECOIL,0,E,ECOIL_0_32-52,42,KCOIL,0,A,KCOIL_0_32-52,16.656,inter_mol
2816,29,ECOIL,0,G,linker,36,KCOIL,0,L,KCOIL_0_32-52,16.659,inter_mol
2817,5,ECOIL,0,L,ECOIL_0_1-21,16,ECOIL,0,I,ECOIL_0_1-21,16.666,intra_mol
2818,2,ECOIL,0,I,ECOIL_0_1-21,40,ECOIL,0,I,ECOIL_0_32-52,16.667,intra_mol
2819,11,ECOIL,0,A,ECOIL_0_1-21,18,KCOIL,0,A,KCOIL_0_1-21,16.669,inter_mol
2820,4,ECOIL,0,A,ECOIL_0_1-21,11,KCOIL,0,A,KCOIL_0_1-21,16.676,inter_mol
2821,11,ECOIL,0,A,ECOIL_0_1-21,35,ECOIL,0,A,ECOIL_0_32-52,16.677,intra_mol
2822,11,ECOIL,0,A,ECOIL_0_1-21,1,KCOIL,0,K,KCOIL_0_1-21,16.680,inter_mol
2823,13,ECOIL,0,E,ECOIL_0_1-21,47,KCOIL,0,I,KCOIL_0_32-52,16.681,inter_mol
2824,39,KCOIL,0,K,KCOIL_0_32-52,49,KCOIL,0,A,KCOIL_0_32-52,16.682,intra_mol
2825,34,ECOIL,0,A,ECOIL_0_32-52,43,KCOIL,0,L,KCOIL_0_32-52,16.690,inter_mol
2826,15,ECOIL,0,E,ECOIL_0_1-21,31,ECOIL,0,G,linker,16.697,intra_mol
2827,13,ECOIL,0,E,ECOIL_0_1-21,22,KCOIL,0,G,linker,16.700,inter_mol
2828,11,KCOIL,0,A,KCOIL_0_1-21,32,KCOIL,0,K,KCOIL_0_32-52,16.700,intra_mol
2829,7,KCOIL,0,E,KCOIL_0_1-21,50,KCOIL,0,L,KCOIL_0_32-52,16.705,intra_mol
2830,19,ECOIL,0,L,ECOIL_0_1-21,38,ECOIL,0,K,ECOIL_0_32-52,16.716,intra_mol
2831,32,ECOIL,0,E,ECOIL_0_32-52,43,ECOIL,0,L,ECOIL_0_32-52,16.718,intra_mol
2832,23,ECOIL,0,G,linker,37,ECOIL,0,E,ECOIL_0_32-52,16.724,intra_mol
2833,40,ECOIL,0,I,ECOIL_0_32-52,50,KCOIL,0,L,KCOIL_0_32-52,16.733,inter_mol
2834,11,KCOIL,0,A,KCOIL_0_1-21,35,KCOIL,0,A,KCOIL_0_32-52,16.749,intra_mol
2835,15,KCOIL,0,K,KCOIL_0_1-21,25,KCOIL,0,G,linker,16.758,intra_mol
2836,18,KCOIL,0,A,KCOIL_0_1-21,27,KCOIL,0,G,linker,16.767,intra_mol
2837,16,ECOIL,0,I,ECOIL_0_1-21,30,ECOIL,0,G,linker,16.771,intra_mol
2838,18,ECOIL,0,A,ECOIL_0_1-21,10,KCOIL,0,A,KCOIL_0_1-21,16.773,inter_mol
2839,10,ECOIL,0,A,ECOIL_0_1-21,17,KCOIL,0,A,KCOIL_0_1-21,16.775,inter_mol
2840,12,ECOIL,0,L,ECOIL_0_1-21,31,ECOIL,0,G,linker,16.778,intra_mol
2841,19,KCOIL,0,L,KCOIL_0_1-21,28,KCOIL,0,S,linker,16.786,intra_mol
2842,36,ECOIL,0,L,ECOIL_0_32-52,47,ECOIL,0,I,ECOIL_0_32-52,16.791,intra_mol
2843,6,ECOIL,0,E,ECOIL_0_1-21,13,KCOIL,0,K,KCOIL_0_1-21,16.796,inter_mol
2844,26,KCOIL,0,G,linker,37,KCOIL,0,K,KCOIL_0_32-52,16.799,intra_mol
2845,19,ECOIL,0,L,ECOIL_0_1-21,41,KCOIL,0,A,KCOIL_0_32-52,16.803,inter_mol
2846,13,ECOIL,0,E,ECOIL_0_1-21,2,KCOIL,0,I,KCOIL_0_1-21,16.804,inter_mol
2847,3,KCOIL,0,A,KCOIL_0_1-21,44,KCOIL,0,K,KCOIL_0_32-52,16.805,intra_mol
2848,23,ECOIL,0,G,linker,12,KCOIL,0,L,KCOIL_0_1-21,16.806,inter_mol
2849,25,ECOIL,0,G,linker,39,ECOIL,0,E,ECOIL_0_32-52,16.807,intra_mol
2850,33,ECOIL,0,I,ECOIL_0_32-52,44,KCOIL,0,K,KCOIL_0_32-52,16.810,inter_mol
2851,5,ECOIL,0,L,ECOIL_0_1-21,52,ECOIL,0,K,ECOIL_0_32-52,16.812,intra_mol
2852,4,ECOIL,0,A,ECOIL_0_1-21,10,KCOIL,0,A,KCOIL_0_1-21,16.818,inter_mol
2853,15,ECOIL,0,E,ECOIL_0_1-21,5,KCOIL,0,L,KCOIL_0_1-21,16.820,inter_mol
2854,18,ECOIL,0,A,ECOIL_0_1-21,31,ECOIL,0,G,linker,16.822,intra_mol
2855,12,KCOIL,0,L,KCOIL_0_1-21,45,KCOIL,0,E,KCOIL_0_32-52,16.825,intra_mol
2856,13,ECOIL,0,E,ECOIL_0_1-21,24,ECOIL,0,S,linker,16.830,intra_mol
2857,19,ECOIL,0,L,ECOIL_0_1-21,8,KCOIL,0,K,KCOIL_0_1-21,16.831,inter_mol
2858,8,ECOIL,0,E,ECOIL_0_1-21,19,ECOIL,0,L,ECOIL_0_1-21,16.832,intra_mol
2859,10,ECOIL,0,A,ECOIL_0_1-21,18,KCOIL,0,A,KCOIL_0_1-21,16.834,inter_mol
2860,11,ECOIL,0,A,ECOIL_0_1-21,17,KCOIL,0,A,KCOIL_0_1-21,16.835,inter_mol
2861,18,ECOIL,0,A,ECOIL_0_1-21,9,KCOIL,0,I,KCOIL_0_1-21,16.841,inter_mol
2862,38,KCOIL,0,E,KCOIL_0_32-52,48,KCOIL,0,A,KCOIL_0_32-52,16.846,intra_mol
2863,14,ECOIL,0,K,ECOIL_0_1-21,43,ECOIL,0,L,ECOIL_0_32-52,16.849,intra_mol
2864,24,ECOIL,0,S,linker,14,KCOIL,0,E,KCOIL_0_1-21,16.850,inter_mol
2865,44,ECOIL,0,E,ECOIL_0_32-52,18,KCOIL,0,A,KCOIL_0_1-21,16.851,inter_mol
2866,30,ECOIL,0,G,linker,27,KCOIL,0,G,linker,16.852,inter_mol
2867,24,ECOIL,0,S,linker,38,KCOIL,0,E,KCOIL_0_32-52,16.852,inter_mol
2868,18,KCOIL,0,A,KCOIL_0_1-21,31,KCOIL,0,G,linker,16.852,intra_mol
2869,28,ECOIL,0,S,linker,36,KCOIL,0,L,KCOIL_0_32-52,16.856,inter_mol
2870,34,ECOIL,0,A,ECOIL_0_32-52,27,KCOIL,0,G,linker,16.868,inter_mol
2871,12,KCOIL,0,L,KCOIL_0_1-21,31,KCOIL,0,G,linker,16.872,intra_mol
2872,17,ECOIL,0,A,ECOIL_0_1-21,39,ECOIL,0,E,ECOIL_0_32-52,16.873,intra_mol
2873,38,ECOIL,0,K,ECOIL_0_32-52,21,KCOIL,0,E,KCOIL_0_1-21,16.873,inter_mol
2874,18,KCOIL,0,A,KCOIL_0_1-21,35,KCOIL,0,A,KCOIL_0_32-52,16.876,intra_mol
2875,2,ECOIL,0,I,ECOIL_0_1-21,11,KCOIL,0,A,KCOIL_0_1-21,16.883,inter_mol
2876,39,ECOIL,0,E,ECOIL_0_32-52,50,ECOIL,0,L,ECOIL_0_32-52,16.887,intra_mol
2877,38,ECOIL,0,K,ECOIL_0_32-52,6,KCOIL,0,K,KCOIL_0_1-21,16.890,inter_mol
2878,48,ECOIL,0,A,ECOIL_0_32-52,41,KCOIL,0,A,KCOIL_0_32-52,16.898,inter_mol
2879,11,ECOIL,0,A,ECOIL_0_1-21,37,ECOIL,0,E,ECOIL_0_32-52,16.914,intra_mol
2880,42,ECOIL,0,A,ECOIL_0_32-52,35,KCOIL,0,A,KCOIL_0_32-52,16.915,inter_mol
2881,5,ECOIL,0,L,ECOIL_0_1-21,36,ECOIL,0,L,ECOIL_0_32-52,16.920,intra_mol
2882,13,ECOIL,0,E,ECOIL_0_1-21,46,KCOIL,0,K,KCOIL_0_32-52,16.923,inter_mol
2883,3,ECOIL,0,A,ECOIL_0_1-21,11,KCOIL,0,A,KCOIL_0_1-21,16.926,inter_mol
2884,9,ECOIL,0,I,ECOIL_0_1-21,33,ECOIL,0,I,ECOIL_0_32-52,16.926,intra_mol
2885,11,ECOIL,0,A,ECOIL_0_1-21,3,KCOIL,0,A,KCOIL_0_1-21,16.927,inter_mol
2886,34,ECOIL,0,A,ECOIL_0_32-52,30,KCOIL,0,G,linker,16.930,inter_mol
2887,25,KCOIL,0,G,linker,35,KCOIL,0,A,KCOIL_0_32-52,16.931,intra_mol
2888,10,ECOIL,0,A,ECOIL_0_1-21,46,ECOIL,0,E,ECOIL_0_32-52,16.933,intra_mol
2889,9,ECOIL,0,I,ECOIL_0_1-21,18,KCOIL,0,A,KCOIL_0_1-21,16.941,inter_mol
2890,3,ECOIL,0,A,ECOIL_0_1-21,10,KCOIL,0,A,KCOIL_0_1-21,16.941,inter_mol
2891,12,ECOIL,0,L,ECOIL_0_1-21,45,ECOIL,0,K,ECOIL_0_32-52,16.944,intra_mol
2892,49,ECOIL,0,A,ECOIL_0_32-52,42,KCOIL,0,A,KCOIL_0_32-52,16.947,inter_mol
2893,41,ECOIL,0,A,ECOIL_0_32-52,49,KCOIL,0,A,KCOIL_0_32-52,16.951,inter_mol
2894,15,KCOIL,0,K,KCOIL_0_1-21,30,KCOIL,0,G,linker,16.953,intra_mol
2895,4,KCOIL,0,A,KCOIL_0_1-21,42,KCOIL,0,A,KCOIL_0_32-52,16.953,intra_mol
2896,10,KCOIL,0,A,KCOIL_0_1-21,37,KCOIL,0,K,KCOIL_0_32-52,16.956,intra_mol
2897,49,ECOIL,0,A,ECOIL_0_32-52,40,KCOIL,0,I,KCOIL_0_32-52,16.957,inter_mol
2898,49,ECOIL,0,A,ECOIL_0_32-52,41,KCOIL,0,A,KCOIL_0_32-52,16.960,inter_mol
2899,42,ECOIL,0,A,ECOIL_0_32-52,33,KCOIL,0,I,KCOIL_0_32-52,16.963,inter_mol
2900,16,KCOIL,0,I,KCOIL_0_1-21,27,KCOIL,0,G,linker,16.966,intra_mol
2901,19,KCOIL,0,L,KCOIL_0_1-21,38,KCOIL,0,E,KCOIL_0_32-52,16.971,intra_mol
2902,10,KCOIL,0,A,KCOIL_0_1-21,42,KCOIL,0,A,KCOIL_0_32-52,16.972,intra_mol
2903,30,ECOIL,0,G,linker,41,KCOIL,0,A,KCOIL_0_32-52,16.976,inter_mol
2904,23,ECOIL,0,G,linker,29,ECOIL,0,G,linker,16.979,intra_mol
2905,24,ECOIL,0,S,linker,40,KCOIL,0,I,KCOIL_0_32-52,16.984,inter_mol
2906,17,ECOIL,0,A,ECOIL_0_1-21,43,KCOIL,0,L,KCOIL_0_32-52,16.989,inter_mol
2907,1,KCOIL,0,K,KCOIL_0_1-21,12,KCOIL,0,L,KCOIL_0_1-21,16.989,intra_mol
2908,39,ECOIL,0,E,ECOIL_0_32-52,50,KCOIL,0,L,KCOIL_0_32-52,16.990,inter_mol
2909,24,ECOIL,0,S,linker,40,ECOIL,0,I,ECOIL_0_32-52,17.003,intra_mol
2910,23,KCOIL,0,G,linker,35,KCOIL,0,A,KCOIL_0_32-52,17.006,intra_mol
2911,42,ECOIL,0,A,ECOIL_0_32-52,34,KCOIL,0,A,KCOIL_0_32-52,17.008,inter_mol
2912,11,KCOIL,0,A,KCOIL_0_1-21,42,KCOIL,0,A,KCOIL_0_32-52,17.011,intra_mol
2913,30,ECOIL,0,G,linker,31,KCOIL,0,G,linker,17.016,inter_mol
2914,17,KCOIL,0,A,KCOIL_0_1-21,35,KCOIL,0,A,KCOIL_0_32-52,17.021,intra_mol
2915,8,KCOIL,0,K,KCOIL_0_1-21,19,KCOIL,0,L,KCOIL_0_1-21,17.021,intra_mol
2916,22,ECOIL,0,G,linker,28,ECOIL,0,S,linker,17.024,intra_mol
2917,13,KCOIL,0,K,KCOIL_0_1-21,42,KCOIL,0,A,KCOIL_0_32-52,17.025,intra_mol
2918,52,ECOIL,0,K,ECOIL_0_32-52,10,KCOIL,0,A,KCOIL_0_1-21,17.033,inter_mol
2919,39,ECOIL,0,E,ECOIL_0_32-52,31,KCOIL,0,G,linker,17.033,inter_mol
2920,6,KCOIL,0,K,KCOIL_0_1-21,17,KCOIL,0,A,KCOIL_0_1-21,17.033,intra_mol
2921,14,KCOIL,0,E,KCOIL_0_1-21,43,KCOIL,0,L,KCOIL_0_32-52,17.037,intra_mol
2922,26,ECOIL,0,G,linker,35,KCOIL,0,A,KCOIL_0_32-52,17.037,inter_mol
2923,15,ECOIL,0,E,ECOIL_0_1-21,24,KCOIL,0,S,linker,17.040,inter_mol
2924,31,ECOIL,0,G,linker,28,KCOIL,0,S,linker,17.049,inter_mol
2925,15,ECOIL,0,E,ECOIL_0_1-21,28,KCOIL,0,S,linker,17.050,inter_mol
2926,41,ECOIL,0,A,ECOIL_0_32-52,34,KCOIL,0,A,KCOIL_0_32-52,17.060,inter_mol
2927,26,ECOIL,0,G,linker,13,KCOIL,0,K,KCOIL_0_1-21,17.066,inter_mol
2928,13,ECOIL,0,E,ECOIL_0_1-21,34,ECOIL,0,A,ECOIL_0_32-52,17.067,intra_mol
2929,40,ECOIL,0,I,ECOIL_0_32-52,23,KCOIL,0,G,linker,17.075,inter_mol
2930,35,ECOIL,0,A,ECOIL_0_32-52,26,KCOIL,0,G,linker,17.079,inter_mol
2931,3,ECOIL,0,A,ECOIL_0_1-21,44,ECOIL,0,E,ECOIL_0_32-52,17.088,intra_mol
2932,36,ECOIL,0,L,ECOIL_0_32-52,5,KCOIL,0,L,KCOIL_0_1-21,17.089,inter_mol
2933,48,ECOIL,0,A,ECOIL_0_32-52,42,KCOIL,0,A,KCOIL_0_32-52,17.091,inter_mol
2934,26,ECOIL,0,G,linker,39,ECOIL,0,E,ECOIL_0_32-52,17.099,intra_mol
2935,28,ECOIL,0,S,linker,27,KCOIL,0,G,linker,17.110,inter_mol
2936,29,ECOIL,0,G,linker,42,ECOIL,0,A,ECOIL_0_32-52,17.115,intra_mol
2937,35,ECOIL,0,A,ECOIL_0_32-52,25,KCOIL,0,G,linker,17.117,inter_mol
2938,24,ECOIL,0,S,linker,13,KCOIL,0,K,KCOIL_0_1-21,17.122,inter_mol
2939,41,ECOIL,0,A,ECOIL_0_32-52,35,KCOIL,0,A,KCOIL_0_32-52,17.126,inter_mol
2940,28,ECOIL,0,S,linker,34,KCOIL,0,A,KCOIL_0_32-52,17.127,inter_mol
2941,47,ECOIL,0,I,ECOIL_0_32-52,16,KCOIL,0,I,KCOIL_0_1-21,17.129,inter_mol
2942,17,ECOIL,0,A,ECOIL_0_1-21,7,KCOIL,0,E,KCOIL_0_1-21,17.136,inter_mol
2943,25,ECOIL,0,G,linker,40,ECOIL,0,I,ECOIL_0_32-52,17.143,intra_mol
2944,33,ECOIL,0,I,ECOIL_0_32-52,43,KCOIL,0,L,KCOIL_0_32-52,17.152,inter_mol
2945,4,ECOIL,0,A,ECOIL_0_1-21,39,ECOIL,0,E,ECOIL_0_32-52,17.153,intra_mol
2946,27,ECOIL,0,G,linker,28,KCOIL,0,S,linker,17.157,inter_mol
2947,13,KCOIL,0,K,KCOIL_0_1-21,35,KCOIL,0,A,KCOIL_0_32-52,17.170,intra_mol
2948,4,ECOIL,0,A,ECOIL_0_1-21,35,KCOIL,0,A,KCOIL_0_32-52,17.184,inter_mol
2949,28,KCOIL,0,S,linker,36,KCOIL,0,L,KCOIL_0_32-52,17.186,intra_mol
2950,25,ECOIL,0,G,linker,12,KCOIL,0,L,KCOIL_0_1-21,17.186,inter_mol
2951,20,KCOIL,0,K,KCOIL_0_1-21,35,KCOIL,0,A,KCOIL_0_32-52,17.188,intra_mol
2952,8,KCOIL,0,K,KCOIL_0_1-21,48,KCOIL,0,A,KCOIL_0_32-52,17.189,intra_mol
2953,16,ECOIL,0,I,ECOIL_0_1-21,6,KCOIL,0,K,KCOIL_0_1-21,17.195,inter_mol
2954,6,ECOIL,0,E,ECOIL_0_1-21,41,ECOIL,0,A,ECOIL_0_32-52,17.196,intra_mol
2955,7,ECOIL,0,K,ECOIL_0_1-21,50,ECOIL,0,L,ECOIL_0_32-52,17.200,intra_mol
2956,15,ECOIL,0,E,ECOIL_0_1-21,27,ECOIL,0,G,linker,17.201,intra_mol
2957,6,KCOIL,0,K,KCOIL_0_1-21,42,KCOIL,0,A,KCOIL_0_32-52,17.205,intra_mol
2958,31,ECOIL,0,G,linker,39,KCOIL,0,K,KCOIL_0_32-52,17.209,inter_mol
2959,11,ECOIL,0,A,ECOIL_0_1-21,2,KCOIL,0,I,KCOIL_0_1-21,17.211,inter_mol
2960,52,ECOIL,0,K,ECOIL_0_32-52,44,KCOIL,0,K,KCOIL_0_32-52,17.212,inter_mol
2961,40,ECOIL,0,I,ECOIL_0_32-52,49,KCOIL,0,A,KCOIL_0_32-52,17.216,inter_mol
2962,15,ECOIL,0,E,ECOIL_0_1-21,46,KCOIL,0,K,KCOIL_0_32-52,17.227,inter_mol
2963,21,ECOIL,0,K,ECOIL_0_1-21,27,ECOIL,0,G,linker,17.235,intra_mol
2964,6,KCOIL,0,K,KCOIL_0_1-21,41,KCOIL,0,A,KCOIL_0_32-52,17.238,intra_mol
2965,7,ECOIL,0,K,ECOIL_0_1-21,15,KCOIL,0,K,KCOIL_0_1-21,17.247,inter_mol
2966,10,ECOIL,0,A,ECOIL_0_1-21,50,KCOIL,0,L,KCOIL_0_32-52,17.249,inter_mol
2967,8,KCOIL,0,K,KCOIL_0_1-21,35,KCOIL,0,A,KCOIL_0_32-52,17.251,intra_mol
2968,43,ECOIL,0,L,ECOIL_0_32-52,19,KCOIL,0,L,KCOIL_0_1-21,17.255,inter_mol
2969,48,ECOIL,0,A,ECOIL_0_32-52,14,KCOIL,0,E,KCOIL_0_1-21,17.256,inter_mol
2970,30,KCOIL,0,G,linker,40,KCOIL,0,I,KCOIL_0_32-52,17.260,intra_mol
2971,4,KCOIL,0,A,KCOIL_0_1-21,39,KCOIL,0,K,KCOIL_0_32-52,17.261,intra_mol
2972,11,KCOIL,0,A,KCOIL_0_1-21,23,KCOIL,0,G,linker,17.265,intra_mol
2973,8,ECOIL,0,E,ECOIL_0_1-21,35,ECOIL,0,A,ECOIL_0_32-52,17.269,intra_mol
2974,8,ECOIL,0,E,ECOIL_0_1-21,48,ECOIL,0,A,ECOIL_0_32-52,17.272,intra_mol
2975,51,ECOIL,0,E,ECOIL_0_32-52,12,KCOIL,0,L,KCOIL_0_1-21,17.288,inter_mol
2976,20,KCOIL,0,K,KCOIL_0_1-21,31,KCOIL,0,G,linker,17.288,intra_mol
2977,43,ECOIL,0,L,ECOIL_0_32-52,20,KCOIL,0,K,KCOIL_0_1-21,17.289,inter_mol
2978,15,ECOIL,0,E,ECOIL_0_1-21,41,ECOIL,0,A,ECOIL_0_32-52,17.290,intra_mol
2979,24,ECOIL,0,S,linker,38,ECOIL,0,K,ECOIL_0_32-52,17.294,intra_mol
2980,32,ECOIL,0,E,ECOIL_0_32-52,43,KCOIL,0,L,KCOIL_0_32-52,17.305,inter_mol
2981,24,ECOIL,0,S,linker,39,ECOIL,0,E,ECOIL_0_32-52,17.315,intra_mol
2982,37,ECOIL,0,E,ECOIL_0_32-52,48,ECOIL,0,A,ECOIL_0_32-52,17.319,intra_mol
2983,31,ECOIL,0,G,linker,43,ECOIL,0,L,ECOIL_0_32-52,17.321,intra_mol
2984,35,ECOIL,0,A,ECOIL_0_32-52,27,KCOIL,0,G,linker,17.326,inter_mol
2985,25,ECOIL,0,G,linker,38,KCOIL,0,E,KCOIL_0_32-52,17.334,inter_mol
2986,22,KCOIL,0,G,linker,28,KCOIL,0,S,linker,17.337,intra_mol
2987,22,ECOIL,0,G,linker,35,ECOIL,0,A,ECOIL_0_32-52,17.337,intra_mol
2988,10,ECOIL,0,A,ECOIL_0_1-21,37,ECOIL,0,E,ECOIL_0_32-52,17.347,intra_mol
2989,13,ECOIL,0,E,ECOIL_0_1-21,21,KCOIL,0,E,KCOIL_0_1-21,17.354,inter_mol
2990,17,KCOIL,0,A,KCOIL_0_1-21,26,KCOIL,0,G,linker,17.358,intra_mol
2991,22,ECOIL,0,G,linker,11,KCOIL,0,A,KCOIL_0_1-21,17.358,inter_mol
2992,36,ECOIL,0,L,ECOIL_0_32-52,46,KCOIL,0,K,KCOIL_0_32-52,17.359,inter_mol
2993,34,ECOIL,0,A,ECOIL_0_32-52,42,KCOIL,0,A,KCOIL_0_32-52,17.362,inter_mol
2994,20,KCOIL,0,K,KCOIL_0_1-21,30,KCOIL,0,G,linker,17.369,intra_mol
2995,40,ECOIL,0,I,ECOIL_0_32-52,22,KCOIL,0,G,linker,17.371,inter_mol
2996,13,ECOIL,0,E,ECOIL_0_1-21,23,KCOIL,0,G,linker,17.372,inter_mol
2997,26,ECOIL,0,G,linker,40,ECOIL,0,I,ECOIL_0_32-52,17.373,intra_mol
2998,11,ECOIL,0,A,ECOIL_0_1-21,32,ECOIL,0,E,ECOIL_0_32-52,17.382,intra_mol
2999,16,ECOIL,0,I,ECOIL_0_1-21,4,KCOIL,0,A,KCOIL_0_1-21,17.395,inter_mol
3000,46,ECOIL,0,E,ECOIL_0_32-52,36,KCOIL,0,L,KCOIL_0_32-52,17.397,inter_mol
3001,38,ECOIL,0,K,ECOIL_0_32-52,23,KCOIL,0,G,linker,17.397,inter_mol
3002,25,ECOIL,0,G,linker,13,KCOIL,0,K,KCOIL_0_1-21,17.397,inter_mol
3003,21,ECOIL,0,K,ECOIL_0_1-21,32,ECOIL,0,E,ECOIL_0_32-52,17.399,intra_mol
3004,7,ECOIL,0,K,ECOIL_0_1-21,32,KCOIL,0,K,KCOIL_0_32-52,17.412,inter_mol
3005,7,KCOIL,0,E,KCOIL_0_1-21,44,KCOIL,0,K,KCOIL_0_32-52,17.413,intra_mol
3006,25,ECOIL,0,G,linker,40,KCOIL,0,I,KCOIL_0_32-52,17.433,inter_mol
3007,9,KCOIL,0,I,KCOIL_0_1-21,34,KCOIL,0,A,KCOIL_0_32-52,17.445,intra_mol
3008,39,KCOIL,0,K,KCOIL_0_32-52,50,KCOIL,0,L,KCOIL_0_32-52,17.451,intra_mol
3009,31,KCOIL,0,G,linker,42,KCOIL,0,A,KCOIL_0_32-52,17.454,intra_mol
3010,38,ECOIL,0,K,ECOIL_0_32-52,49,ECOIL,0,A,ECOIL_0_32-52,17.457,intra_mol
3011,37,ECOIL,0,E,ECOIL_0_32-52,47,KCOIL,0,I,KCOIL_0_32-52,17.457,inter_mol
3012,13,KCOIL,0,K,KCOIL_0_1-21,34,KCOIL,0,A,KCOIL_0_32-52,17.459,intra_mol
3013,6,ECOIL,0,E,ECOIL_0_1-21,14,KCOIL,0,E,KCOIL_0_1-21,17.461,inter_mol
3014,20,ECOIL,0,E,ECOIL_0_1-21,39,ECOIL,0,E,ECOIL_0_32-52,17.465,intra_mol
3015,36,ECOIL,0,L,ECOIL_0_32-52,6,KCOIL,0,K,KCOIL_0_1-21,17.466,inter_mol
3016,16,ECOIL,0,I,ECOIL_0_1-21,29,ECOIL,0,G,linker,17.467,intra_mol
3017,31,ECOIL,0,G,linker,44,KCOIL,0,K,KCOIL_0_32-52,17.474,inter_mol
3018,12,ECOIL,0,L,ECOIL_0_1-21,1,KCOIL,0,K,KCOIL_0_1-21,17.480,inter_mol
3019,7,ECOIL,0,K,ECOIL_0_1-21,46,ECOIL,0,E,ECOIL_0_32-52,17.485,intra_mol
3020,15,KCOIL,0,K,KCOIL_0_1-21,41,KCOIL,0,A,KCOIL_0_32-52,17.486,intra_mol
3021,1,ECOIL,0,E,ECOIL_0_1-21,42,ECOIL,0,A,ECOIL_0_32-52,17.490,intra_mol
3022,41,ECOIL,0,A,ECOIL_0_32-52,21,KCOIL,0,E,KCOIL_0_1-21,17.500,inter_mol
3023,14,ECOIL,0,K,ECOIL_0_1-21,29,KCOIL,0,G,linker,17.504,inter_mol
3024,3,KCOIL,0,A,KCOIL_0_1-21,40,KCOIL,0,I,KCOIL_0_32-52,17.505,intra_mol
3025,17,ECOIL,0,A,ECOIL_0_1-21,31,ECOIL,0,G,linker,17.506,intra_mol
3026,6,ECOIL,0,E,ECOIL_0_1-21,17,ECOIL,0,A,ECOIL_0_1-21,17.507,intra_mol
3027,17,ECOIL,0,A,ECOIL_0_1-21,43,ECOIL,0,L,ECOIL_0_32-52,17.508,intra_mol
3028,20,ECOIL,0,E,ECOIL_0_1-21,28,KCOIL,0,S,linker,17.510,inter_mol
3029,31,ECOIL,0,G,linker,29,KCOIL,0,G,linker,17.515,inter_mol
3030,30,ECOIL,0,G,linker,32,KCOIL,0,K,KCOIL_0_32-52,17.516,inter_mol
3031,22,ECOIL,0,G,linker,37,ECOIL,0,E,ECOIL_0_32-52,17.520,intra_mol
3032,23,ECOIL,0,G,linker,38,KCOIL,0,E,KCOIL_0_32-52,17.528,inter_mol
3033,37,KCOIL,0,K,KCOIL_0_32-52,48,KCOIL,0,A,KCOIL_0_32-52,17.536,intra_mol
3034,29,ECOIL,0,G,linker,40,KCOIL,0,I,KCOIL_0_32-52,17.539,inter_mol
3035,14,ECOIL,0,K,ECOIL_0_1-21,39,ECOIL,0,E,ECOIL_0_32-52,17.542,intra_mol
3036,13,ECOIL,0,E,ECOIL_0_1-21,32,ECOIL,0,E,ECOIL_0_32-52,17.549,intra_mol
3037,10,ECOIL,0,A,ECOIL_0_1-21,31,KCOIL,0,G,linker,17.551,inter_mol
3038,22,KCOIL,0,G,linker,34,KCOIL,0,A,KCOIL_0_32-52,17.560,intra_mol
3039,50,ECOIL,0,L,ECOIL_0_32-52,12,KCOIL,0,L,KCOIL_0_1-21,17.567,inter_mol
3040,19,ECOIL,0,L,ECOIL_0_1-21,43,KCOIL,0,L,KCOIL_0_32-52,17.567,inter_mol
3041,21,KCOIL,0,E,KCOIL_0_1-21,36,KCOIL,0,L,KCOIL_0_32-52,17.581,intra_mol
3042,14,KCOIL,0,E,KCOIL_0_1-21,37,KCOIL,0,K,KCOIL_0_32-52,17.587,intra_mol
3043,25,KCOIL,0,G,linker,37,KCOIL,0,K,KCOIL_0_32-52,17.588,intra_mol
3044,24,ECOIL,0,S,linker,39,KCOIL,0,K,KCOIL_0_32-52,17.600,inter_mol
3045,12,ECOIL,0,L,ECOIL_0_1-21,25,ECOIL,0,G,linker,17.604,intra_mol
3046,18,ECOIL,0,A,ECOIL_0_1-21,39,ECOIL,0,E,ECOIL_0_32-52,17.606,intra_mol
3047,13,ECOIL,0,E,ECOIL_0_1-21,30,KCOIL,0,G,linker,17.614,inter_mol
3048,6,ECOIL,0,E,ECOIL_0_1-21,39,ECOIL,0,E,ECOIL_0_32-52,17.615,intra_mol
3049,8,KCOIL,0,K,KCOIL_0_1-21,37,KCOIL,0,K,KCOIL_0_32-52,17.616,intra_mol
3050,2,KCOIL,0,I,KCOIL_0_1-21,41,KCOIL,0,A,KCOIL_0_32-52,17.617,intra_mol
3051,35,ECOIL,0,A,ECOIL_0_32-52,47,KCOIL,0,I,KCOIL_0_32-52,17.621,inter_mol
3052,3,ECOIL,0,A,ECOIL_0_1-21,40,ECOIL,0,I,ECOIL_0_32-52,17.623,intra_mol
3053,44,ECOIL,0,E,ECOIL_0_32-52,19,KCOIL,0,L,KCOIL_0_1-21,17.626,inter_mol
3054,45,ECOIL,0,K,ECOIL_0_32-52,37,KCOIL,0,K,KCOIL_0_32-52,17.626,inter_mol
3055,7,ECOIL,0,K,ECOIL_0_1-21,18,ECOIL,0,A,ECOIL_0_1-21,17.632,intra_mol
3056,46,ECOIL,0,E,ECOIL_0_32-52,38,KCOIL,0,E,KCOIL_0_32-52,17.642,inter_mol
3057,15,ECOIL,0,E,ECOIL_0_1-21,38,ECOIL,0,K,ECOIL_0_32-52,17.654,intra_mol
3058,8,ECOIL,0,E,ECOIL_0_1-21,31,KCOIL,0,G,linker,17.657,inter_mol
3059,9,ECOIL,0,I,ECOIL_0_1-21,34,ECOIL,0,A,ECOIL_0_32-52,17.659,intra_mol
3060,8,ECOIL,0,E,ECOIL_0_1-21,45,ECOIL,0,K,ECOIL_0_32-52,17.660,intra_mol
3061,12,ECOIL,0,L,ECOIL_0_1-21,50,KCOIL,0,L,KCOIL_0_32-52,17.664,inter_mol
3062,47,ECOIL,0,I,ECOIL_0_32-52,15,KCOIL,0,K,KCOIL_0_1-21,17.669,inter_mol
3063,46,ECOIL,0,E,ECOIL_0_32-52,16,KCOIL,0,I,KCOIL_0_1-21,17.672,inter_mol
3064,19,ECOIL,0,L,ECOIL_0_1-21,41,ECOIL,0,A,ECOIL_0_32-52,17.672,intra_mol
3065,37,ECOIL,0,E,ECOIL_0_32-52,5,KCOIL,0,L,KCOIL_0_1-21,17.673,inter_mol
3066,47,ECOIL,0,I,ECOIL_0_32-52,36,KCOIL,0,L,KCOIL_0_32-52,17.680,inter_mol
3067,15,KCOIL,0,K,KCOIL_0_1-21,38,KCOIL,0,E,KCOIL_0_32-52,17.682,intra_mol
3068,7,ECOIL,0,K,ECOIL_0_1-21,37,KCOIL,0,K,KCOIL_0_32-52,17.696,inter_mol
3069,10,KCOIL,0,A,KCOIL_0_1-21,33,KCOIL,0,I,KCOIL_0_32-52,17.703,intra_mol
3070,37,ECOIL,0,E,ECOIL_0_32-52,7,KCOIL,0,E,KCOIL_0_1-21,17.703,inter_mol
3071,22,ECOIL,0,G,linker,39,KCOIL,0,K,KCOIL_0_32-52,17.706,inter_mol
3072,50,ECOIL,0,L,ECOIL_0_32-52,13,KCOIL,0,K,KCOIL_0_1-21,17.709,inter_mol
3073,2,ECOIL,0,I,ECOIL_0_1-21,41,ECOIL,0,A,ECOIL_0_32-52,17.715,intra_mol
3074,36,ECOIL,0,L,ECOIL_0_32-52,29,KCOIL,0,G,linker,17.716,inter_mol
3075,13,ECOIL,0,E,ECOIL_0_1-21,38,ECOIL,0,K,ECOIL_0_32-52,17.717,intra_mol
3076,27,KCOIL,0,G,linker,38,KCOIL,0,E,KCOIL_0_32-52,17.738,intra_mol
3077,11,ECOIL,0,A,ECOIL_0_1-21,23,ECOIL,0,G,linker,17.738,intra_mol
3078,42,ECOIL,0,A,ECOIL_0_32-52,19,KCOIL,0,L,KCOIL_0_1-21,17.749,inter_mol
3079,8,KCOIL,0,K,KCOIL_0_1-21,45,KCOIL,0,E,KCOIL_0_32-52,17.753,intra_mol
3080,23,ECOIL,0,G,linker,39,KCOIL,0,K,KCOIL_0_32-52,17.754,inter_mol
3081,43,ECOIL,0,L,ECOIL_0_32-52,18,KCOIL,0,A,KCOIL_0_1-21,17.766,inter_mol
3082,28,KCOIL,0,S,linker,37,KCOIL,0,K,KCOIL_0_32-52,17.778,intra_mol
3083,22,KCOIL,0,G,linker,29,KCOIL,0,G,linker,17.778,intra_mol
3084,12,ECOIL,0,L,ECOIL_0_1-21,27,ECOIL,0,G,linker,17.781,intra_mol
3085,39,ECOIL,0,E,ECOIL_0_32-52,7,KCOIL,0,E,KCOIL_0_1-21,17.784,inter_mol
3086,1,ECOIL,0,E,ECOIL_0_1-21,7,KCOIL,0,E,KCOIL_0_1-21,17.784,inter_mol
3087,28,ECOIL,0,S,linker,12,KCOIL,0,L,KCOIL_0_1-21,17.791,inter_mol
3088,37,ECOIL,0,E,ECOIL_0_32-52,31,KCOIL,0,G,linker,17.795,inter_mol
3089,15,ECOIL,0,E,ECOIL_0_1-21,26,ECOIL,0,G,linker,17.799,intra_mol
3090,26,ECOIL,0,G,linker,14,KCOIL,0,E,KCOIL_0_1-21,17.800,inter_mol
3091,14,KCOIL,0,E,KCOIL_0_1-21,39,KCOIL,0,K,KCOIL_0_32-52,17.802,intra_mol
3092,7,ECOIL,0,K,ECOIL_0_1-21,44,ECOIL,0,E,ECOIL_0_32-52,17.805,intra_mol
3093,11,ECOIL,0,A,ECOIL_0_1-21,46,ECOIL,0,E,ECOIL_0_32-52,17.808,intra_mol
3094,7,KCOIL,0,E,KCOIL_0_1-21,46,KCOIL,0,K,KCOIL_0_32-52,17.809,intra_mol
3095,13,KCOIL,0,K,KCOIL_0_1-21,32,KCOIL,0,K,KCOIL_0_32-52,17.815,intra_mol
3096,12,KCOIL,0,L,KCOIL_0_1-21,48,KCOIL,0,A,KCOIL_0_32-52,17.825,intra_mol
3097,10,KCOIL,0,A,KCOIL_0_1-21,46,KCOIL,0,K,KCOIL_0_32-52,17.831,intra_mol
3098,33,ECOIL,0,I,ECOIL_0_32-52,42,KCOIL,0,A,KCOIL_0_32-52,17.838,inter_mol
3099,49,ECOIL,0,A,ECOIL_0_32-52,12,KCOIL,0,L,KCOIL_0_1-21,17.848,inter_mol
3100,25,ECOIL,0,G,linker,14,KCOIL,0,E,KCOIL_0_1-21,17.852,inter_mol
3101,12,ECOIL,0,L,ECOIL_0_1-21,23,KCOIL,0,G,linker,17.865,inter_mol
3102,15,ECOIL,0,E,ECOIL_0_1-21,42,ECOIL,0,A,ECOIL_0_32-52,17.872,intra_mol
3103,19,ECOIL,0,L,ECOIL_0_1-21,43,ECOIL,0,L,ECOIL_0_32-52,17.876,intra_mol
3104,10,ECOIL,0,A,ECOIL_0_1-21,48,KCOIL,0,A,KCOIL_0_32-52,17.877,inter_mol
3105,12,ECOIL,0,L,ECOIL_0_1-21,48,ECOIL,0,A,ECOIL_0_32-52,17.890,intra_mol
3106,17,KCOIL,0,A,KCOIL_0_1-21,39,KCOIL,0,K,KCOIL_0_32-52,17.897,intra_mol
3107,9,KCOIL,0,I,KCOIL_0_1-21,32,KCOIL,0,K,KCOIL_0_32-52,17.901,intra_mol
3108,7,ECOIL,0,K,ECOIL_0_1-21,39,ECOIL,0,E,ECOIL_0_32-52,17.907,intra_mol
3109,50,ECOIL,0,L,ECOIL_0_32-52,11,KCOIL,0,A,KCOIL_0_1-21,17.912,inter_mol
3110,10,ECOIL,0,A,ECOIL_0_1-21,33,ECOIL,0,I,ECOIL_0_32-52,17.913,intra_mol
3111,3,KCOIL,0,A,KCOIL_0_1-21,15,KCOIL,0,K,KCOIL_0_1-21,17.918,intra_mol
3112,29,KCOIL,0,G,linker,39,KCOIL,0,K,KCOIL_0_32-52,17.918,intra_mol
3113,6,ECOIL,0,E,ECOIL_0_1-21,45,ECOIL,0,K,ECOIL_0_32-52,17.929,intra_mol
3114,6,KCOIL,0,K,KCOIL_0_1-21,45,KCOIL,0,E,KCOIL_0_32-52,17.933,intra_mol
3115,10,ECOIL,0,A,ECOIL_0_1-21,50,ECOIL,0,L,ECOIL_0_32-52,17.943,intra_mol
3116,5,ECOIL,0,L,ECOIL_0_1-21,15,KCOIL,0,K,KCOIL_0_1-21,17.947,inter_mol
3117,14,KCOIL,0,E,KCOIL_0_1-21,32,KCOIL,0,K,KCOIL_0_32-52,17.951,intra_mol
3118,7,KCOIL,0,E,KCOIL_0_1-21,18,KCOIL,0,A,KCOIL_0_1-21,17.951,intra_mol
3119,17,ECOIL,0,A,ECOIL_0_1-21,41,KCOIL,0,A,KCOIL_0_32-52,17.962,inter_mol
3120,1,ECOIL,0,E,ECOIL_0_1-21,44,ECOIL,0,E,ECOIL_0_32-52,17.964,intra_mol
3121,21,ECOIL,0,K,ECOIL_0_1-21,13,KCOIL,0,K,KCOIL_0_1-21,17.965,inter_mol
3122,32,ECOIL,0,E,ECOIL_0_32-52,14,KCOIL,0,E,KCOIL_0_1-21,17.970,inter_mol
3123,12,ECOIL,0,L,ECOIL_0_1-21,49,KCOIL,0,A,KCOIL_0_32-52,17.976,inter_mol
3124,30,ECOIL,0,G,linker,30,KCOIL,0,G,linker,17.977,inter_mol
3125,8,ECOIL,0,E,ECOIL_0_1-21,14,KCOIL,0,E,KCOIL_0_1-21,17.981,inter_mol
3126,8,ECOIL,0,E,ECOIL_0_1-21,49,ECOIL,0,A,ECOIL_0_32-52,17.985,intra_mol
3127,31,ECOIL,0,G,linker,14,KCOIL,0,E,KCOIL_0_1-21,17.993,inter_mol
3128,39,ECOIL,0,E,ECOIL_0_32-52,2,KCOIL,0,I,KCOIL_0_1-21,17.993,inter_mol
3129,45,ECOIL,0,K,ECOIL_0_32-52,17,KCOIL,0,A,KCOIL_0_1-21,17.994,inter_mol
3130,14,ECOIL,0,K,ECOIL_0_1-21,22,KCOIL,0,G,linker,17.995,inter_mol
3131,15,ECOIL,0,E,ECOIL_0_1-21,45,KCOIL,0,E,KCOIL_0_32-52,18.000,inter_mol
3132,14,ECOIL,0,K,ECOIL_0_1-21,32,ECOIL,0,E,ECOIL_0_32-52,18.002,intra_mol
3133,27,ECOIL,0,G,linker,29,KCOIL,0,G,linker,18.007,inter_mol
3134,8,ECOIL,0,E,ECOIL_0_1-21,37,ECOIL,0,E,ECOIL_0_32-52,18.013,intra_mol
3135,23,ECOIL,0,G,linker,14,KCOIL,0,E,KCOIL_0_1-21,18.015,inter_mol
3136,17,ECOIL,0,A,ECOIL_0_1-21,28,KCOIL,0,S,linker,18.018,inter_mol
3137,17,ECOIL,0,A,ECOIL_0_1-21,41,ECOIL,0,A,ECOIL_0_32-52,18.028,intra_mol
3138,10,ECOIL,0,A,ECOIL_0_1-21,48,ECOIL,0,A,ECOIL_0_32-52,18.032,intra_mol
3139,27,ECOIL,0,G,linker,42,ECOIL,0,A,ECOIL_0_32-52,18.046,intra_mol
3140,8,ECOIL,0,E,ECOIL_0_1-21,52,KCOIL,0,E,KCOIL_0_32-52,18.046,inter_mol
3141,20,ECOIL,0,E,ECOIL_0_1-21,41,ECOIL,0,A,ECOIL_0_32-52,18.050,intra_mol
3142,17,KCOIL,0,A,KCOIL_0_1-21,31,KCOIL,0,G,linker,18.056,intra_mol
3143,14,KCOIL,0,E,KCOIL_0_1-21,24,KCOIL,0,S,linker,18.069,intra_mol
3144,27,ECOIL,0,G,linker,11,KCOIL,0,A,KCOIL_0_1-21,18.072,inter_mol
3145,37,ECOIL,0,E,ECOIL_0_32-52,45,KCOIL,0,E,KCOIL_0_32-52,18.072,inter_mol
3146,34,KCOIL,0,A,KCOIL_0_32-52,46,KCOIL,0,K,KCOIL_0_32-52,18.073,intra_mol
3147,10,KCOIL,0,A,KCOIL_0_1-21,22,KCOIL,0,G,linker,18.077,intra_mol
3148,22,KCOIL,0,G,linker,37,KCOIL,0,K,KCOIL_0_32-52,18.081,intra_mol
3149,8,ECOIL,0,E,ECOIL_0_1-21,38,ECOIL,0,K,ECOIL_0_32-52,18.083,intra_mol
3150,24,KCOIL,0,S,linker,37,KCOIL,0,K,KCOIL_0_32-52,18.089,intra_mol
3151,40,ECOIL,0,I,ECOIL_0_32-52,31,KCOIL,0,G,linker,18.089,inter_mol
3152,37,ECOIL,0,E,ECOIL_0_32-52,25,KCOIL,0,G,linker,18.091,inter_mol
3153,24,KCOIL,0,S,linker,35,KCOIL,0,A,KCOIL_0_32-52,18.093,intra_mol
3154,26,ECOIL,0,G,linker,12,KCOIL,0,L,KCOIL_0_1-21,18.095,inter_mol
3155,10,ECOIL,0,A,ECOIL_0_1-21,35,ECOIL,0,A,ECOIL_0_32-52,18.101,intra_mol
3156,21,ECOIL,0,K,ECOIL_0_1-21,39,KCOIL,0,K,KCOIL_0_32-52,18.111,inter_mol
3157,4,KCOIL,0,A,KCOIL_0_1-21,41,KCOIL,0,A,KCOIL_0_32-52,18.118,intra_mol
3158,38,ECOIL,0,K,ECOIL_0_32-52,51,KCOIL,0,K,KCOIL_0_32-52,18.120,inter_mol
3159,18,ECOIL,0,A,ECOIL_0_1-21,43,KCOIL,0,L,KCOIL_0_32-52,18.122,inter_mol
3160,30,ECOIL,0,G,linker,44,KCOIL,0,K,KCOIL_0_32-52,18.122,inter_mol
3161,29,ECOIL,0,G,linker,27,KCOIL,0,G,linker,18.124,inter_mol
3162,38,ECOIL,0,K,ECOIL_0_32-52,5,KCOIL,0,L,KCOIL_0_1-21,18.134,inter_mol
3163,27,ECOIL,0,G,linker,38,KCOIL,0,E,KCOIL_0_32-52,18.136,inter_mol
3164,49,ECOIL,0,A,ECOIL_0_32-52,11,KCOIL,0,A,KCOIL_0_1-21,18.141,inter_mol
3165,30,ECOIL,0,G,linker,43,ECOIL,0,L,ECOIL_0_32-52,18.143,intra_mol
3166,10,KCOIL,0,A,KCOIL_0_1-21,48,KCOIL,0,A,KCOIL_0_32-52,18.144,intra_mol
3167,11,KCOIL,0,A,KCOIL_0_1-21,34,KCOIL,0,A,KCOIL_0_32-52,18.151,intra_mol
3168,34,ECOIL,0,A,ECOIL_0_32-52,46,ECOIL,0,E,ECOIL_0_32-52,18.151,intra_mol
3169,13,KCOIL,0,K,KCOIL_0_1-21,38,KCOIL,0,E,KCOIL_0_32-52,18.154,intra_mol
3170,39,ECOIL,0,E,ECOIL_0_32-52,4,KCOIL,0,A,KCOIL_0_1-21,18.154,inter_mol
3171,32,ECOIL,0,E,ECOIL_0_32-52,9,KCOIL,0,I,KCOIL_0_1-21,18.164,inter_mol
3172,30,ECOIL,0,G,linker,12,KCOIL,0,L,KCOIL_0_1-21,18.167,inter_mol
3173,19,ECOIL,0,L,ECOIL_0_1-21,42,KCOIL,0,A,KCOIL_0_32-52,18.171,inter_mol
3174,4,ECOIL,0,A,ECOIL_0_1-21,16,ECOIL,0,I,ECOIL_0_1-21,18.173,intra_mol
3175,40,ECOIL,0,I,ECOIL_0_32-52,52,ECOIL,0,K,ECOIL_0_32-52,18.177,intra_mol
3176,6,ECOIL,0,E,ECOIL_0_1-21,35,KCOIL,0,A,KCOIL_0_32-52,18.179,inter_mol
3177,17,ECOIL,0,A,ECOIL_0_1-21,5,KCOIL,0,L,KCOIL_0_1-21,18.191,inter_mol
3178,12,ECOIL,0,L,ECOIL_0_1-21,22,KCOIL,0,G,linker,18.191,inter_mol
3179,6,ECOIL,0,E,ECOIL_0_1-21,38,KCOIL,0,E,KCOIL_0_32-52,18.194,inter_mol
3180,4,KCOIL,0,A,KCOIL_0_1-21,16,KCOIL,0,I,KCOIL_0_1-21,18.195,intra_mol
3181,3,ECOIL,0,A,ECOIL_0_1-21,15,ECOIL,0,E,ECOIL_0_1-21,18.200,intra_mol
3182,8,KCOIL,0,K,KCOIL_0_1-21,49,KCOIL,0,A,KCOIL_0_32-52,18.206,intra_mol
3183,13,ECOIL,0,E,ECOIL_0_1-21,46,ECOIL,0,E,ECOIL_0_32-52,18.206,intra_mol
3184,8,KCOIL,0,K,KCOIL_0_1-21,32,KCOIL,0,K,KCOIL_0_32-52,18.211,intra_mol
3185,18,ECOIL,0,A,ECOIL_0_1-21,41,KCOIL,0,A,KCOIL_0_32-52,18.212,inter_mol
3186,38,ECOIL,0,K,ECOIL_0_32-52,8,KCOIL,0,K,KCOIL_0_1-21,18.214,inter_mol
3187,3,ECOIL,0,A,ECOIL_0_1-21,42,ECOIL,0,A,ECOIL_0_32-52,18.218,intra_mol
3188,24,ECOIL,0,S,linker,11,KCOIL,0,A,KCOIL_0_1-21,18.220,inter_mol
3189,10,ECOIL,0,A,ECOIL_0_1-21,22,ECOIL,0,G,linker,18.222,intra_mol
3190,35,ECOIL,0,A,ECOIL_0_32-52,47,ECOIL,0,I,ECOIL_0_32-52,18.224,intra_mol
3191,44,ECOIL,0,E,ECOIL_0_32-52,52,KCOIL,0,E,KCOIL_0_32-52,18.226,inter_mol
3192,16,ECOIL,0,I,ECOIL_0_1-21,28,KCOIL,0,S,linker,18.232,inter_mol
3193,16,ECOIL,0,I,ECOIL_0_1-21,47,ECOIL,0,I,ECOIL_0_32-52,18.232,intra_mol
3194,6,KCOIL,0,K,KCOIL_0_1-21,39,KCOIL,0,K,KCOIL_0_32-52,18.234,intra_mol
3195,19,KCOIL,0,L,KCOIL_0_1-21,41,KCOIL,0,A,KCOIL_0_32-52,18.235,intra_mol
3196,10,KCOIL,0,A,KCOIL_0_1-21,50,KCOIL,0,L,KCOIL_0_32-52,18.239,intra_mol
3197,23,ECOIL,0,G,linker,40,KCOIL,0,I,KCOIL_0_32-52,18.244,inter_mol
3198,20,ECOIL,0,E,ECOIL_0_1-21,38,KCOIL,0,E,KCOIL_0_32-52,18.248,inter_mol
3199,4,ECOIL,0,A,ECOIL_0_1-21,41,ECOIL,0,A,ECOIL_0_32-52,18.251,intra_mol
3200,42,ECOIL,0,A,ECOIL_0_32-52,18,KCOIL,0,A,KCOIL_0_1-21,18.252,inter_mol
3201,11,ECOIL,0,A,ECOIL_0_1-21,48,KCOIL,0,A,KCOIL_0_32-52,18.254,inter_mol
3202,8,ECOIL,0,E,ECOIL_0_1-21,51,ECOIL,0,E,ECOIL_0_32-52,18.264,intra_mol
3203,14,ECOIL,0,K,ECOIL_0_1-21,23,KCOIL,0,G,linker,18.267,inter_mol
3204,5,ECOIL,0,L,ECOIL_0_1-21,16,KCOIL,0,I,KCOIL_0_1-21,18.270,inter_mol
3205,20,ECOIL,0,E,ECOIL_0_1-21,29,ECOIL,0,G,linker,18.275,intra_mol
3206,38,ECOIL,0,K,ECOIL_0_32-52,46,KCOIL,0,K,KCOIL_0_32-52,18.278,inter_mol
3207,14,ECOIL,0,K,ECOIL_0_1-21,46,KCOIL,0,K,KCOIL_0_32-52,18.288,inter_mol
3208,11,ECOIL,0,A,ECOIL_0_1-21,24,ECOIL,0,S,linker,18.296,intra_mol
3209,14,ECOIL,0,K,ECOIL_0_1-21,37,ECOIL,0,E,ECOIL_0_32-52,18.297,intra_mol
3210,15,KCOIL,0,K,KCOIL_0_1-21,44,KCOIL,0,K,KCOIL_0_32-52,18.299,intra_mol
3211,38,ECOIL,0,K,ECOIL_0_32-52,32,KCOIL,0,K,KCOIL_0_32-52,18.302,inter_mol
3212,7,KCOIL,0,E,KCOIL_0_1-21,39,KCOIL,0,K,KCOIL_0_32-52,18.304,intra_mol
3213,4,ECOIL,0,A,ECOIL_0_1-21,37,KCOIL,0,K,KCOIL_0_32-52,18.313,inter_mol
3214,15,ECOIL,0,E,ECOIL_0_1-21,7,KCOIL,0,E,KCOIL_0_1-21,18.319,inter_mol
3215,21,KCOIL,0,E,KCOIL_0_1-21,27,KCOIL,0,G,linker,18.334,intra_mol
3216,8,KCOIL,0,K,KCOIL_0_1-21,38,KCOIL,0,E,KCOIL_0_32-52,18.337,intra_mol
3217,35,KCOIL,0,A,KCOIL_0_32-52,47,KCOIL,0,I,KCOIL_0_32-52,18.339,intra_mol
3218,18,KCOIL,0,A,KCOIL_0_1-21,39,KCOIL,0,K,KCOIL_0_32-52,18.343,intra_mol
3219,29,ECOIL,0,G,linker,15,KCOIL,0,K,KCOIL_0_1-21,18.347,inter_mol
3220,17,KCOIL,0,A,KCOIL_0_1-21,30,KCOIL,0,G,linker,18.365,intra_mol
3221,52,ECOIL,0,K,ECOIL_0_32-52,43,KCOIL,0,L,KCOIL_0_32-52,18.370,inter_mol
3222,7,ECOIL,0,K,ECOIL_0_1-21,42,ECOIL,0,A,ECOIL_0_32-52,18.371,intra_mol
3223,1,ECOIL,0,E,ECOIL_0_1-21,52,ECOIL,0,K,ECOIL_0_32-52,18.379,intra_mol
3224,8,KCOIL,0,K,KCOIL_0_1-21,51,KCOIL,0,K,KCOIL_0_32-52,18.380,intra_mol
3225,38,KCOIL,0,E,KCOIL_0_32-52,49,KCOIL,0,A,KCOIL_0_32-52,18.381,intra_mol
3226,11,KCOIL,0,A,KCOIL_0_1-21,46,KCOIL,0,K,KCOIL_0_32-52,18.391,intra_mol
3227,32,ECOIL,0,E,ECOIL_0_32-52,11,KCOIL,0,A,KCOIL_0_1-21,18.393,inter_mol
3228,46,ECOIL,0,E,ECOIL_0_32-52,14,KCOIL,0,E,KCOIL_0_1-21,18.395,inter_mol
3229,43,ECOIL,0,L,ECOIL_0_32-52,32,KCOIL,0,K,KCOIL_0_32-52,18.404,inter_mol
3230,45,ECOIL,0,K,ECOIL_0_32-52,1,KCOIL,0,K,KCOIL_0_1-21,18.413,inter_mol
3231,2,KCOIL,0,I,KCOIL_0_1-21,14,KCOIL,0,E,KCOIL_0_1-21,18.417,intra_mol
3232,20,ECOIL,0,E,ECOIL_0_1-21,38,ECOIL,0,K,ECOIL_0_32-52,18.419,intra_mol
3233,10,KCOIL,0,A,KCOIL_0_1-21,35,KCOIL,0,A,KCOIL_0_32-52,18.419,intra_mol
3234,7,KCOIL,0,E,KCOIL_0_1-21,51,KCOIL,0,K,KCOIL_0_32-52,18.424,intra_mol
3235,20,ECOIL,0,E,ECOIL_0_1-21,30,ECOIL,0,G,linker,18.424,intra_mol
3236,52,ECOIL,0,K,ECOIL_0_32-52,8,KCOIL,0,K,KCOIL_0_1-21,18.424,inter_mol
3237,39,ECOIL,0,E,ECOIL_0_32-52,23,KCOIL,0,G,linker,18.431,inter_mol
3238,12,KCOIL,0,L,KCOIL_0_1-21,30,KCOIL,0,G,linker,18.435,intra_mol
3239,7,ECOIL,0,K,ECOIL_0_1-21,34,KCOIL,0,A,KCOIL_0_32-52,18.435,inter_mol
3240,51,ECOIL,0,E,ECOIL_0_32-52,45,KCOIL,0,E,KCOIL_0_32-52,18.447,inter_mol
3241,36,ECOIL,0,L,ECOIL_0_32-52,48,KCOIL,0,A,KCOIL_0_32-52,18.449,inter_mol
3242,1,KCOIL,0,K,KCOIL_0_1-21,52,KCOIL,0,E,KCOIL_0_32-52,18.452,intra_mol
3243,11,ECOIL,0,A,ECOIL_0_1-21,34,ECOIL,0,A,ECOIL_0_32-52,18.452,intra_mol
3244,12,ECOIL,0,L,ECOIL_0_1-21,50,ECOIL,0,L,ECOIL_0_32-52,18.453,intra_mol
3245,21,ECOIL,0,K,ECOIL_0_1-21,8,KCOIL,0,K,KCOIL_0_1-21,18.456,inter_mol
3246,22,ECOIL,0,G,linker,13,KCOIL,0,K,KCOIL_0_1-21,18.457,inter_mol
3247,4,KCOIL,0,A,KCOIL_0_1-21,45,KCOIL,0,E,KCOIL_0_32-52,18.459,intra_mol
3248,1,ECOIL,0,E,ECOIL_0_1-21,45,ECOIL,0,K,ECOIL_0_32-52,18.460,intra_mol
3249,11,ECOIL,0,A,ECOIL_0_1-21,50,KCOIL,0,L,KCOIL_0_32-52,18.460,inter_mol
3250,47,ECOIL,0,I,ECOIL_0_32-52,37,KCOIL,0,K,KCOIL_0_32-52,18.470,inter_mol
3251,36,ECOIL,0,L,ECOIL_0_32-52,7,KCOIL,0,E,KCOIL_0_1-21,18.474,inter_mol
3252,5,ECOIL,0,L,ECOIL_0_1-21,38,ECOIL,0,K,ECOIL_0_32-52,18.475,intra_mol
3253,28,ECOIL,0,S,linker,40,KCOIL,0,I,KCOIL_0_32-52,18.485,inter_mol
3254,28,ECOIL,0,S,linker,42,ECOIL,0,A,ECOIL_0_32-52,18.487,intra_mol
3255,14,ECOIL,0,K,ECOIL_0_1-21,35,ECOIL,0,A,ECOIL_0_32-52,18.489,intra_mol
3256,15,ECOIL,0,E,ECOIL_0_1-21,44,ECOIL,0,E,ECOIL_0_32-52,18.489,intra_mol
3257,15,KCOIL,0,K,KCOIL_0_1-21,42,KCOIL,0,A,KCOIL_0_32-52,18.489,intra_mol
3258,17,KCOIL,0,A,KCOIL_0_1-21,43,KCOIL,0,L,KCOIL_0_32-52,18.496,intra_mol
3259,4,ECOIL,0,A,ECOIL_0_1-21,45,ECOIL,0,K,ECOIL_0_32-52,18.501,intra_mol
3260,45,ECOIL,0,K,ECOIL_0_32-52,36,KCOIL,0,L,KCOIL_0_32-52,18.501,inter_mol
3261,17,ECOIL,0,A,ECOIL_0_1-21,42,KCOIL,0,A,KCOIL_0_32-52,18.504,inter_mol
3262,10,ECOIL,0,A,ECOIL_0_1-21,49,KCOIL,0,A,KCOIL_0_32-52,18.507,inter_mol
3263,11,ECOIL,0,A,ECOIL_0_1-21,38,ECOIL,0,K,ECOIL_0_32-52,18.522,intra_mol
3264,9,KCOIL,0,I,KCOIL_0_1-21,21,KCOIL,0,E,KCOIL_0_1-21,18.524,intra_mol
3265,1,KCOIL,0,K,KCOIL_0_1-21,44,KCOIL,0,K,KCOIL_0_32-52,18.526,intra_mol
3266,15,KCOIL,0,K,KCOIL_0_1-21,26,KCOIL,0,G,linker,18.527,intra_mol
3267,5,KCOIL,0,L,KCOIL_0_1-21,37,KCOIL,0,K,KCOIL_0_32-52,18.529,intra_mol
3268,22,KCOIL,0,G,linker,35,KCOIL,0,A,KCOIL_0_32-52,18.533,intra_mol
3269,29,ECOIL,0,G,linker,14,KCOIL,0,E,KCOIL_0_1-21,18.536,inter_mol
3270,7,KCOIL,0,E,KCOIL_0_1-21,48,KCOIL,0,A,KCOIL_0_32-52,18.540,intra_mol
3271,22,ECOIL,0,G,linker,40,KCOIL,0,I,KCOIL_0_32-52,18.543,inter_mol
3272,11,KCOIL,0,A,KCOIL_0_1-21,38,KCOIL,0,E,KCOIL_0_32-52,18.548,intra_mol
3273,7,KCOIL,0,E,KCOIL_0_1-21,36,KCOIL,0,L,KCOIL_0_32-52,18.549,intra_mol
3274,22,ECOIL,0,G,linker,38,KCOIL,0,E,KCOIL_0_32-52,18.557,inter_mol
3275,5,ECOIL,0,L,ECOIL_0_1-21,14,KCOIL,0,E,KCOIL_0_1-21,18.565,inter_mol
3276,21,KCOIL,0,E,KCOIL_0_1-21,32,KCOIL,0,K,KCOIL_0_32-52,18.566,intra_mol
3277,1,KCOIL,0,K,KCOIL_0_1-21,42,KCOIL,0,A,KCOIL_0_32-52,18.567,intra_mol
3278,10,ECOIL,0,A,ECOIL_0_1-21,51,ECOIL,0,E,ECOIL_0_32-52,18.567,intra_mol
3279,14,KCOIL,0,E,KCOIL_0_1-21,44,KCOIL,0,K,KCOIL_0_32-52,18.568,intra_mol
3280,2,ECOIL,0,I,ECOIL_0_1-21,39,ECOIL,0,E,ECOIL_0_32-52,18.568,intra_mol
3281,7,ECOIL,0,K,ECOIL_0_1-21,36,ECOIL,0,L,ECOIL_0_32-52,18.569,intra_mol
3282,21,ECOIL,0,K,ECOIL_0_1-21,10,KCOIL,0,A,KCOIL_0_1-21,18.575,inter_mol
3283,38,ECOIL,0,K,ECOIL_0_32-52,22,KCOIL,0,G,linker,18.579,inter_mol
3284,20,ECOIL,0,E,ECOIL_0_1-21,7,KCOIL,0,E,KCOIL_0_1-21,18.582,inter_mol
3285,30,ECOIL,0,G,linker,15,KCOIL,0,K,KCOIL_0_1-21,18.582,inter_mol
3286,29,ECOIL,0,G,linker,12,KCOIL,0,L,KCOIL_0_1-21,18.583,inter_mol
3287,35,ECOIL,0,A,ECOIL_0_32-52,8,KCOIL,0,K,KCOIL_0_1-21,18.583,inter_mol
3288,8,KCOIL,0,K,KCOIL_0_1-21,33,KCOIL,0,I,KCOIL_0_32-52,18.585,intra_mol
3289,33,ECOIL,0,I,ECOIL_0_32-52,8,KCOIL,0,K,KCOIL_0_1-21,18.606,inter_mol
3290,6,KCOIL,0,K,KCOIL_0_1-21,36,KCOIL,0,L,KCOIL_0_32-52,18.612,intra_mol
3291,8,ECOIL,0,E,ECOIL_0_1-21,20,ECOIL,0,E,ECOIL_0_1-21,18.615,intra_mol
3292,3,KCOIL,0,A,KCOIL_0_1-21,42,KCOIL,0,A,KCOIL_0_32-52,18.616,intra_mol
3293,17,KCOIL,0,A,KCOIL_0_1-21,27,KCOIL,0,G,linker,18.618,intra_mol
3294,9,ECOIL,0,I,ECOIL_0_1-21,32,ECOIL,0,E,ECOIL_0_32-52,18.621,intra_mol
3295,21,ECOIL,0,K,ECOIL_0_1-21,37,KCOIL,0,K,KCOIL_0_32-52,18.633,inter_mol
3296,40,ECOIL,0,I,ECOIL_0_32-52,1,KCOIL,0,K,KCOIL_0_1-21,18.633,inter_mol
3297,36,KCOIL,0,L,KCOIL_0_32-52,48,KCOIL,0,A,KCOIL_0_32-52,18.636,intra_mol
3298,16,KCOIL,0,I,KCOIL_0_1-21,47,KCOIL,0,I,KCOIL_0_32-52,18.642,intra_mol
3299,15,ECOIL,0,E,ECOIL_0_1-21,4,KCOIL,0,A,KCOIL_0_1-21,18.660,inter_mol
3300,10,KCOIL,0,A,KCOIL_0_1-21,51,KCOIL,0,K,KCOIL_0_32-52,18.660,intra_mol
3301,26,ECOIL,0,G,linker,40,KCOIL,0,I,KCOIL_0_32-52,18.668,inter_mol
3302,5,KCOIL,0,L,KCOIL_0_1-21,38,KCOIL,0,E,KCOIL_0_32-52,18.673,intra_mol
3303,45,ECOIL,0,K,ECOIL_0_32-52,39,KCOIL,0,K,KCOIL_0_32-52,18.676,inter_mol
3304,15,ECOIL,0,E,ECOIL_0_1-21,21,KCOIL,0,E,KCOIL_0_1-21,18.678,inter_mol
3305,1,ECOIL,0,E,ECOIL_0_1-21,40,ECOIL,0,I,ECOIL_0_32-52,18.680,intra_mol
3306,6,ECOIL,0,E,ECOIL_0_1-21,52,KCOIL,0,E,KCOIL_0_32-52,18.685,inter_mol
3307,12,KCOIL,0,L,KCOIL_0_1-21,50,KCOIL,0,L,KCOIL_0_32-52,18.686,intra_mol
3308,9,ECOIL,0,I,ECOIL_0_1-21,21,ECOIL,0,K,ECOIL_0_1-21,18.690,intra_mol
3309,27,ECOIL,0,G,linker,10,KCOIL,0,A,KCOIL_0_1-21,18.724,inter_mol
3310,9,ECOIL,0,I,ECOIL_0_1-21,31,KCOIL,0,G,linker,18.725,inter_mol
3311,14,KCOIL,0,E,KCOIL_0_1-21,35,KCOIL,0,A,KCOIL_0_32-52,18.729,intra_mol
3312,33,KCOIL,0,I,KCOIL_0_32-52,45,KCOIL,0,E,KCOIL_0_32-52,18.731,intra_mol
3313,17,KCOIL,0,A,KCOIL_0_1-21,41,KCOIL,0,A,KCOIL_0_32-52,18.737,intra_mol
3314,17,ECOIL,0,A,ECOIL_0_1-21,44,ECOIL,0,E,ECOIL_0_32-52,18.747,intra_mol
3315,40,KCOIL,0,I,KCOIL_0_32-52,52,KCOIL,0,E,KCOIL_0_32-52,18.754,intra_mol
3316,14,ECOIL,0,K,ECOIL_0_1-21,20,KCOIL,0,K,KCOIL_0_1-21,18.758,inter_mol
3317,6,ECOIL,0,E,ECOIL_0_1-21,16,KCOIL,0,I,KCOIL_0_1-21,18.764,inter_mol
3318,31,KCOIL,0,G,linker,43,KCOIL,0,L,KCOIL_0_32-52,18.764,intra_mol
3319,32,KCOIL,0,K,KCOIL_0_32-52,44,KCOIL,0,K,KCOIL_0_32-52,18.769,intra_mol
3320,52,ECOIL,0,K,ECOIL_0_32-52,46,KCOIL,0,K,KCOIL_0_32-52,18.779,inter_mol
3321,13,ECOIL,0,E,ECOIL_0_1-21,48,ECOIL,0,A,ECOIL_0_32-52,18.795,intra_mol
3322,14,ECOIL,0,K,ECOIL_0_1-21,27,KCOIL,0,G,linker,18.805,inter_mol
3323,39,ECOIL,0,E,ECOIL_0_32-52,21,KCOIL,0,E,KCOIL_0_1-21,18.806,inter_mol
3324,51,ECOIL,0,E,ECOIL_0_32-52,40,KCOIL,0,I,KCOIL_0_32-52,18.815,inter_mol
3325,25,ECOIL,0,G,linker,39,KCOIL,0,K,KCOIL_0_32-52,18.816,inter_mol
3326,2,KCOIL,0,I,KCOIL_0_1-21,39,KCOIL,0,K,KCOIL_0_32-52,18.820,intra_mol
3327,15,KCOIL,0,K,KCOIL_0_1-21,27,KCOIL,0,G,linker,18.823,intra_mol
3328,28,ECOIL,0,S,linker,32,KCOIL,0,K,KCOIL_0_32-52,18.827,inter_mol
3329,1,ECOIL,0,E,ECOIL_0_1-21,38,KCOIL,0,E,KCOIL_0_32-52,18.838,inter_mol
3330,39,ECOIL,0,E,ECOIL_0_32-52,51,ECOIL,0,E,ECOIL_0_32-52,18.840,intra_mol
3331,3,ECOIL,0,A,ECOIL_0_1-21,36,KCOIL,0,L,KCOIL_0_32-52,18.841,inter_mol
3332,7,KCOIL,0,E,KCOIL_0_1-21,42,KCOIL,0,A,KCOIL_0_32-52,18.842,intra_mol
3333,23,KCOIL,0,G,linker,40,KCOIL,0,I,KCOIL_0_32-52,18.845,intra_mol
3334,20,ECOIL,0,E,ECOIL_0_1-21,43,ECOIL,0,L,ECOIL_0_32-52,18.848,intra_mol
3335,19,KCOIL,0,L,KCOIL_0_1-21,43,KCOIL,0,L,KCOIL_0_32-52,18.848,intra_mol
3336,22,ECOIL,0,G,linker,40,ECOIL,0,I,ECOIL_0_32-52,18.856,intra_mol
3337,16,ECOIL,0,I,ECOIL_0_1-21,47,KCOIL,0,I,KCOIL_0_32-52,18.858,inter_mol
3338,17,ECOIL,0,A,ECOIL_0_1-21,28,ECOIL,0,S,linker,18.859,intra_mol
3339,18,ECOIL,0,A,ECOIL_0_1-21,42,KCOIL,0,A,KCOIL_0_32-52,18.861,inter_mol
3340,52,ECOIL,0,K,ECOIL_0_32-52,13,KCOIL,0,K,KCOIL_0_1-21,18.864,inter_mol
3341,23,ECOIL,0,G,linker,40,ECOIL,0,I,ECOIL_0_32-52,18.871,intra_mol
3342,13,KCOIL,0,K,KCOIL_0_1-21,48,KCOIL,0,A,KCOIL_0_32-52,18.874,intra_mol
3343,15,ECOIL,0,E,ECOIL_0_1-21,47,KCOIL,0,I,KCOIL_0_32-52,18.877,inter_mol
3344,13,ECOIL,0,E,ECOIL_0_1-21,25,ECOIL,0,G,linker,18.878,intra_mol
3345,35,ECOIL,0,A,ECOIL_0_32-52,48,KCOIL,0,A,KCOIL_0_32-52,18.881,inter_mol
3346,18,ECOIL,0,A,ECOIL_0_1-21,28,ECOIL,0,S,linker,18.884,intra_mol
3347,22,ECOIL,0,G,linker,30,ECOIL,0,G,linker,18.884,intra_mol
3348,31,ECOIL,0,G,linker,9,KCOIL,0,I,KCOIL_0_1-21,18.896,inter_mol
3349,12,ECOIL,0,L,ECOIL_0_1-21,29,KCOIL,0,G,linker,18.903,inter_mol
3350,14,ECOIL,0,K,ECOIL_0_1-21,44,KCOIL,0,K,KCOIL_0_32-52,18.904,inter_mol
3351,6,KCOIL,0,K,KCOIL_0_1-21,52,KCOIL,0,E,KCOIL_0_32-52,18.907,intra_mol
3352,39,ECOIL,0,E,ECOIL_0_32-52,52,KCOIL,0,E,KCOIL_0_32-52,18.907,inter_mol
3353,44,ECOIL,0,E,ECOIL_0_32-52,38,KCOIL,0,E,KCOIL_0_32-52,18.911,inter_mol
3354,35,ECOIL,0,A,ECOIL_0_32-52,46,KCOIL,0,K,KCOIL_0_32-52,18.912,inter_mol
3355,28,KCOIL,0,S,linker,38,KCOIL,0,E,KCOIL_0_32-52,18.925,intra_mol
3356,7,ECOIL,0,K,ECOIL_0_1-21,13,KCOIL,0,K,KCOIL_0_1-21,18.925,inter_mol
3357,17,ECOIL,0,A,ECOIL_0_1-21,4,KCOIL,0,A,KCOIL_0_1-21,18.926,inter_mol
3358,3,KCOIL,0,A,KCOIL_0_1-21,52,KCOIL,0,E,KCOIL_0_32-52,18.933,intra_mol
3359,12,KCOIL,0,L,KCOIL_0_1-21,24,KCOIL,0,S,linker,18.933,intra_mol
3360,23,ECOIL,0,G,linker,11,KCOIL,0,A,KCOIL_0_1-21,18.933,inter_mol
3361,4,KCOIL,0,A,KCOIL_0_1-21,36,KCOIL,0,L,KCOIL_0_32-52,18.935,intra_mol
3362,39,ECOIL,0,E,ECOIL_0_32-52,3,KCOIL,0,A,KCOIL_0_1-21,18.950,inter_mol
3363,29,ECOIL,0,G,linker,35,KCOIL,0,A,KCOIL_0_32-52,18.954,inter_mol
3364,21,ECOIL,0,K,ECOIL_0_1-21,37,ECOIL,0,E,ECOIL_0_32-52,18.958,intra_mol
3365,42,ECOIL,0,A,ECOIL_0_32-52,1,KCOIL,0,K,KCOIL_0_1-21,18.963,inter_mol
3366,6,ECOIL,0,E,ECOIL_0_1-21,52,ECOIL,0,K,ECOIL_0_32-52,18.964,intra_mol
3367,12,ECOIL,0,L,ECOIL_0_1-21,30,ECOIL,0,G,linker,18.967,intra_mol
3368,9,ECOIL,0,I,ECOIL_0_1-21,20,KCOIL,0,K,KCOIL_0_1-21,18.972,inter_mol
3369,13,ECOIL,0,E,ECOIL_0_1-21,45,ECOIL,0,K,ECOIL_0_32-52,18.979,intra_mol
3370,16,ECOIL,0,I,ECOIL_0_1-21,46,KCOIL,0,K,KCOIL_0_32-52,18.980,inter_mol
3371,31,ECOIL,0,G,linker,42,KCOIL,0,A,KCOIL_0_32-52,18.982,inter_mol
3372,17,ECOIL,0,A,ECOIL_0_1-21,38,ECOIL,0,K,ECOIL_0_32-52,18.982,intra_mol
3373,6,ECOIL,0,E,ECOIL_0_1-21,36,ECOIL,0,L,ECOIL_0_32-52,18.983,intra_mol
3374,5,ECOIL,0,L,ECOIL_0_1-21,34,KCOIL,0,A,KCOIL_0_32-52,18.984,inter_mol
3375,14,ECOIL,0,K,ECOIL_0_1-21,6,KCOIL,0,K,KCOIL_0_1-21,18.985,inter_mol
3376,10,ECOIL,0,A,ECOIL_0_1-21,45,ECOIL,0,K,ECOIL_0_32-52,18.986,intra_mol
3377,13,ECOIL,0,E,ECOIL_0_1-21,45,KCOIL,0,E,KCOIL_0_32-52,18.991,inter_mol
3378,36,ECOIL,0,L,ECOIL_0_32-52,28,KCOIL,0,S,linker,18.992,inter_mol
3379,23,ECOIL,0,G,linker,13,KCOIL,0,K,KCOIL_0_1-21,19.000,inter_mol
3380,11,ECOIL,0,A,ECOIL_0_1-21,49,KCOIL,0,A,KCOIL_0_32-52,19.001,inter_mol
3381,28,ECOIL,0,S,linker,31,KCOIL,0,G,linker,19.002,inter_mol
3382,17,KCOIL,0,A,KCOIL_0_1-21,44,KCOIL,0,K,KCOIL_0_32-52,19.005,intra_mol
3383,37,ECOIL,0,E,ECOIL_0_32-52,26,KCOIL,0,G,linker,19.007,inter_mol
3384,45,ECOIL,0,K,ECOIL_0_32-52,15,KCOIL,0,K,KCOIL_0_1-21,19.015,inter_mol
3385,1,ECOIL,0,E,ECOIL_0_1-21,12,KCOIL,0,L,KCOIL_0_1-21,19.016,inter_mol
3386,7,ECOIL,0,K,ECOIL_0_1-21,51,ECOIL,0,E,ECOIL_0_32-52,19.017,intra_mol
3387,13,KCOIL,0,K,KCOIL_0_1-21,45,KCOIL,0,E,KCOIL_0_32-52,19.019,intra_mol
3388,5,ECOIL,0,L,ECOIL_0_1-21,37,ECOIL,0,E,ECOIL_0_32-52,19.027,intra_mol
3389,8,ECOIL,0,E,ECOIL_0_1-21,33,ECOIL,0,I,ECOIL_0_32-52,19.032,intra_mol
3390,5,KCOIL,0,L,KCOIL_0_1-21,17,KCOIL,0,A,KCOIL_0_1-21,19.035,intra_mol
3391,14,ECOIL,0,K,ECOIL_0_1-21,25,ECOIL,0,G,linker,19.037,intra_mol
3392,33,ECOIL,0,I,ECOIL_0_32-52,45,ECOIL,0,K,ECOIL_0_32-52,19.037,intra_mol
3393,10,KCOIL,0,A,KCOIL_0_1-21,23,KCOIL,0,G,linker,19.039,intra_mol
3394,51,ECOIL,0,E,ECOIL_0_32-52,14,KCOIL,0,E,KCOIL_0_1-21,19.047,inter_mol
3395,1,ECOIL,0,E,ECOIL_0_1-21,39,ECOIL,0,E,ECOIL_0_32-52,19.048,intra_mol
3396,21,ECOIL,0,K,ECOIL_0_1-21,34,ECOIL,0,A,ECOIL_0_32-52,19.050,intra_mol
3397,28,ECOIL,0,S,linker,30,KCOIL,0,G,linker,19.060,inter_mol
3398,9,ECOIL,0,I,ECOIL_0_1-21,52,ECOIL,0,K,ECOIL_0_32-52,19.065,intra_mol
3399,21,ECOIL,0,K,ECOIL_0_1-21,40,ECOIL,0,I,ECOIL_0_32-52,19.066,intra_mol
3400,12,ECOIL,0,L,ECOIL_0_1-21,21,KCOIL,0,E,KCOIL_0_1-21,19.087,inter_mol
3401,10,KCOIL,0,A,KCOIL_0_1-21,45,KCOIL,0,E,KCOIL_0_32-52,19.088,intra_mol
3402,14,KCOIL,0,E,KCOIL_0_1-21,41,KCOIL,0,A,KCOIL_0_32-52,19.093,intra_mol
3403,26,ECOIL,0,G,linker,41,ECOIL,0,A,ECOIL_0_32-52,19.099,intra_mol
3404,5,KCOIL,0,L,KCOIL_0_1-21,35,KCOIL,0,A,KCOIL_0_32-52,19.101,intra_mol
3405,13,ECOIL,0,E,ECOIL_0_1-21,27,ECOIL,0,G,linker,19.107,intra_mol
3406,5,ECOIL,0,L,ECOIL_0_1-21,17,ECOIL,0,A,ECOIL_0_1-21,19.115,intra_mol
3407,10,KCOIL,0,A,KCOIL_0_1-21,32,KCOIL,0,K,KCOIL_0_32-52,19.125,intra_mol
3408,36,ECOIL,0,L,ECOIL_0_32-52,48,ECOIL,0,A,ECOIL_0_32-52,19.135,intra_mol
3409,9,ECOIL,0,I,ECOIL_0_1-21,52,KCOIL,0,E,KCOIL_0_32-52,19.138,inter_mol
3410,27,ECOIL,0,G,linker,43,ECOIL,0,L,ECOIL_0_32-52,19.145,intra_mol
3411,13,KCOIL,0,K,KCOIL_0_1-21,46,KCOIL,0,K,KCOIL_0_32-52,19.150,intra_mol
3412,29,ECOIL,0,G,linker,31,KCOIL,0,G,linker,19.161,inter_mol
3413,10,ECOIL,0,A,ECOIL_0_1-21,38,ECOIL,0,K,ECOIL_0_32-52,19.162,intra_mol
3414,1,ECOIL,0,E,ECOIL_0_1-21,13,ECOIL,0,E,ECOIL_0_1-21,19.164,intra_mol
3415,7,ECOIL,0,K,ECOIL_0_1-21,48,ECOIL,0,A,ECOIL_0_32-52,19.164,intra_mol
3416,2,ECOIL,0,I,ECOIL_0_1-21,14,ECOIL,0,K,ECOIL_0_1-21,19.164,intra_mol
3417,8,KCOIL,0,K,KCOIL_0_1-21,20,KCOIL,0,K,KCOIL_0_1-21,19.165,intra_mol
3418,48,ECOIL,0,A,ECOIL_0_32-52,16,KCOIL,0,I,KCOIL_0_1-21,19.165,inter_mol
3419,37,ECOIL,0,E,ECOIL_0_32-52,30,KCOIL,0,G,linker,19.166,inter_mol
3420,20,KCOIL,0,K,KCOIL_0_1-21,39,KCOIL,0,K,KCOIL_0_32-52,19.171,intra_mol
3421,41,ECOIL,0,A,ECOIL_0_32-52,52,KCOIL,0,E,KCOIL_0_32-52,19.174,inter_mol
3422,7,ECOIL,0,K,ECOIL_0_1-21,16,KCOIL,0,I,KCOIL_0_1-21,19.174,inter_mol
3423,31,ECOIL,0,G,linker,43,KCOIL,0,L,KCOIL_0_32-52,19.176,inter_mol
3424,14,ECOIL,0,K,ECOIL_0_1-21,44,ECOIL,0,E,ECOIL_0_32-52,19.178,intra_mol
3425,27,ECOIL,0,G,linker,41,KCOIL,0,A,KCOIL_0_32-52,19.183,inter_mol
3426,8,ECOIL,0,E,ECOIL_0_1-21,32,ECOIL,0,E,ECOIL_0_32-52,19.192,intra_mol
3427,7,ECOIL,0,K,ECOIL_0_1-21,51,KCOIL,0,K,KCOIL_0_32-52,19.193,inter_mol
3428,34,ECOIL,0,A,ECOIL_0_32-52,45,KCOIL,0,E,KCOIL_0_32-52,19.199,inter_mol
3429,13,KCOIL,0,K,KCOIL_0_1-21,24,KCOIL,0,S,linker,19.202,intra_mol
3430,16,KCOIL,0,I,KCOIL_0_1-21,29,KCOIL,0,G,linker,19.206,intra_mol
3431,18,ECOIL,0,A,ECOIL_0_1-21,43,ECOIL,0,L,ECOIL_0_32-52,19.214,intra_mol
3432,31,ECOIL,0,G,linker,44,ECOIL,0,E,ECOIL_0_32-52,19.215,intra_mol
3433,27,ECOIL,0,G,linker,9,KCOIL,0,I,KCOIL_0_1-21,19.221,inter_mol
3434,22,ECOIL,0,G,linker,29,ECOIL,0,G,linker,19.224,intra_mol
3435,1,KCOIL,0,K,KCOIL_0_1-21,40,KCOIL,0,I,KCOIL_0_32-52,19.225,intra_mol
3436,31,ECOIL,0,G,linker,11,KCOIL,0,A,KCOIL_0_1-21,19.226,inter_mol
3437,21,KCOIL,0,E,KCOIL_0_1-21,37,KCOIL,0,K,KCOIL_0_32-52,19.229,intra_mol
3438,20,ECOIL,0,E,ECOIL_0_1-21,44,ECOIL,0,E,ECOIL_0_32-52,19.234,intra_mol
3439,14,ECOIL,0,K,ECOIL_0_1-21,41,ECOIL,0,A,ECOIL_0_32-52,19.237,intra_mol
3440,6,KCOIL,0,K,KCOIL_0_1-21,18,KCOIL,0,A,KCOIL_0_1-21,19.243,intra_mol
3441,5,ECOIL,0,L,ECOIL_0_1-21,35,ECOIL,0,A,ECOIL_0_32-52,19.245,intra_mol
3442,29,ECOIL,0,G,linker,43,ECOIL,0,L,ECOIL_0_32-52,19.252,intra_mol
3443,21,ECOIL,0,K,ECOIL_0_1-21,40,KCOIL,0,I,KCOIL_0_32-52,19.254,inter_mol
3444,7,KCOIL,0,E,KCOIL_0_1-21,41,KCOIL,0,A,KCOIL_0_32-52,19.254,intra_mol
3445,7,ECOIL,0,K,ECOIL_0_1-21,41,ECOIL,0,A,ECOIL_0_32-52,19.264,intra_mol
3446,7,ECOIL,0,K,ECOIL_0_1-21,19,ECOIL,0,L,ECOIL_0_1-21,19.264,intra_mol
3447,32,ECOIL,0,E,ECOIL_0_32-52,10,KCOIL,0,A,KCOIL_0_1-21,19.283,inter_mol
3448,3,ECOIL,0,A,ECOIL_0_1-21,38,KCOIL,0,E,KCOIL_0_32-52,19.284,inter_mol
3449,44,ECOIL,0,E,ECOIL_0_32-52,33,KCOIL,0,I,KCOIL_0_32-52,19.288,inter_mol
3450,19,ECOIL,0,L,ECOIL_0_1-21,42,ECOIL,0,A,ECOIL_0_32-52,19.291,intra_mol
3451,2,ECOIL,0,I,ECOIL_0_1-21,13,KCOIL,0,K,KCOIL_0_1-21,19.308,inter_mol
3452,51,ECOIL,0,E,ECOIL_0_32-52,42,KCOIL,0,A,KCOIL_0_32-52,19.321,inter_mol
3453,29,ECOIL,0,G,linker,32,KCOIL,0,K,KCOIL_0_32-52,19.327,inter_mol
3454,38,ECOIL,0,K,ECOIL_0_32-52,50,ECOIL,0,L,ECOIL_0_32-52,19.330,intra_mol
3455,30,ECOIL,0,G,linker,39,KCOIL,0,K,KCOIL_0_32-52,19.330,inter_mol
3456,37,ECOIL,0,E,ECOIL_0_32-52,49,ECOIL,0,A,ECOIL_0_32-52,19.331,intra_mol
3457,3,ECOIL,0,A,ECOIL_0_1-21,52,ECOIL,0,K,ECOIL_0_32-52,19.334,intra_mol
3458,32,ECOIL,0,E,ECOIL_0_32-52,45,KCOIL,0,E,KCOIL_0_32-52,19.336,inter_mol
3459,47,ECOIL,0,I,ECOIL_0_32-52,17,KCOIL,0,A,KCOIL_0_1-21,19.339,inter_mol
3460,6,ECOIL,0,E,ECOIL_0_1-21,37,KCOIL,0,K,KCOIL_0_32-52,19.339,inter_mol
3461,3,KCOIL,0,A,KCOIL_0_1-21,45,KCOIL,0,E,KCOIL_0_32-52,19.342,intra_mol
3462,20,KCOIL,0,K,KCOIL_0_1-21,38,KCOIL,0,E,KCOIL_0_32-52,19.345,intra_mol
3463,47,ECOIL,0,I,ECOIL_0_32-52,38,KCOIL,0,E,KCOIL_0_32-52,19.345,inter_mol
3464,16,ECOIL,0,I,ECOIL_0_1-21,45,KCOIL,0,E,KCOIL_0_32-52,19.350,inter_mol
3465,17,KCOIL,0,A,KCOIL_0_1-21,38,KCOIL,0,E,KCOIL_0_32-52,19.354,intra_mol
3466,11,ECOIL,0,A,ECOIL_0_1-21,20,KCOIL,0,K,KCOIL_0_1-21,19.361,inter_mol
3467,20,KCOIL,0,K,KCOIL_0_1-21,41,KCOIL,0,A,KCOIL_0_32-52,19.370,intra_mol
3468,35,ECOIL,0,A,ECOIL_0_32-52,29,KCOIL,0,G,linker,19.374,inter_mol
3469,30,KCOIL,0,G,linker,41,KCOIL,0,A,KCOIL_0_32-52,19.379,intra_mol
3470,15,ECOIL,0,E,ECOIL_0_1-21,30,ECOIL,0,G,linker,19.382,intra_mol
3471,3,ECOIL,0,A,ECOIL_0_1-21,45,ECOIL,0,K,ECOIL_0_32-52,19.385,intra_mol
3472,14,KCOIL,0,E,KCOIL_0_1-21,34,KCOIL,0,A,KCOIL_0_32-52,19.397,intra_mol
3473,35,ECOIL,0,A,ECOIL_0_32-52,6,KCOIL,0,K,KCOIL_0_1-21,19.399,inter_mol
3474,29,ECOIL,0,G,linker,41,KCOIL,0,A,KCOIL_0_32-52,19.405,inter_mol
3475,12,ECOIL,0,L,ECOIL_0_1-21,26,ECOIL,0,G,linker,19.405,intra_mol
3476,26,ECOIL,0,G,linker,38,KCOIL,0,E,KCOIL_0_32-52,19.406,inter_mol
3477,4,ECOIL,0,A,ECOIL_0_1-21,36,ECOIL,0,L,ECOIL_0_32-52,19.418,intra_mol
3478,38,ECOIL,0,K,ECOIL_0_32-52,31,KCOIL,0,G,linker,19.420,inter_mol
3479,1,KCOIL,0,K,KCOIL_0_1-21,45,KCOIL,0,E,KCOIL_0_32-52,19.422,intra_mol
3480,30,ECOIL,0,G,linker,14,KCOIL,0,E,KCOIL_0_1-21,19.429,inter_mol
3481,10,KCOIL,0,A,KCOIL_0_1-21,38,KCOIL,0,E,KCOIL_0_32-52,19.438,intra_mol
3482,28,ECOIL,0,S,linker,11,KCOIL,0,A,KCOIL_0_1-21,19.438,inter_mol
3483,37,ECOIL,0,E,ECOIL_0_32-52,48,KCOIL,0,A,KCOIL_0_32-52,19.441,inter_mol
3484,29,ECOIL,0,G,linker,38,KCOIL,0,E,KCOIL_0_32-52,19.443,inter_mol
3485,39,KCOIL,0,K,KCOIL_0_32-52,51,KCOIL,0,K,KCOIL_0_32-52,19.448,intra_mol
3486,27,KCOIL,0,G,linker,39,KCOIL,0,K,KCOIL_0_32-52,19.453,intra_mol
3487,30,ECOIL,0,G,linker,28,KCOIL,0,S,linker,19.454,inter_mol
3488,8,ECOIL,0,E,ECOIL_0_1-21,19,KCOIL,0,L,KCOIL_0_1-21,19.457,inter_mol
3489,10,ECOIL,0,A,ECOIL_0_1-21,30,KCOIL,0,G,linker,19.457,inter_mol
3490,9,KCOIL,0,I,KCOIL_0_1-21,52,KCOIL,0,E,KCOIL_0_32-52,19.459,intra_mol
3491,11,ECOIL,0,A,ECOIL_0_1-21,29,KCOIL,0,G,linker,19.465,inter_mol
3492,28,ECOIL,0,S,linker,35,KCOIL,0,A,KCOIL_0_32-52,19.466,inter_mol
3493,20,ECOIL,0,E,ECOIL_0_1-21,43,KCOIL,0,L,KCOIL_0_32-52,19.470,inter_mol
3494,44,ECOIL,0,E,ECOIL_0_32-52,21,KCOIL,0,E,KCOIL_0_1-21,19.472,inter_mol
3495,12,ECOIL,0,L,ECOIL_0_1-21,27,KCOIL,0,G,linker,19.472,inter_mol
3496,39,ECOIL,0,E,ECOIL_0_32-52,30,KCOIL,0,G,linker,19.476,inter_mol
3497,14,KCOIL,0,E,KCOIL_0_1-21,47,KCOIL,0,I,KCOIL_0_32-52,19.486,intra_mol
3498,8,KCOIL,0,K,KCOIL_0_1-21,34,KCOIL,0,A,KCOIL_0_32-52,19.488,intra_mol
3499,27,ECOIL,0,G,linker,39,KCOIL,0,K,KCOIL_0_32-52,19.497,inter_mol
3500,4,ECOIL,0,A,ECOIL_0_1-21,13,KCOIL,0,K,KCOIL_0_1-21,19.505,inter_mol
3501,7,ECOIL,0,K,ECOIL_0_1-21,14,KCOIL,0,E,KCOIL_0_1-21,19.506,inter_mol
3502,14,ECOIL,0,K,ECOIL_0_1-21,34,ECOIL,0,A,ECOIL_0_32-52,19.506,intra_mol
3503,16,ECOIL,0,I,ECOIL_0_1-21,46,ECOIL,0,E,ECOIL_0_32-52,19.510,intra_mol
3504,3,KCOIL,0,A,KCOIL_0_1-21,41,KCOIL,0,A,KCOIL_0_32-52,19.512,intra_mol
3505,26,KCOIL,0,G,linker,38,KCOIL,0,E,KCOIL_0_32-52,19.513,intra_mol
3506,23,ECOIL,0,G,linker,39,ECOIL,0,E,ECOIL_0_32-52,19.518,intra_mol
3507,41,ECOIL,0,A,ECOIL_0_32-52,23,KCOIL,0,G,linker,19.522,inter_mol
3508,3,ECOIL,0,A,ECOIL_0_1-21,39,ECOIL,0,E,ECOIL_0_32-52,19.531,intra_mol
3509,12,ECOIL,0,L,ECOIL_0_1-21,49,ECOIL,0,A,ECOIL_0_32-52,19.535,intra_mol
3510,44,ECOIL,0,E,ECOIL_0_32-52,35,KCOIL,0,A,KCOIL_0_32-52,19.543,inter_mol
3511,25,ECOIL,0,G,linker,11,KCOIL,0,A,KCOIL_0_1-21,19.553,inter_mol
3512,32,ECOIL,0,E,ECOIL_0_32-52,44,ECOIL,0,E,ECOIL_0_32-52,19.556,intra_mol
3513,25,ECOIL,0,G,linker,41,ECOIL,0,A,ECOIL_0_32-52,19.557,intra_mol
3514,31,ECOIL,0,G,linker,10,KCOIL,0,A,KCOIL_0_1-21,19.559,inter_mol
3515,12,ECOIL,0,L,ECOIL_0_1-21,51,KCOIL,0,K,KCOIL_0_32-52,19.565,inter_mol
3516,10,KCOIL,0,A,KCOIL_0_1-21,34,KCOIL,0,A,KCOIL_0_32-52,19.571,intra_mol
3517,21,KCOIL,0,E,KCOIL_0_1-21,30,KCOIL,0,G,linker,19.575,intra_mol
3518,34,ECOIL,0,A,ECOIL_0_32-52,8,KCOIL,0,K,KCOIL_0_1-21,19.575,inter_mol
3519,28,ECOIL,0,S,linker,10,KCOIL,0,A,KCOIL_0_1-21,19.575,inter_mol
3520,39,ECOIL,0,E,ECOIL_0_32-52,22,KCOIL,0,G,linker,19.579,inter_mol
3521,45,ECOIL,0,K,ECOIL_0_32-52,20,KCOIL,0,K,KCOIL_0_1-21,19.579,inter_mol
3522,35,ECOIL,0,A,ECOIL_0_32-52,5,KCOIL,0,L,KCOIL_0_1-21,19.584,inter_mol
3523,16,ECOIL,0,I,ECOIL_0_1-21,45,ECOIL,0,K,ECOIL_0_32-52,19.602,intra_mol
3524,19,ECOIL,0,L,ECOIL_0_1-21,44,KCOIL,0,K,KCOIL_0_32-52,19.605,inter_mol
3525,14,ECOIL,0,K,ECOIL_0_1-21,25,KCOIL,0,G,linker,19.612,inter_mol
3526,10,ECOIL,0,A,ECOIL_0_1-21,32,ECOIL,0,E,ECOIL_0_32-52,19.613,intra_mol
3527,7,ECOIL,0,K,ECOIL_0_1-21,33,KCOIL,0,I,KCOIL_0_32-52,19.614,inter_mol
3528,41,ECOIL,0,A,ECOIL_0_32-52,32,KCOIL,0,K,KCOIL_0_32-52,19.617,inter_mol
3529,3,ECOIL,0,A,ECOIL_0_1-21,41,ECOIL,0,A,ECOIL_0_32-52,19.619,intra_mol
3530,1,KCOIL,0,K,KCOIL_0_1-21,13,KCOIL,0,K,KCOIL_0_1-21,19.621,intra_mol
3531,10,ECOIL,0,A,ECOIL_0_1-21,34,ECOIL,0,A,ECOIL_0_32-52,19.632,intra_mol
3532,17,ECOIL,0,A,ECOIL_0_1-21,6,KCOIL,0,K,KCOIL_0_1-21,19.635,inter_mol
3533,3,KCOIL,0,A,KCOIL_0_1-21,16,KCOIL,0,I,KCOIL_0_1-21,19.637,intra_mol
3534,16,KCOIL,0,I,KCOIL_0_1-21,45,KCOIL,0,E,KCOIL_0_32-52,19.639,intra_mol
3535,18,ECOIL,0,A,ECOIL_0_1-21,30,ECOIL,0,G,linker,19.651,intra_mol
3536,7,KCOIL,0,E,KCOIL_0_1-21,49,KCOIL,0,A,KCOIL_0_32-52,19.651,intra_mol
3537,6,ECOIL,0,E,ECOIL_0_1-21,18,ECOIL,0,A,ECOIL_0_1-21,19.657,intra_mol
3538,4,KCOIL,0,A,KCOIL_0_1-21,52,KCOIL,0,E,KCOIL_0_32-52,19.658,intra_mol
3539,50,ECOIL,0,L,ECOIL_0_32-52,39,KCOIL,0,K,KCOIL_0_32-52,19.662,inter_mol
3540,12,KCOIL,0,L,KCOIL_0_1-21,51,KCOIL,0,K,KCOIL_0_32-52,19.676,intra_mol
3541,13,ECOIL,0,E,ECOIL_0_1-21,31,ECOIL,0,G,linker,19.677,intra_mol
3542,41,ECOIL,0,A,ECOIL_0_32-52,1,KCOIL,0,K,KCOIL_0_1-21,19.681,inter_mol
3543,13,KCOIL,0,K,KCOIL_0_1-21,51,KCOIL,0,K,KCOIL_0_32-52,19.683,intra_mol
3544,14,ECOIL,0,K,ECOIL_0_1-21,24,KCOIL,0,S,linker,19.696,inter_mol
3545,21,ECOIL,0,K,ECOIL_0_1-21,31,ECOIL,0,G,linker,19.696,intra_mol
3546,30,ECOIL,0,G,linker,44,ECOIL,0,E,ECOIL_0_32-52,19.706,intra_mol
3547,12,ECOIL,0,L,ECOIL_0_1-21,51,ECOIL,0,E,ECOIL_0_32-52,19.709,intra_mol
3548,7,KCOIL,0,E,KCOIL_0_1-21,19,KCOIL,0,L,KCOIL_0_1-21,19.716,intra_mol
3549,17,ECOIL,0,A,ECOIL_0_1-21,42,ECOIL,0,A,ECOIL_0_32-52,19.726,intra_mol
3550,3,KCOIL,0,A,KCOIL_0_1-21,39,KCOIL,0,K,KCOIL_0_32-52,19.728,intra_mol
3551,29,ECOIL,0,G,linker,30,KCOIL,0,G,linker,19.731,inter_mol
3552,36,ECOIL,0,L,ECOIL_0_32-52,4,KCOIL,0,A,KCOIL_0_1-21,19.736,inter_mol
3553,38,ECOIL,0,K,ECOIL_0_32-52,7,KCOIL,0,E,KCOIL_0_1-21,19.738,inter_mol
3554,13,ECOIL,0,E,ECOIL_0_1-21,24,KCOIL,0,S,linker,19.741,inter_mol
3555,27,ECOIL,0,G,linker,44,ECOIL,0,E,ECOIL_0_32-52,19.749,intra_mol
3556,29,ECOIL,0,G,linker,44,ECOIL,0,E,ECOIL_0_32-52,19.759,intra_mol
3557,14,ECOIL,0,K,ECOIL_0_1-21,3,KCOIL,0,A,KCOIL_0_1-21,19.765,inter_mol
3558,14,ECOIL,0,K,ECOIL_0_1-21,47,KCOIL,0,I,KCOIL_0_32-52,19.766,inter_mol
3559,21,ECOIL,0,K,ECOIL_0_1-21,9,KCOIL,0,I,KCOIL_0_1-21,19.768,inter_mol
3560,16,ECOIL,0,I,ECOIL_0_1-21,3,KCOIL,0,A,KCOIL_0_1-21,19.774,inter_mol
3561,3,ECOIL,0,A,ECOIL_0_1-21,16,ECOIL,0,I,ECOIL_0_1-21,19.775,intra_mol
3562,15,ECOIL,0,E,ECOIL_0_1-21,47,ECOIL,0,I,ECOIL_0_32-52,19.776,intra_mol
3563,1,KCOIL,0,K,KCOIL_0_1-21,39,KCOIL,0,K,KCOIL_0_32-52,19.783,intra_mol
3564,8,ECOIL,0,E,ECOIL_0_1-21,34,ECOIL,0,A,ECOIL_0_32-52,19.785,intra_mol
3565,22,KCOIL,0,G,linker,40,KCOIL,0,I,KCOIL_0_32-52,19.789,intra_mol
3566,18,ECOIL,0,A,ECOIL_0_1-21,38,ECOIL,0,K,ECOIL_0_32-52,19.791,intra_mol
3567,21,ECOIL,0,K,ECOIL_0_1-21,35,ECOIL,0,A,ECOIL_0_32-52,19.791,intra_mol
3568,19,ECOIL,0,L,ECOIL_0_1-21,44,ECOIL,0,E,ECOIL_0_32-52,19.791,intra_mol
3569,18,KCOIL,0,A,KCOIL_0_1-21,29,KCOIL,0,G,linker,19.795,intra_mol
3570,11,ECOIL,0,A,ECOIL_0_1-21,50,ECOIL,0,L,ECOIL_0_32-52,19.796,intra_mol
3571,34,ECOIL,0,A,ECOIL_0_32-52,29,KCOIL,0,G,linker,19.796,inter_mol
3572,37,ECOIL,0,E,ECOIL_0_32-52,27,KCOIL,0,G,linker,19.800,inter_mol
3573,51,ECOIL,0,E,ECOIL_0_32-52,41,KCOIL,0,A,KCOIL_0_32-52,19.807,inter_mol
3574,52,ECOIL,0,K,ECOIL_0_32-52,45,KCOIL,0,E,KCOIL_0_32-52,19.816,inter_mol
3575,41,ECOIL,0,A,ECOIL_0_32-52,22,KCOIL,0,G,linker,19.820,inter_mol
3576,12,KCOIL,0,L,KCOIL_0_1-21,49,KCOIL,0,A,KCOIL_0_32-52,19.826,intra_mol
3577,13,ECOIL,0,E,ECOIL_0_1-21,51,ECOIL,0,E,ECOIL_0_32-52,19.828,intra_mol
3578,14,ECOIL,0,K,ECOIL_0_1-21,47,ECOIL,0,I,ECOIL_0_32-52,19.829,intra_mol
3579,18,ECOIL,0,A,ECOIL_0_1-21,41,ECOIL,0,A,ECOIL_0_32-52,19.830,intra_mol
3580,15,ECOIL,0,E,ECOIL_0_1-21,6,KCOIL,0,K,KCOIL_0_1-21,19.832,inter_mol
3581,34,KCOIL,0,A,KCOIL_0_32-52,47,KCOIL,0,I,KCOIL_0_32-52,19.847,intra_mol
3582,1,ECOIL,0,E,ECOIL_0_1-21,41,ECOIL,0,A,ECOIL_0_32-52,19.847,intra_mol
3583,37,ECOIL,0,E,ECOIL_0_32-52,4,KCOIL,0,A,KCOIL_0_1-21,19.856,inter_mol
3584,10,ECOIL,0,A,ECOIL_0_1-21,49,ECOIL,0,A,ECOIL_0_32-52,19.857,intra_mol
3585,37,KCOIL,0,K,KCOIL_0_32-52,49,KCOIL,0,A,KCOIL_0_32-52,19.860,intra_mol
3586,14,ECOIL,0,K,ECOIL_0_1-21,1,KCOIL,0,K,KCOIL_0_1-21,19.860,inter_mol
3587,46,ECOIL,0,E,ECOIL_0_32-52,15,KCOIL,0,K,KCOIL_0_1-21,19.863,inter_mol
3588,19,KCOIL,0,L,KCOIL_0_1-21,44,KCOIL,0,K,KCOIL_0_32-52,19.866,intra_mol
3589,10,ECOIL,0,A,ECOIL_0_1-21,23,ECOIL,0,G,linker,19.867,intra_mol
3590,4,ECOIL,0,A,ECOIL_0_1-21,15,KCOIL,0,K,KCOIL_0_1-21,19.885,inter_mol
3591,11,KCOIL,0,A,KCOIL_0_1-21,48,KCOIL,0,A,KCOIL_0_32-52,19.888,intra_mol
3592,34,ECOIL,0,A,ECOIL_0_32-52,47,ECOIL,0,I,ECOIL_0_32-52,19.895,intra_mol
3593,38,ECOIL,0,K,ECOIL_0_32-52,49,KCOIL,0,A,KCOIL_0_32-52,19.898,inter_mol
3594,15,KCOIL,0,K,KCOIL_0_1-21,47,KCOIL,0,I,KCOIL_0_32-52,19.906,intra_mol
3595,1,ECOIL,0,E,ECOIL_0_1-21,10,KCOIL,0,A,KCOIL_0_1-21,19.908,inter_mol
3596,11,KCOIL,0,A,KCOIL_0_1-21,45,KCOIL,0,E,KCOIL_0_32-52,19.912,intra_mol
3597,4,KCOIL,0,A,KCOIL_0_1-21,17,KCOIL,0,A,KCOIL_0_1-21,19.919,intra_mol
3598,20,ECOIL,0,E,ECOIL_0_1-21,41,KCOIL,0,A,KCOIL_0_32-52,19.922,inter_mol
3599,34,ECOIL,0,A,ECOIL_0_32-52,28,KCOIL,0,S,linker,19.926,inter_mol
3600,21,KCOIL,0,E,KCOIL_0_1-21,34,KCOIL,0,A,KCOIL_0_32-52,19.927,intra_mol
3601,11,KCOIL,0,A,KCOIL_0_1-21,50,KCOIL,0,L,KCOIL_0_32-52,19.942,intra_mol
3602,10,ECOIL,0,A,ECOIL_0_1-21,20,KCOIL,0,K,KCOIL_0_1-21,19.947,inter_mol
3603,35,ECOIL,0,A,ECOIL_0_32-52,48,ECOIL,0,A,ECOIL_0_32-52,19.959,intra_mol
3604,2,ECOIL,0,I,ECOIL_0_1-21,36,KCOIL,0,L,KCOIL_0_32-52,19.960,inter_mol
3605,30,ECOIL,0,G,linker,45,ECOIL,0,K,ECOIL_0_32-52,19.969,intra_mol
3606,45,ECOIL,0,K,ECOIL_0_32-52,38,KCOIL,0,E,KCOIL_0_32-52,19.973,inter_mol
3607,18,KCOIL,0,A,KCOIL_0_1-21,38,KCOIL,0,E,KCOIL_0_32-52,19.975,intra_mol
3608,11,ECOIL,0,A,ECOIL_0_1-21,48,ECOIL,0,A,ECOIL_0_32-52,19.980,intra_mol
3609,21,KCOIL,0,E,KCOIL_0_1-21,40,KCOIL,0,I,KCOIL_0_32-52,19.986,intra_mol
3610,24,ECOIL,0,S,linker,41,ECOIL,0,A,ECOIL_0_32-52,19.992,intra_mol
3611,8,ECOIL,0,E,ECOIL_0_1-21,17,KCOIL,0,A,KCOIL_0_1-21,20.000,inter_mol
3612,14,ECOIL,0,K,ECOIL_0_1-21,42,ECOIL,0,A,ECOIL_0_32-52,20.001,intra_mol
3613,4,ECOIL,0,A,ECOIL_0_1-21,17,ECOIL,0,A,ECOIL_0_1-21,20.011,intra_mol
3614,11,ECOIL,0,A,ECOIL_0_1-21,45,ECOIL,0,K,ECOIL_0_32-52,20.013,intra_mol
3615,9,KCOIL,0,I,KCOIL_0_1-21,22,KCOIL,0,G,linker,20.013,intra_mol
3616,20,KCOIL,0,K,KCOIL_0_1-21,44,KCOIL,0,K,KCOIL_0_32-52,20.024,intra_mol
3617,29,ECOIL,0,G,linker,44,KCOIL,0,K,KCOIL_0_32-52,20.034,inter_mol
3618,28,ECOIL,0,S,linker,44,ECOIL,0,E,ECOIL_0_32-52,20.034,intra_mol
3619,4,ECOIL,0,A,ECOIL_0_1-21,34,KCOIL,0,A,KCOIL_0_32-52,20.036,inter_mol
3620,35,ECOIL,0,A,ECOIL_0_32-52,28,KCOIL,0,S,linker,20.041,inter_mol
3621,5,ECOIL,0,L,ECOIL_0_1-21,32,KCOIL,0,K,KCOIL_0_32-52,20.045,inter_mol
3622,7,ECOIL,0,K,ECOIL_0_1-21,49,ECOIL,0,A,ECOIL_0_32-52,20.049,intra_mol
3623,46,ECOIL,0,E,ECOIL_0_32-52,35,KCOIL,0,A,KCOIL_0_32-52,20.053,inter_mol
3624,18,KCOIL,0,A,KCOIL_0_1-21,43,KCOIL,0,L,KCOIL_0_32-52,20.070,intra_mol
3625,21,ECOIL,0,K,ECOIL_0_1-21,28,ECOIL,0,S,linker,20.073,intra_mol
3626,4,ECOIL,0,A,ECOIL_0_1-21,52,ECOIL,0,K,ECOIL_0_32-52,20.076,intra_mol
3627,24,ECOIL,0,S,linker,41,KCOIL,0,A,KCOIL_0_32-52,20.076,inter_mol
3628,37,ECOIL,0,E,ECOIL_0_32-52,46,KCOIL,0,K,KCOIL_0_32-52,20.077,inter_mol
3629,13,ECOIL,0,E,ECOIL_0_1-21,50,ECOIL,0,L,ECOIL_0_32-52,20.088,intra_mol
3630,48,ECOIL,0,A,ECOIL_0_32-52,15,KCOIL,0,K,KCOIL_0_1-21,20.089,inter_mol
3631,3,ECOIL,0,A,ECOIL_0_1-21,35,KCOIL,0,A,KCOIL_0_32-52,20.090,inter_mol
3632,40,ECOIL,0,I,ECOIL_0_32-52,30,KCOIL,0,G,linker,20.091,inter_mol
3633,38,KCOIL,0,E,KCOIL_0_32-52,50,KCOIL,0,L,KCOIL_0_32-52,20.108,intra_mol
3634,9,ECOIL,0,I,ECOIL_0_1-21,22,ECOIL,0,G,linker,20.109,intra_mol
3635,12,ECOIL,0,L,ECOIL_0_1-21,24,KCOIL,0,S,linker,20.111,inter_mol
3636,26,ECOIL,0,G,linker,11,KCOIL,0,A,KCOIL_0_1-21,20.134,inter_mol
3637,48,ECOIL,0,A,ECOIL_0_32-52,39,KCOIL,0,K,KCOIL_0_32-52,20.135,inter_mol
3638,14,ECOIL,0,K,ECOIL_0_1-21,21,KCOIL,0,E,KCOIL_0_1-21,20.137,inter_mol
3639,30,ECOIL,0,G,linker,9,KCOIL,0,I,KCOIL_0_1-21,20.151,inter_mol
3640,17,ECOIL,0,A,ECOIL_0_1-21,30,ECOIL,0,G,linker,20.151,intra_mol
3641,2,KCOIL,0,I,KCOIL_0_1-21,15,KCOIL,0,K,KCOIL_0_1-21,20.152,intra_mol
3642,31,ECOIL,0,G,linker,45,ECOIL,0,K,ECOIL_0_32-52,20.154,intra_mol
3643,14,ECOIL,0,K,ECOIL_0_1-21,26,KCOIL,0,G,linker,20.163,inter_mol
3644,35,KCOIL,0,A,KCOIL_0_32-52,48,KCOIL,0,A,KCOIL_0_32-52,20.167,intra_mol
3645,17,ECOIL,0,A,ECOIL_0_1-21,44,KCOIL,0,K,KCOIL_0_32-52,20.174,inter_mol
3646,21,KCOIL,0,E,KCOIL_0_1-21,31,KCOIL,0,G,linker,20.175,intra_mol
3647,30,ECOIL,0,G,linker,29,KCOIL,0,G,linker,20.176,inter_mol
3648,7,ECOIL,0,K,ECOIL_0_1-21,20,ECOIL,0,E,ECOIL_0_1-21,20.176,intra_mol
3649,39,ECOIL,0,E,ECOIL_0_32-52,52,ECOIL,0,K,ECOIL_0_32-52,20.179,intra_mol
3650,34,ECOIL,0,A,ECOIL_0_32-52,47,KCOIL,0,I,KCOIL_0_32-52,20.180,inter_mol
3651,12,KCOIL,0,L,KCOIL_0_1-21,25,KCOIL,0,G,linker,20.183,intra_mol
3652,20,KCOIL,0,K,KCOIL_0_1-21,28,KCOIL,0,S,linker,20.184,intra_mol
3653,25,ECOIL,0,G,linker,41,KCOIL,0,A,KCOIL_0_32-52,20.190,inter_mol
3654,28,ECOIL,0,S,linker,43,ECOIL,0,L,ECOIL_0_32-52,20.192,intra_mol
3655,23,ECOIL,0,G,linker,38,ECOIL,0,K,ECOIL_0_32-52,20.192,intra_mol
3656,11,KCOIL,0,A,KCOIL_0_1-21,31,KCOIL,0,G,linker,20.205,intra_mol
3657,22,ECOIL,0,G,linker,10,KCOIL,0,A,KCOIL_0_1-21,20.208,inter_mol
3658,52,ECOIL,0,K,ECOIL_0_32-52,11,KCOIL,0,A,KCOIL_0_1-21,20.210,inter_mol
3659,34,ECOIL,0,A,ECOIL_0_32-52,6,KCOIL,0,K,KCOIL_0_1-21,20.214,inter_mol
3660,32,KCOIL,0,K,KCOIL_0_32-52,45,KCOIL,0,E,KCOIL_0_32-52,20.218,intra_mol
3661,10,KCOIL,0,A,KCOIL_0_1-21,49,KCOIL,0,A,KCOIL_0_32-52,20.220,intra_mol
3662,19,KCOIL,0,L,KCOIL_0_1-21,42,KCOIL,0,A,KCOIL_0_32-52,20.223,intra_mol
3663,44,ECOIL,0,E,ECOIL_0_32-52,34,KCOIL,0,A,KCOIL_0_32-52,20.223,inter_mol
3664,5,ECOIL,0,L,ECOIL_0_1-21,33,KCOIL,0,I,KCOIL_0_32-52,20.226,inter_mol
3665,24,ECOIL,0,S,linker,10,KCOIL,0,A,KCOIL_0_1-21,20.232,inter_mol
3666,1,ECOIL,0,E,ECOIL_0_1-21,36,KCOIL,0,L,KCOIL_0_32-52,20.242,inter_mol
3667,42,ECOIL,0,A,ECOIL_0_32-52,32,KCOIL,0,K,KCOIL_0_32-52,20.270,inter_mol
3668,46,ECOIL,0,E,ECOIL_0_32-52,17,KCOIL,0,A,KCOIL_0_1-21,20.274,inter_mol
3669,11,ECOIL,0,A,ECOIL_0_1-21,25,ECOIL,0,G,linker,20.274,intra_mol
3670,10,ECOIL,0,A,ECOIL_0_1-21,24,ECOIL,0,S,linker,20.278,intra_mol
3671,12,ECOIL,0,L,ECOIL_0_1-21,28,ECOIL,0,S,linker,20.280,intra_mol
3672,40,ECOIL,0,I,ECOIL_0_32-52,24,KCOIL,0,S,linker,20.289,inter_mol
3673,14,KCOIL,0,E,KCOIL_0_1-21,42,KCOIL,0,A,KCOIL_0_32-52,20.291,intra_mol
3674,1,KCOIL,0,K,KCOIL_0_1-21,14,KCOIL,0,E,KCOIL_0_1-21,20.297,intra_mol
3675,12,ECOIL,0,L,ECOIL_0_1-21,25,KCOIL,0,G,linker,20.298,inter_mol
3676,13,KCOIL,0,K,KCOIL_0_1-21,50,KCOIL,0,L,KCOIL_0_32-52,20.300,intra_mol
3677,29,ECOIL,0,G,linker,45,ECOIL,0,K,ECOIL_0_32-52,20.301,intra_mol
3678,11,ECOIL,0,A,ECOIL_0_1-21,23,KCOIL,0,G,linker,20.301,inter_mol
3679,40,ECOIL,0,I,ECOIL_0_32-52,52,KCOIL,0,E,KCOIL_0_32-52,20.302,inter_mol
3680,15,ECOIL,0,E,ECOIL_0_1-21,28,ECOIL,0,S,linker,20.315,intra_mol
3681,20,ECOIL,0,E,ECOIL_0_1-21,42,ECOIL,0,A,ECOIL_0_32-52,20.324,intra_mol
3682,2,ECOIL,0,I,ECOIL_0_1-21,15,ECOIL,0,E,ECOIL_0_1-21,20.328,intra_mol
3683,3,ECOIL,0,A,ECOIL_0_1-21,13,KCOIL,0,K,KCOIL_0_1-21,20.333,inter_mol
3684,16,KCOIL,0,I,KCOIL_0_1-21,46,KCOIL,0,K,KCOIL_0_32-52,20.334,intra_mol
3685,18,KCOIL,0,A,KCOIL_0_1-21,41,KCOIL,0,A,KCOIL_0_32-52,20.337,intra_mol
3686,6,ECOIL,0,E,ECOIL_0_1-21,32,KCOIL,0,K,KCOIL_0_32-52,20.338,inter_mol
3687,16,KCOIL,0,I,KCOIL_0_1-21,28,KCOIL,0,S,linker,20.339,intra_mol
3688,20,KCOIL,0,K,KCOIL_0_1-21,29,KCOIL,0,G,linker,20.342,intra_mol
3689,33,KCOIL,0,I,KCOIL_0_32-52,46,KCOIL,0,K,KCOIL_0_32-52,20.349,intra_mol
3690,20,KCOIL,0,K,KCOIL_0_1-21,43,KCOIL,0,L,KCOIL_0_32-52,20.352,intra_mol
3691,11,ECOIL,0,A,ECOIL_0_1-21,31,ECOIL,0,G,linker,20.352,intra_mol
3692,30,ECOIL,0,G,linker,42,KCOIL,0,A,KCOIL_0_32-52,20.356,inter_mol
3693,29,KCOIL,0,G,linker,40,KCOIL,0,I,KCOIL_0_32-52,20.358,intra_mol
3694,28,ECOIL,0,S,linker,28,KCOIL,0,S,linker,20.360,inter_mol
3695,15,KCOIL,0,K,KCOIL_0_1-21,29,KCOIL,0,G,linker,20.360,intra_mol
3696,8,ECOIL,0,E,ECOIL_0_1-21,30,KCOIL,0,G,linker,20.360,inter_mol
3697,18,ECOIL,0,A,ECOIL_0_1-21,7,KCOIL,0,E,KCOIL_0_1-21,20.365,inter_mol
3698,7,ECOIL,0,K,ECOIL_0_1-21,52,KCOIL,0,E,KCOIL_0_32-52,20.368,inter_mol
3699,18,KCOIL,0,A,KCOIL_0_1-21,28,KCOIL,0,S,linker,20.369,intra_mol
3700,33,ECOIL,0,I,ECOIL_0_32-52,46,ECOIL,0,E,ECOIL_0_32-52,20.371,intra_mol
3701,23,KCOIL,0,G,linker,38,KCOIL,0,E,KCOIL_0_32-52,20.374,intra_mol
3702,21,ECOIL,0,K,ECOIL_0_1-21,38,KCOIL,0,E,KCOIL_0_32-52,20.377,inter_mol
3703,10,ECOIL,0,A,ECOIL_0_1-21,51,KCOIL,0,K,KCOIL_0_32-52,20.378,inter_mol
3704,28,ECOIL,0,S,linker,9,KCOIL,0,I,KCOIL_0_1-21,20.384,inter_mol
3705,2,ECOIL,0,I,ECOIL_0_1-21,38,KCOIL,0,E,KCOIL_0_32-52,20.388,inter_mol
3706,22,ECOIL,0,G,linker,39,ECOIL,0,E,ECOIL_0_32-52,20.392,intra_mol
3707,11,KCOIL,0,A,KCOIL_0_1-21,24,KCOIL,0,S,linker,20.392,intra_mol
3708,9,KCOIL,0,I,KCOIL_0_1-21,23,KCOIL,0,G,linker,20.395,intra_mol
3709,11,ECOIL,0,A,ECOIL_0_1-21,22,KCOIL,0,G,linker,20.402,inter_mol
3710,38,ECOIL,0,K,ECOIL_0_32-52,24,KCOIL,0,S,linker,20.403,inter_mol
3711,12,ECOIL,0,L,ECOIL_0_1-21,29,ECOIL,0,G,linker,20.408,intra_mol
3712,14,KCOIL,0,E,KCOIL_0_1-21,25,KCOIL,0,G,linker,20.408,intra_mol
3713,6,KCOIL,0,K,KCOIL_0_1-21,37,KCOIL,0,K,KCOIL_0_32-52,20.411,intra_mol
3714,14,ECOIL,0,K,ECOIL_0_1-21,45,KCOIL,0,E,KCOIL_0_32-52,20.423,inter_mol
3715,27,KCOIL,0,G,linker,40,KCOIL,0,I,KCOIL_0_32-52,20.446,intra_mol
3716,13,ECOIL,0,E,ECOIL_0_1-21,50,KCOIL,0,L,KCOIL_0_32-52,20.455,inter_mol
3717,23,KCOIL,0,G,linker,39,KCOIL,0,K,KCOIL_0_32-52,20.461,intra_mol
3718,37,ECOIL,0,E,ECOIL_0_32-52,3,KCOIL,0,A,KCOIL_0_1-21,20.462,inter_mol
3719,13,ECOIL,0,E,ECOIL_0_1-21,48,KCOIL,0,A,KCOIL_0_32-52,20.465,inter_mol
3720,49,ECOIL,0,A,ECOIL_0_32-52,14,KCOIL,0,E,KCOIL_0_1-21,20.475,inter_mol
3721,18,ECOIL,0,A,ECOIL_0_1-21,29,ECOIL,0,G,linker,20.476,intra_mol
3722,38,ECOIL,0,K,ECOIL_0_32-52,51,ECOIL,0,E,ECOIL_0_32-52,20.485,intra_mol
3723,13,ECOIL,0,E,ECOIL_0_1-21,26,ECOIL,0,G,linker,20.487,intra_mol
3724,31,KCOIL,0,G,linker,44,KCOIL,0,K,KCOIL_0_32-52,20.506,intra_mol
3725,29,ECOIL,0,G,linker,10,KCOIL,0,A,KCOIL_0_1-21,20.509,inter_mol
3726,38,ECOIL,0,K,ECOIL_0_32-52,50,KCOIL,0,L,KCOIL_0_32-52,20.514,inter_mol
3727,4,ECOIL,0,A,ECOIL_0_1-21,32,KCOIL,0,K,KCOIL_0_32-52,20.515,inter_mol
3728,1,KCOIL,0,K,KCOIL_0_1-21,41,KCOIL,0,A,KCOIL_0_32-52,20.522,intra_mol
3729,30,ECOIL,0,G,linker,43,KCOIL,0,L,KCOIL_0_32-52,20.528,inter_mol
3730,20,ECOIL,0,E,ECOIL_0_1-21,5,KCOIL,0,L,KCOIL_0_1-21,20.535,inter_mol
3731,1,ECOIL,0,E,ECOIL_0_1-21,11,KCOIL,0,A,KCOIL_0_1-21,20.545,inter_mol
3732,27,ECOIL,0,G,linker,44,KCOIL,0,K,KCOIL_0_32-52,20.558,inter_mol
3733,12,ECOIL,0,L,ECOIL_0_1-21,26,KCOIL,0,G,linker,20.559,inter_mol
3734,36,KCOIL,0,L,KCOIL_0_32-52,49,KCOIL,0,A,KCOIL_0_32-52,20.562,intra_mol
3735,6,KCOIL,0,K,KCOIL_0_1-21,20,KCOIL,0,K,KCOIL_0_1-21,20.570,intra_mol
3736,29,ECOIL,0,G,linker,9,KCOIL,0,I,KCOIL_0_1-21,20.570,inter_mol
3737,13,ECOIL,0,E,ECOIL_0_1-21,25,KCOIL,0,G,linker,20.571,inter_mol
3738,13,KCOIL,0,K,KCOIL_0_1-21,31,KCOIL,0,G,linker,20.584,intra_mol
3739,30,KCOIL,0,G,linker,42,KCOIL,0,A,KCOIL_0_32-52,20.585,intra_mol
3740,9,ECOIL,0,I,ECOIL_0_1-21,31,ECOIL,0,G,linker,20.585,intra_mol
3741,7,ECOIL,0,K,ECOIL_0_1-21,31,KCOIL,0,G,linker,20.593,inter_mol
3742,32,KCOIL,0,K,KCOIL_0_32-52,46,KCOIL,0,K,KCOIL_0_32-52,20.595,intra_mol
3743,24,ECOIL,0,S,linker,9,KCOIL,0,I,KCOIL_0_1-21,20.602,inter_mol
3744,1,ECOIL,0,E,ECOIL_0_1-21,14,ECOIL,0,K,ECOIL_0_1-21,20.605,intra_mol
3745,6,KCOIL,0,K,KCOIL_0_1-21,19,KCOIL,0,L,KCOIL_0_1-21,20.615,intra_mol
3746,17,ECOIL,0,A,ECOIL_0_1-21,29,ECOIL,0,G,linker,20.625,intra_mol
3747,5,KCOIL,0,L,KCOIL_0_1-21,18,KCOIL,0,A,KCOIL_0_1-21,20.626,intra_mol
3748,33,ECOIL,0,I,ECOIL_0_32-52,45,KCOIL,0,E,KCOIL_0_32-52,20.653,inter_mol
3749,7,KCOIL,0,E,KCOIL_0_1-21,45,KCOIL,0,E,KCOIL_0_32-52,20.670,intra_mol
3750,8,ECOIL,0,E,ECOIL_0_1-21,21,ECOIL,0,K,ECOIL_0_1-21,20.681,intra_mol
3751,48,ECOIL,0,A,ECOIL_0_32-52,17,KCOIL,0,A,KCOIL_0_1-21,20.689,inter_mol
3752,42,ECOIL,0,A,ECOIL_0_32-52,21,KCOIL,0,E,KCOIL_0_1-21,20.692,inter_mol
3753,8,ECOIL,0,E,ECOIL_0_1-21,18,KCOIL,0,A,KCOIL_0_1-21,20.696,inter_mol
3754,8,KCOIL,0,K,KCOIL_0_1-21,21,KCOIL,0,E,KCOIL_0_1-21,20.705,intra_mol
3755,18,ECOIL,0,A,ECOIL_0_1-21,5,KCOIL,0,L,KCOIL_0_1-21,20.706,inter_mol
3756,47,ECOIL,0,I,ECOIL_0_32-52,35,KCOIL,0,A,KCOIL_0_32-52,20.713,inter_mol
3757,25,KCOIL,0,G,linker,38,KCOIL,0,E,KCOIL_0_32-52,20.714,intra_mol
3758,3,ECOIL,0,A,ECOIL_0_1-21,15,KCOIL,0,K,KCOIL_0_1-21,20.722,inter_mol
3759,29,ECOIL,0,G,linker,11,KCOIL,0,A,KCOIL_0_1-21,20.731,inter_mol
3760,7,KCOIL,0,E,KCOIL_0_1-21,20,KCOIL,0,K,KCOIL_0_1-21,20.739,intra_mol
3761,38,ECOIL,0,K,ECOIL_0_32-52,2,KCOIL,0,I,KCOIL_0_1-21,20.744,inter_mol
3762,36,ECOIL,0,L,ECOIL_0_32-52,49,ECOIL,0,A,ECOIL_0_32-52,20.753,intra_mol
3763,20,ECOIL,0,E,ECOIL_0_1-21,6,KCOIL,0,K,KCOIL_0_1-21,20.775,inter_mol
3764,17,KCOIL,0,A,KCOIL_0_1-21,42,KCOIL,0,A,KCOIL_0_32-52,20.785,intra_mol
3765,52,ECOIL,0,K,ECOIL_0_32-52,12,KCOIL,0,L,KCOIL_0_1-21,20.785,inter_mol
3766,19,ECOIL,0,L,ECOIL_0_1-21,7,KCOIL,0,E,KCOIL_0_1-21,20.794,inter_mol
3767,30,ECOIL,0,G,linker,10,KCOIL,0,A,KCOIL_0_1-21,20.794,inter_mol
3768,15,ECOIL,0,E,ECOIL_0_1-21,46,ECOIL,0,E,ECOIL_0_32-52,20.795,intra_mol
3769,5,ECOIL,0,L,ECOIL_0_1-21,18,ECOIL,0,A,ECOIL_0_1-21,20.796,intra_mol
3770,6,ECOIL,0,E,ECOIL_0_1-21,20,ECOIL,0,E,ECOIL_0_1-21,20.799,intra_mol
3771,14,ECOIL,0,K,ECOIL_0_1-21,28,KCOIL,0,S,linker,20.801,inter_mol
3772,4,ECOIL,0,A,ECOIL_0_1-21,16,KCOIL,0,I,KCOIL_0_1-21,20.806,inter_mol
3773,46,ECOIL,0,E,ECOIL_0_32-52,34,KCOIL,0,A,KCOIL_0_32-52,20.818,inter_mol
3774,28,ECOIL,0,S,linker,38,KCOIL,0,E,KCOIL_0_32-52,20.823,inter_mol
3775,14,KCOIL,0,E,KCOIL_0_1-21,38,KCOIL,0,E,KCOIL_0_32-52,20.827,intra_mol
3776,14,ECOIL,0,K,ECOIL_0_1-21,27,ECOIL,0,G,linker,20.834,intra_mol
3777,9,ECOIL,0,I,ECOIL_0_1-21,24,ECOIL,0,S,linker,20.851,intra_mol
3778,43,ECOIL,0,L,ECOIL_0_32-52,31,KCOIL,0,G,linker,20.853,inter_mol
3779,11,ECOIL,0,A,ECOIL_0_1-21,27,KCOIL,0,G,linker,20.867,inter_mol
3780,22,ECOIL,0,G,linker,8,KCOIL,0,K,KCOIL_0_1-21,20.874,inter_mol
3781,37,ECOIL,0,E,ECOIL_0_32-52,50,ECOIL,0,L,ECOIL_0_32-52,20.885,intra_mol
3782,30,ECOIL,0,G,linker,11,KCOIL,0,A,KCOIL_0_1-21,20.887,inter_mol
3783,6,ECOIL,0,E,ECOIL_0_1-21,19,ECOIL,0,L,ECOIL_0_1-21,20.891,intra_mol
3784,21,KCOIL,0,E,KCOIL_0_1-21,35,KCOIL,0,A,KCOIL_0_32-52,20.892,intra_mol
3785,33,ECOIL,0,I,ECOIL_0_32-52,6,KCOIL,0,K,KCOIL_0_1-21,20.905,inter_mol
3786,15,ECOIL,0,E,ECOIL_0_1-21,29,ECOIL,0,G,linker,20.912,intra_mol
3787,7,ECOIL,0,K,ECOIL_0_1-21,45,ECOIL,0,K,ECOIL_0_32-52,20.918,intra_mol
3788,39,KCOIL,0,K,KCOIL_0_32-52,52,KCOIL,0,E,KCOIL_0_32-52,20.919,intra_mol
3789,13,ECOIL,0,E,ECOIL_0_1-21,29,KCOIL,0,G,linker,20.921,inter_mol
3790,22,ECOIL,0,G,linker,9,KCOIL,0,I,KCOIL_0_1-21,20.922,inter_mol
3791,26,ECOIL,0,G,linker,39,KCOIL,0,K,KCOIL_0_32-52,20.933,inter_mol
3792,31,ECOIL,0,G,linker,45,KCOIL,0,E,KCOIL_0_32-52,20.952,inter_mol
3793,49,ECOIL,0,A,ECOIL_0_32-52,39,KCOIL,0,K,KCOIL_0_32-52,20.957,inter_mol
3794,2,KCOIL,0,I,KCOIL_0_1-21,16,KCOIL,0,I,KCOIL_0_1-21,20.959,intra_mol
3795,1,ECOIL,0,E,ECOIL_0_1-21,15,ECOIL,0,E,ECOIL_0_1-21,20.963,intra_mol
3796,14,ECOIL,0,K,ECOIL_0_1-21,2,KCOIL,0,I,KCOIL_0_1-21,20.963,inter_mol
3797,9,ECOIL,0,I,ECOIL_0_1-21,30,KCOIL,0,G,linker,20.971,inter_mol
3798,2,ECOIL,0,I,ECOIL_0_1-21,16,ECOIL,0,I,ECOIL_0_1-21,20.975,intra_mol
3799,6,ECOIL,0,E,ECOIL_0_1-21,37,ECOIL,0,E,ECOIL_0_32-52,20.977,intra_mol
3800,37,ECOIL,0,E,ECOIL_0_32-52,51,KCOIL,0,K,KCOIL_0_32-52,20.979,inter_mol
3801,38,ECOIL,0,K,ECOIL_0_32-52,52,ECOIL,0,K,ECOIL_0_32-52,20.986,intra_mol
3802,32,ECOIL,0,E,ECOIL_0_32-52,45,ECOIL,0,K,ECOIL_0_32-52,20.990,intra_mol
3803,13,ECOIL,0,E,ECOIL_0_1-21,27,KCOIL,0,G,linker,20.993,inter_mol
3804,38,ECOIL,0,K,ECOIL_0_32-52,4,KCOIL,0,A,KCOIL_0_1-21,20.994,inter_mol
3805,19,ECOIL,0,L,ECOIL_0_1-21,5,KCOIL,0,L,KCOIL_0_1-21,20.997,inter_mol
3806,14,ECOIL,0,K,ECOIL_0_1-21,38,ECOIL,0,K,ECOIL_0_32-52,20.999,intra_mol
3807,3,KCOIL,0,A,KCOIL_0_1-21,17,KCOIL,0,A,KCOIL_0_1-21,21.000,intra_mol
3808,37,ECOIL,0,E,ECOIL_0_32-52,2,KCOIL,0,I,KCOIL_0_1-21,21.001,inter_mol
3809,11,KCOIL,0,A,KCOIL_0_1-21,51,KCOIL,0,K,KCOIL_0_32-52,21.004,intra_mol
3810,38,KCOIL,0,E,KCOIL_0_32-52,51,KCOIL,0,K,KCOIL_0_32-52,21.006,intra_mol
3811,50,ECOIL,0,L,ECOIL_0_32-52,14,KCOIL,0,E,KCOIL_0_1-21,21.014,inter_mol
3812,6,ECOIL,0,E,ECOIL_0_1-21,34,KCOIL,0,A,KCOIL_0_32-52,21.028,inter_mol
3813,37,ECOIL,0,E,ECOIL_0_32-52,51,ECOIL,0,E,ECOIL_0_32-52,21.035,intra_mol
3814,29,ECOIL,0,G,linker,28,KCOIL,0,S,linker,21.036,inter_mol
3815,48,ECOIL,0,A,ECOIL_0_32-52,36,KCOIL,0,L,KCOIL_0_32-52,21.039,inter_mol
3816,11,ECOIL,0,A,ECOIL_0_1-21,51,ECOIL,0,E,ECOIL_0_32-52,21.041,intra_mol
3817,28,KCOIL,0,S,linker,39,KCOIL,0,K,KCOIL_0_32-52,21.054,intra_mol
3818,1,ECOIL,0,E,ECOIL_0_1-21,35,KCOIL,0,A,KCOIL_0_32-52,21.056,inter_mol
3819,16,ECOIL,0,I,ECOIL_0_1-21,2,KCOIL,0,I,KCOIL_0_1-21,21.059,inter_mol
3820,14,ECOIL,0,K,ECOIL_0_1-21,31,ECOIL,0,G,linker,21.067,intra_mol
3821,9,KCOIL,0,I,KCOIL_0_1-21,31,KCOIL,0,G,linker,21.073,intra_mol
3822,37,KCOIL,0,K,KCOIL_0_32-52,51,KCOIL,0,K,KCOIL_0_32-52,21.079,intra_mol
3823,28,ECOIL,0,S,linker,41,KCOIL,0,A,KCOIL_0_32-52,21.082,inter_mol
3824,36,KCOIL,0,L,KCOIL_0_32-52,50,KCOIL,0,L,KCOIL_0_32-52,21.088,intra_mol
3825,25,ECOIL,0,G,linker,10,KCOIL,0,A,KCOIL_0_1-21,21.092,inter_mol
3826,14,KCOIL,0,E,KCOIL_0_1-21,31,KCOIL,0,G,linker,21.093,intra_mol
3827,20,ECOIL,0,E,ECOIL_0_1-21,42,KCOIL,0,A,KCOIL_0_32-52,21.094,inter_mol
3828,43,ECOIL,0,L,ECOIL_0_32-52,21,KCOIL,0,E,KCOIL_0_1-21,21.096,inter_mol
3829,12,KCOIL,0,L,KCOIL_0_1-21,27,KCOIL,0,G,linker,21.105,intra_mol
3830,36,ECOIL,0,L,ECOIL_0_32-52,51,KCOIL,0,K,KCOIL_0_32-52,21.105,inter_mol
3831,18,ECOIL,0,A,ECOIL_0_1-21,44,KCOIL,0,K,KCOIL_0_32-52,21.116,inter_mol
3832,2,KCOIL,0,I,KCOIL_0_1-21,36,KCOIL,0,L,KCOIL_0_32-52,21.124,intra_mol
3833,26,KCOIL,0,G,linker,39,KCOIL,0,K,KCOIL_0_32-52,21.125,intra_mol
3834,5,ECOIL,0,L,ECOIL_0_1-21,19,ECOIL,0,L,ECOIL_0_1-21,21.128,intra_mol
3835,5,KCOIL,0,L,KCOIL_0_1-21,19,KCOIL,0,L,KCOIL_0_1-21,21.129,intra_mol
3836,33,KCOIL,0,I,KCOIL_0_32-52,47,KCOIL,0,I,KCOIL_0_32-52,21.136,intra_mol
3837,45,ECOIL,0,K,ECOIL_0_32-52,18,KCOIL,0,A,KCOIL_0_1-21,21.143,inter_mol
3838,36,ECOIL,0,L,ECOIL_0_32-52,3,KCOIL,0,A,KCOIL_0_1-21,21.156,inter_mol
3839,20,ECOIL,0,E,ECOIL_0_1-21,4,KCOIL,0,A,KCOIL_0_1-21,21.158,inter_mol
3840,11,ECOIL,0,A,ECOIL_0_1-21,27,ECOIL,0,G,linker,21.160,intra_mol
3841,18,ECOIL,0,A,ECOIL_0_1-21,44,ECOIL,0,E,ECOIL_0_32-52,21.166,intra_mol
3842,37,KCOIL,0,K,KCOIL_0_32-52,50,KCOIL,0,L,KCOIL_0_32-52,21.168,intra_mol
3843,36,ECOIL,0,L,ECOIL_0_32-52,49,KCOIL,0,A,KCOIL_0_32-52,21.177,inter_mol
3844,1,KCOIL,0,K,KCOIL_0_1-21,15,KCOIL,0,K,KCOIL_0_1-21,21.178,intra_mol
3845,3,KCOIL,0,A,KCOIL_0_1-21,36,KCOIL,0,L,KCOIL_0_32-52,21.182,intra_mol
3846,4,ECOIL,0,A,ECOIL_0_1-21,14,KCOIL,0,E,KCOIL_0_1-21,21.186,inter_mol
3847,35,ECOIL,0,A,ECOIL_0_32-52,7,KCOIL,0,E,KCOIL_0_1-21,21.195,inter_mol
3848,33,ECOIL,0,I,ECOIL_0_32-52,47,ECOIL,0,I,ECOIL_0_32-52,21.196,intra_mol
3849,2,ECOIL,0,I,ECOIL_0_1-21,14,KCOIL,0,E,KCOIL_0_1-21,21.203,inter_mol
3850,9,ECOIL,0,I,ECOIL_0_1-21,23,ECOIL,0,G,linker,21.209,intra_mol
3851,13,ECOIL,0,E,ECOIL_0_1-21,49,ECOIL,0,A,ECOIL_0_32-52,21.213,intra_mol
3852,1,ECOIL,0,E,ECOIL_0_1-21,37,KCOIL,0,K,KCOIL_0_32-52,21.214,inter_mol
3853,34,ECOIL,0,A,ECOIL_0_32-52,5,KCOIL,0,L,KCOIL_0_1-21,21.217,inter_mol
3854,39,ECOIL,0,E,ECOIL_0_32-52,24,KCOIL,0,S,linker,21.218,inter_mol
3855,10,ECOIL,0,A,ECOIL_0_1-21,22,KCOIL,0,G,linker,21.220,inter_mol
3856,3,ECOIL,0,A,ECOIL_0_1-21,37,KCOIL,0,K,KCOIL_0_32-52,21.230,inter_mol
3857,26,ECOIL,0,G,linker,10,KCOIL,0,A,KCOIL_0_1-21,21.232,inter_mol
3858,18,KCOIL,0,A,KCOIL_0_1-21,44,KCOIL,0,K,KCOIL_0_32-52,21.234,intra_mol
3859,35,ECOIL,0,A,ECOIL_0_32-52,49,ECOIL,0,A,ECOIL_0_32-52,21.235,intra_mol
3860,26,ECOIL,0,G,linker,42,ECOIL,0,A,ECOIL_0_32-52,21.235,intra_mol
3861,34,ECOIL,0,A,ECOIL_0_32-52,48,ECOIL,0,A,ECOIL_0_32-52,21.237,intra_mol
3862,13,KCOIL,0,K,KCOIL_0_1-21,25,KCOIL,0,G,linker,21.239,intra_mol
3863,36,ECOIL,0,L,ECOIL_0_32-52,2,KCOIL,0,I,KCOIL_0_1-21,21.243,inter_mol
3864,38,ECOIL,0,K,ECOIL_0_32-52,3,KCOIL,0,A,KCOIL_0_1-21,21.245,inter_mol
3865,3,ECOIL,0,A,ECOIL_0_1-21,17,ECOIL,0,A,ECOIL_0_1-21,21.254,intra_mol
3866,5,KCOIL,0,L,KCOIL_0_1-21,34,KCOIL,0,A,KCOIL_0_32-52,21.254,intra_mol
3867,4,KCOIL,0,A,KCOIL_0_1-21,18,KCOIL,0,A,KCOIL_0_1-21,21.258,intra_mol
3868,15,KCOIL,0,K,KCOIL_0_1-21,46,KCOIL,0,K,KCOIL_0_32-52,21.275,intra_mol
3869,18,ECOIL,0,A,ECOIL_0_1-21,42,ECOIL,0,A,ECOIL_0_32-52,21.285,intra_mol
3870,5,KCOIL,0,L,KCOIL_0_1-21,33,KCOIL,0,I,KCOIL_0_32-52,21.285,intra_mol
3871,12,KCOIL,0,L,KCOIL_0_1-21,26,KCOIL,0,G,linker,21.290,intra_mol
3872,16,ECOIL,0,I,ECOIL_0_1-21,48,ECOIL,0,A,ECOIL_0_32-52,21.293,intra_mol
3873,17,ECOIL,0,A,ECOIL_0_1-21,47,ECOIL,0,I,ECOIL_0_32-52,21.297,intra_mol
3874,52,ECOIL,0,K,ECOIL_0_32-52,40,KCOIL,0,I,KCOIL_0_32-52,21.303,inter_mol
3875,34,KCOIL,0,A,KCOIL_0_32-52,48,KCOIL,0,A,KCOIL_0_32-52,21.309,intra_mol
3876,24,KCOIL,0,S,linker,40,KCOIL,0,I,KCOIL_0_32-52,21.309,intra_mol
3877,26,KCOIL,0,G,linker,40,KCOIL,0,I,KCOIL_0_32-52,21.340,intra_mol
3878,33,ECOIL,0,I,ECOIL_0_32-52,5,KCOIL,0,L,KCOIL_0_1-21,21.342,inter_mol
3879,35,ECOIL,0,A,ECOIL_0_32-52,51,KCOIL,0,K,KCOIL_0_32-52,21.348,inter_mol
3880,38,ECOIL,0,K,ECOIL_0_32-52,30,KCOIL,0,G,linker,21.350,inter_mol
3881,33,ECOIL,0,I,ECOIL_0_32-52,7,KCOIL,0,E,KCOIL_0_1-21,21.357,inter_mol
3882,48,ECOIL,0,A,ECOIL_0_32-52,37,KCOIL,0,K,KCOIL_0_32-52,21.357,inter_mol
3883,11,ECOIL,0,A,ECOIL_0_1-21,51,KCOIL,0,K,KCOIL_0_32-52,21.357,inter_mol
3884,25,ECOIL,0,G,linker,9,KCOIL,0,I,KCOIL_0_1-21,21.371,inter_mol
3885,23,ECOIL,0,G,linker,41,KCOIL,0,A,KCOIL_0_32-52,21.391,inter_mol
3886,2,ECOIL,0,I,ECOIL_0_1-21,15,KCOIL,0,K,KCOIL_0_1-21,21.393,inter_mol
3887,45,ECOIL,0,K,ECOIL_0_32-52,19,KCOIL,0,L,KCOIL_0_1-21,21.393,inter_mol
3888,36,ECOIL,0,L,ECOIL_0_32-52,50,ECOIL,0,L,ECOIL_0_32-52,21.394,intra_mol
3889,13,ECOIL,0,E,ECOIL_0_1-21,28,ECOIL,0,S,linker,21.397,intra_mol
3890,11,KCOIL,0,A,KCOIL_0_1-21,30,KCOIL,0,G,linker,21.400,intra_mol
3891,22,ECOIL,0,G,linker,38,ECOIL,0,K,ECOIL_0_32-52,21.408,intra_mol
3892,26,ECOIL,0,G,linker,41,KCOIL,0,A,KCOIL_0_32-52,21.411,inter_mol
3893,4,ECOIL,0,A,ECOIL_0_1-21,18,ECOIL,0,A,ECOIL_0_1-21,21.417,intra_mol
3894,25,ECOIL,0,G,linker,42,ECOIL,0,A,ECOIL_0_32-52,21.423,intra_mol
3895,23,ECOIL,0,G,linker,10,KCOIL,0,A,KCOIL_0_1-21,21.423,inter_mol
3896,22,KCOIL,0,G,linker,39,KCOIL,0,K,KCOIL_0_32-52,21.431,intra_mol
3897,8,KCOIL,0,K,KCOIL_0_1-21,22,KCOIL,0,G,linker,21.444,intra_mol
3898,32,ECOIL,0,E,ECOIL_0_32-52,46,ECOIL,0,E,ECOIL_0_32-52,21.444,intra_mol
3899,14,ECOIL,0,K,ECOIL_0_1-21,26,ECOIL,0,G,linker,21.450,intra_mol
3900,28,ECOIL,0,S,linker,29,KCOIL,0,G,linker,21.458,inter_mol
3901,7,ECOIL,0,K,ECOIL_0_1-21,21,ECOIL,0,K,ECOIL_0_1-21,21.462,intra_mol
3902,25,KCOIL,0,G,linker,40,KCOIL,0,I,KCOIL_0_32-52,21.474,intra_mol
3903,46,ECOIL,0,E,ECOIL_0_32-52,33,KCOIL,0,I,KCOIL_0_32-52,21.478,inter_mol
3904,16,KCOIL,0,I,KCOIL_0_1-21,48,KCOIL,0,A,KCOIL_0_32-52,21.483,intra_mol
3905,9,ECOIL,0,I,ECOIL_0_1-21,27,ECOIL,0,G,linker,21.484,intra_mol
3906,24,ECOIL,0,S,linker,43,ECOIL,0,L,ECOIL_0_32-52,21.506,intra_mol
3907,38,ECOIL,0,K,ECOIL_0_32-52,25,KCOIL,0,G,linker,21.512,inter_mol
3908,5,KCOIL,0,L,KCOIL_0_1-21,32,KCOIL,0,K,KCOIL_0_32-52,21.513,intra_mol
3909,40,ECOIL,0,I,ECOIL_0_32-52,25,KCOIL,0,G,linker,21.516,inter_mol
3910,32,ECOIL,0,E,ECOIL_0_32-52,8,KCOIL,0,K,KCOIL_0_1-21,21.516,inter_mol
3911,15,ECOIL,0,E,ECOIL_0_1-21,3,KCOIL,0,A,KCOIL_0_1-21,21.520,inter_mol
3912,28,ECOIL,0,S,linker,45,ECOIL,0,K,ECOIL_0_32-52,21.528,intra_mol
3913,39,ECOIL,0,E,ECOIL_0_32-52,27,KCOIL,0,G,linker,21.529,inter_mol
3914,7,KCOIL,0,E,KCOIL_0_1-21,37,KCOIL,0,K,KCOIL_0_32-52,21.532,intra_mol
3915,3,ECOIL,0,A,ECOIL_0_1-21,14,KCOIL,0,E,KCOIL_0_1-21,21.534,inter_mol
3916,31,ECOIL,0,G,linker,46,ECOIL,0,E,ECOIL_0_32-52,21.535,intra_mol
3917,11,ECOIL,0,A,ECOIL_0_1-21,49,ECOIL,0,A,ECOIL_0_32-52,21.542,intra_mol
3918,13,KCOIL,0,K,KCOIL_0_1-21,49,KCOIL,0,A,KCOIL_0_32-52,21.543,intra_mol
3919,8,ECOIL,0,E,ECOIL_0_1-21,22,ECOIL,0,G,linker,21.548,intra_mol
3920,10,ECOIL,0,A,ECOIL_0_1-21,23,KCOIL,0,G,linker,21.548,inter_mol
3921,29,ECOIL,0,G,linker,39,KCOIL,0,K,KCOIL_0_32-52,21.549,inter_mol
3922,27,ECOIL,0,G,linker,43,KCOIL,0,L,KCOIL_0_32-52,21.550,inter_mol
3923,6,ECOIL,0,E,ECOIL_0_1-21,33,KCOIL,0,I,KCOIL_0_32-52,21.559,inter_mol
3924,33,ECOIL,0,I,ECOIL_0_32-52,47,KCOIL,0,I,KCOIL_0_32-52,21.566,inter_mol
3925,6,ECOIL,0,E,ECOIL_0_1-21,17,KCOIL,0,A,KCOIL_0_1-21,21.600,inter_mol
3926,30,KCOIL,0,G,linker,43,KCOIL,0,L,KCOIL_0_32-52,21.612,intra_mol
3927,17,ECOIL,0,A,ECOIL_0_1-21,3,KCOIL,0,A,KCOIL_0_1-21,21.617,inter_mol
3928,31,KCOIL,0,G,linker,45,KCOIL,0,E,KCOIL_0_32-52,21.623,intra_mol
3929,9,ECOIL,0,I,ECOIL_0_1-21,21,KCOIL,0,E,KCOIL_0_1-21,21.626,inter_mol
3930,49,ECOIL,0,A,ECOIL_0_32-52,16,KCOIL,0,I,KCOIL_0_1-21,21.630,inter_mol
3931,36,ECOIL,0,L,ECOIL_0_32-52,50,KCOIL,0,L,KCOIL_0_32-52,21.632,inter_mol
3932,5,ECOIL,0,L,ECOIL_0_1-21,17,KCOIL,0,A,KCOIL_0_1-21,21.632,inter_mol
3933,17,KCOIL,0,A,KCOIL_0_1-21,29,KCOIL,0,G,linker,21.635,intra_mol
3934,13,ECOIL,0,E,ECOIL_0_1-21,26,KCOIL,0,G,linker,21.639,inter_mol
3935,25,ECOIL,0,G,linker,43,ECOIL,0,L,ECOIL_0_32-52,21.652,intra_mol
3936,25,KCOIL,0,G,linker,39,KCOIL,0,K,KCOIL_0_32-52,21.659,intra_mol
3937,4,ECOIL,0,A,ECOIL_0_1-21,33,KCOIL,0,I,KCOIL_0_32-52,21.662,inter_mol
3938,2,ECOIL,0,I,ECOIL_0_1-21,37,KCOIL,0,K,KCOIL_0_32-52,21.675,inter_mol
3939,2,ECOIL,0,I,ECOIL_0_1-21,36,ECOIL,0,L,ECOIL_0_32-52,21.676,intra_mol
3940,5,ECOIL,0,L,ECOIL_0_1-21,34,ECOIL,0,A,ECOIL_0_32-52,21.682,intra_mol
3941,52,ECOIL,0,K,ECOIL_0_32-52,42,KCOIL,0,A,KCOIL_0_32-52,21.685,inter_mol
3942,27,ECOIL,0,G,linker,45,ECOIL,0,K,ECOIL_0_32-52,21.690,intra_mol
3943,6,ECOIL,0,E,ECOIL_0_1-21,38,ECOIL,0,K,ECOIL_0_32-52,21.691,intra_mol
3944,34,ECOIL,0,A,ECOIL_0_32-52,48,KCOIL,0,A,KCOIL_0_32-52,21.695,inter_mol
3945,35,KCOIL,0,A,KCOIL_0_32-52,49,KCOIL,0,A,KCOIL_0_32-52,21.702,intra_mol
3946,52,ECOIL,0,K,ECOIL_0_32-52,41,KCOIL,0,A,KCOIL_0_32-52,21.709,inter_mol
3947,3,ECOIL,0,A,ECOIL_0_1-21,36,ECOIL,0,L,ECOIL_0_32-52,21.712,intra_mol
3948,7,KCOIL,0,E,KCOIL_0_1-21,21,KCOIL,0,E,KCOIL_0_1-21,21.713,intra_mol
3949,4,KCOIL,0,A,KCOIL_0_1-21,37,KCOIL,0,K,KCOIL_0_32-52,21.719,intra_mol
3950,30,ECOIL,0,G,linker,45,KCOIL,0,E,KCOIL_0_32-52,21.727,inter_mol
3951,9,ECOIL,0,I,ECOIL_0_1-21,22,KCOIL,0,G,linker,21.732,inter_mol
3952,47,ECOIL,0,I,ECOIL_0_32-52,18,KCOIL,0,A,KCOIL_0_1-21,21.733,inter_mol
3953,34,ECOIL,0,A,ECOIL_0_32-52,7,KCOIL,0,E,KCOIL_0_1-21,21.736,inter_mol
3954,2,ECOIL,0,I,ECOIL_0_1-21,35,KCOIL,0,A,KCOIL_0_32-52,21.740,inter_mol
3955,11,KCOIL,0,A,KCOIL_0_1-21,49,KCOIL,0,A,KCOIL_0_32-52,21.746,intra_mol
3956,21,ECOIL,0,K,ECOIL_0_1-21,39,ECOIL,0,E,ECOIL_0_32-52,21.748,intra_mol
3957,45,ECOIL,0,K,ECOIL_0_32-52,33,KCOIL,0,I,KCOIL_0_32-52,21.755,inter_mol
3958,30,ECOIL,0,G,linker,46,ECOIL,0,E,ECOIL_0_32-52,21.755,intra_mol
3959,24,KCOIL,0,S,linker,38,KCOIL,0,E,KCOIL_0_32-52,21.759,intra_mol
3960,13,ECOIL,0,E,ECOIL_0_1-21,49,KCOIL,0,A,KCOIL_0_32-52,21.760,inter_mol
3961,15,ECOIL,0,E,ECOIL_0_1-21,48,KCOIL,0,A,KCOIL_0_32-52,21.762,inter_mol
3962,11,ECOIL,0,A,ECOIL_0_1-21,21,KCOIL,0,E,KCOIL_0_1-21,21.768,inter_mol
3963,12,ECOIL,0,L,ECOIL_0_1-21,28,KCOIL,0,S,linker,21.769,inter_mol
3964,7,ECOIL,0,K,ECOIL_0_1-21,35,ECOIL,0,A,ECOIL_0_32-52,21.774,intra_mol
3965,45,ECOIL,0,K,ECOIL_0_32-52,35,KCOIL,0,A,KCOIL_0_32-52,21.778,inter_mol
3966,14,KCOIL,0,E,KCOIL_0_1-21,30,KCOIL,0,G,linker,21.779,intra_mol
3967,41,ECOIL,0,A,ECOIL_0_32-52,31,KCOIL,0,G,linker,21.789,inter_mol
3968,23,ECOIL,0,G,linker,9,KCOIL,0,I,KCOIL_0_1-21,21.791,inter_mol
3969,28,ECOIL,0,S,linker,44,KCOIL,0,K,KCOIL_0_32-52,21.791,inter_mol
3970,39,ECOIL,0,E,ECOIL_0_32-52,26,KCOIL,0,G,linker,21.794,inter_mol
3971,20,ECOIL,0,E,ECOIL_0_1-21,44,KCOIL,0,K,KCOIL_0_32-52,21.804,inter_mol
3972,38,ECOIL,0,K,ECOIL_0_32-52,26,KCOIL,0,G,linker,21.805,inter_mol
3973,39,ECOIL,0,E,ECOIL_0_32-52,25,KCOIL,0,G,linker,21.806,inter_mol
3974,4,ECOIL,0,A,ECOIL_0_1-21,38,ECOIL,0,K,ECOIL_0_32-52,21.814,intra_mol
3975,18,ECOIL,0,A,ECOIL_0_1-21,4,KCOIL,0,A,KCOIL_0_1-21,21.821,inter_mol
3976,44,ECOIL,0,E,ECOIL_0_32-52,32,KCOIL,0,K,KCOIL_0_32-52,21.826,inter_mol
3977,17,KCOIL,0,A,KCOIL_0_1-21,47,KCOIL,0,I,KCOIL_0_32-52,21.834,intra_mol
3978,26,ECOIL,0,G,linker,9,KCOIL,0,I,KCOIL_0_1-21,21.843,inter_mol
3979,5,ECOIL,0,L,ECOIL_0_1-21,33,ECOIL,0,I,ECOIL_0_32-52,21.844,intra_mol
3980,9,ECOIL,0,I,ECOIL_0_1-21,23,KCOIL,0,G,linker,21.859,inter_mol
3981,24,ECOIL,0,S,linker,42,ECOIL,0,A,ECOIL_0_32-52,21.866,intra_mol
3982,7,ECOIL,0,K,ECOIL_0_1-21,37,ECOIL,0,E,ECOIL_0_32-52,21.876,intra_mol
3983,13,KCOIL,0,K,KCOIL_0_1-21,30,KCOIL,0,G,linker,21.876,intra_mol
3984,8,ECOIL,0,E,ECOIL_0_1-21,31,ECOIL,0,G,linker,21.878,intra_mol
3985,17,ECOIL,0,A,ECOIL_0_1-21,46,KCOIL,0,K,KCOIL_0_32-52,21.879,inter_mol
3986,51,ECOIL,0,E,ECOIL_0_32-52,15,KCOIL,0,K,KCOIL_0_1-21,21.881,inter_mol
3987,8,KCOIL,0,K,KCOIL_0_1-21,31,KCOIL,0,G,linker,21.885,intra_mol
3988,4,KCOIL,0,A,KCOIL_0_1-21,35,KCOIL,0,A,KCOIL_0_32-52,21.890,intra_mol
3989,38,ECOIL,0,K,ECOIL_0_32-52,52,KCOIL,0,E,KCOIL_0_32-52,21.898,inter_mol
3990,12,KCOIL,0,L,KCOIL_0_1-21,29,KCOIL,0,G,linker,21.920,intra_mol
3991,13,ECOIL,0,E,ECOIL_0_1-21,30,ECOIL,0,G,linker,21.921,intra_mol
3992,35,ECOIL,0,A,ECOIL_0_32-52,49,KCOIL,0,A,KCOIL_0_32-52,21.924,inter_mol
3993,39,ECOIL,0,E,ECOIL_0_32-52,1,KCOIL,0,K,KCOIL_0_1-21,21.925,inter_mol
3994,34,ECOIL,0,A,ECOIL_0_32-52,46,KCOIL,0,K,KCOIL_0_32-52,21.931,inter_mol
3995,20,KCOIL,0,K,KCOIL_0_1-21,42,KCOIL,0,A,KCOIL_0_32-52,21.936,intra_mol
3996,10,ECOIL,0,A,ECOIL_0_1-21,21,KCOIL,0,E,KCOIL_0_1-21,21.936,inter_mol
3997,6,KCOIL,0,K,KCOIL_0_1-21,38,KCOIL,0,E,KCOIL_0_32-52,21.977,intra_mol
3998,21,ECOIL,0,K,ECOIL_0_1-21,7,KCOIL,0,E,KCOIL_0_1-21,21.981,inter_mol
3999,4,ECOIL,0,A,ECOIL_0_1-21,35,ECOIL,0,A,ECOIL_0_32-52,21.992,intra_mol
4000,21,KCOIL,0,E,KCOIL_0_1-21,28,KCOIL,0,S,linker,21.999,intra_mol
4001,45,ECOIL,0,K,ECOIL_0_32-52,34,KCOIL,0,A,KCOIL_0_32-52,22.000,inter_mol
4002,8,ECOIL,0,E,ECOIL_0_1-21,52,ECOIL,0,K,ECOIL_0_32-52,22.015,intra_mol
4003,6,ECOIL,0,E,ECOIL_0_1-21,35,ECOIL,0,A,ECOIL_0_32-52,22.015,intra_mol
4004,38,KCOIL,0,E,KCOIL_0_32-52,52,KCOIL,0,E,KCOIL_0_32-52,22.016,intra_mol
4005,51,ECOIL,0,E,ECOIL_0_32-52,16,KCOIL,0,I,KCOIL_0_1-21,22.023,inter_mol
4006,29,ECOIL,0,G,linker,29,KCOIL,0,G,linker,22.025,inter_mol
4007,16,ECOIL,0,I,ECOIL_0_1-21,1,KCOIL,0,K,KCOIL_0_1-21,22.027,inter_mol
4008,16,ECOIL,0,I,ECOIL_0_1-21,48,KCOIL,0,A,KCOIL_0_32-52,22.028,inter_mol
4009,24,ECOIL,0,S,linker,43,KCOIL,0,L,KCOIL_0_32-52,22.031,inter_mol
4010,36,KCOIL,0,L,KCOIL_0_32-52,51,KCOIL,0,K,KCOIL_0_32-52,22.032,intra_mol
4011,46,ECOIL,0,E,ECOIL_0_32-52,20,KCOIL,0,K,KCOIL_0_1-21,22.033,inter_mol
4012,44,ECOIL,0,E,ECOIL_0_32-52,22,KCOIL,0,G,linker,22.034,inter_mol
4013,26,ECOIL,0,G,linker,43,ECOIL,0,L,ECOIL_0_32-52,22.036,intra_mol
4014,4,KCOIL,0,A,KCOIL_0_1-21,38,KCOIL,0,E,KCOIL_0_32-52,22.041,intra_mol
4015,50,ECOIL,0,L,ECOIL_0_32-52,36,KCOIL,0,L,KCOIL_0_32-52,22.041,inter_mol
4016,42,ECOIL,0,A,ECOIL_0_32-52,23,KCOIL,0,G,linker,22.045,inter_mol
4017,8,KCOIL,0,K,KCOIL_0_1-21,52,KCOIL,0,E,KCOIL_0_32-52,22.047,intra_mol
4018,7,KCOIL,0,E,KCOIL_0_1-21,35,KCOIL,0,A,KCOIL_0_32-52,22.053,intra_mol
4019,22,KCOIL,0,G,linker,38,KCOIL,0,E,KCOIL_0_32-52,22.054,intra_mol
4020,43,ECOIL,0,L,ECOIL_0_32-52,23,KCOIL,0,G,linker,22.058,inter_mol
4021,22,ECOIL,0,G,linker,41,KCOIL,0,A,KCOIL_0_32-52,22.068,inter_mol
4022,15,KCOIL,0,K,KCOIL_0_1-21,45,KCOIL,0,E,KCOIL_0_32-52,22.071,intra_mol
4023,15,KCOIL,0,K,KCOIL_0_1-21,28,KCOIL,0,S,linker,22.071,intra_mol
4024,15,ECOIL,0,E,ECOIL_0_1-21,2,KCOIL,0,I,KCOIL_0_1-21,22.076,inter_mol
4025,5,ECOIL,0,L,ECOIL_0_1-21,20,ECOIL,0,E,ECOIL_0_1-21,22.081,intra_mol
4026,29,KCOIL,0,G,linker,41,KCOIL,0,A,KCOIL_0_32-52,22.086,intra_mol
4027,11,ECOIL,0,A,ECOIL_0_1-21,25,KCOIL,0,G,linker,22.107,inter_mol
4028,10,ECOIL,0,A,ECOIL_0_1-21,31,ECOIL,0,G,linker,22.115,intra_mol
4029,11,KCOIL,0,A,KCOIL_0_1-21,25,KCOIL,0,G,linker,22.118,intra_mol
4030,52,ECOIL,0,K,ECOIL_0_32-52,14,KCOIL,0,E,KCOIL_0_1-21,22.121,inter_mol
4031,14,ECOIL,0,K,ECOIL_0_1-21,46,ECOIL,0,E,ECOIL_0_32-52,22.127,intra_mol
4032,47,ECOIL,0,I,ECOIL_0_32-52,34,KCOIL,0,A,KCOIL_0_32-52,22.127,inter_mol
4033,47,ECOIL,0,I,ECOIL_0_32-52,20,KCOIL,0,K,KCOIL_0_1-21,22.128,inter_mol
4034,27,ECOIL,0,G,linker,42,KCOIL,0,A,KCOIL_0_32-52,22.129,inter_mol
4035,32,ECOIL,0,E,ECOIL_0_32-52,46,KCOIL,0,K,KCOIL_0_32-52,22.137,inter_mol
4036,7,ECOIL,0,K,ECOIL_0_1-21,19,KCOIL,0,L,KCOIL_0_1-21,22.141,inter_mol
4037,18,KCOIL,0,A,KCOIL_0_1-21,42,KCOIL,0,A,KCOIL_0_32-52,22.141,intra_mol
4038,51,ECOIL,0,E,ECOIL_0_32-52,39,KCOIL,0,K,KCOIL_0_32-52,22.146,inter_mol
4039,32,ECOIL,0,E,ECOIL_0_32-52,47,KCOIL,0,I,KCOIL_0_32-52,22.151,inter_mol
4040,17,ECOIL,0,A,ECOIL_0_1-21,47,KCOIL,0,I,KCOIL_0_32-52,22.162,inter_mol
4041,15,ECOIL,0,E,ECOIL_0_1-21,45,ECOIL,0,K,ECOIL_0_32-52,22.165,intra_mol
4042,47,ECOIL,0,I,ECOIL_0_32-52,19,KCOIL,0,L,KCOIL_0_1-21,22.167,inter_mol
4043,19,ECOIL,0,L,ECOIL_0_1-21,6,KCOIL,0,K,KCOIL_0_1-21,22.172,inter_mol
4044,11,ECOIL,0,A,ECOIL_0_1-21,24,KCOIL,0,S,linker,22.183,inter_mol
4045,28,ECOIL,0,S,linker,39,KCOIL,0,K,KCOIL_0_32-52,22.188,inter_mol
4046,6,KCOIL,0,K,KCOIL_0_1-21,35,KCOIL,0,A,KCOIL_0_32-52,22.196,intra_mol
4047,24,ECOIL,0,S,linker,42,KCOIL,0,A,KCOIL_0_32-52,22.198,inter_mol
4048,4,ECOIL,0,A,ECOIL_0_1-21,37,ECOIL,0,E,ECOIL_0_32-52,22.199,intra_mol
4049,9,ECOIL,0,I,ECOIL_0_1-21,25,ECOIL,0,G,linker,22.207,intra_mol
4050,12,ECOIL,0,L,ECOIL_0_1-21,52,KCOIL,0,E,KCOIL_0_32-52,22.209,inter_mol
4051,15,ECOIL,0,E,ECOIL_0_1-21,1,KCOIL,0,K,KCOIL_0_1-21,22.209,inter_mol
4052,17,KCOIL,0,A,KCOIL_0_1-21,28,KCOIL,0,S,linker,22.217,intra_mol
4053,24,KCOIL,0,S,linker,39,KCOIL,0,K,KCOIL_0_32-52,22.220,intra_mol
4054,10,ECOIL,0,A,ECOIL_0_1-21,25,ECOIL,0,G,linker,22.223,intra_mol
4055,47,ECOIL,0,I,ECOIL_0_32-52,33,KCOIL,0,I,KCOIL_0_32-52,22.237,inter_mol
4056,49,ECOIL,0,A,ECOIL_0_32-52,37,KCOIL,0,K,KCOIL_0_32-52,22.240,inter_mol
4057,40,ECOIL,0,I,ECOIL_0_32-52,26,KCOIL,0,G,linker,22.242,inter_mol
4058,40,ECOIL,0,I,ECOIL_0_32-52,27,KCOIL,0,G,linker,22.245,inter_mol
4059,38,ECOIL,0,K,ECOIL_0_32-52,27,KCOIL,0,G,linker,22.250,inter_mol
4060,14,KCOIL,0,E,KCOIL_0_1-21,46,KCOIL,0,K,KCOIL_0_32-52,22.270,intra_mol
4061,8,KCOIL,0,K,KCOIL_0_1-21,23,KCOIL,0,G,linker,22.277,intra_mol
4062,42,ECOIL,0,A,ECOIL_0_32-52,31,KCOIL,0,G,linker,22.278,inter_mol
4063,8,ECOIL,0,E,ECOIL_0_1-21,24,ECOIL,0,S,linker,22.279,intra_mol
4064,50,ECOIL,0,L,ECOIL_0_32-52,16,KCOIL,0,I,KCOIL_0_1-21,22.287,inter_mol
4065,8,ECOIL,0,E,ECOIL_0_1-21,23,ECOIL,0,G,linker,22.298,intra_mol
4066,8,ECOIL,0,E,ECOIL_0_1-21,20,KCOIL,0,K,KCOIL_0_1-21,22.302,inter_mol
4067,44,ECOIL,0,E,ECOIL_0_32-52,23,KCOIL,0,G,linker,22.302,inter_mol
4068,24,ECOIL,0,S,linker,8,KCOIL,0,K,KCOIL_0_1-21,22.306,inter_mol
4069,23,ECOIL,0,G,linker,41,ECOIL,0,A,ECOIL_0_32-52,22.309,intra_mol
4070,11,ECOIL,0,A,ECOIL_0_1-21,26,KCOIL,0,G,linker,22.313,inter_mol
4071,3,ECOIL,0,A,ECOIL_0_1-21,16,KCOIL,0,I,KCOIL_0_1-21,22.330,inter_mol
4072,4,ECOIL,0,A,ECOIL_0_1-21,19,ECOIL,0,L,ECOIL_0_1-21,22.343,intra_mol
4073,50,ECOIL,0,L,ECOIL_0_32-52,37,KCOIL,0,K,KCOIL_0_32-52,22.345,inter_mol
4074,29,ECOIL,0,G,linker,43,KCOIL,0,L,KCOIL_0_32-52,22.347,inter_mol
4075,19,ECOIL,0,L,ECOIL_0_1-21,45,KCOIL,0,E,KCOIL_0_32-52,22.353,inter_mol
4076,9,ECOIL,0,I,ECOIL_0_1-21,30,ECOIL,0,G,linker,22.362,intra_mol
4077,2,ECOIL,0,I,ECOIL_0_1-21,16,KCOIL,0,I,KCOIL_0_1-21,22.363,inter_mol
4078,37,ECOIL,0,E,ECOIL_0_32-52,29,KCOIL,0,G,linker,22.364,inter_mol
4079,21,KCOIL,0,E,KCOIL_0_1-21,29,KCOIL,0,G,linker,22.371,intra_mol
4080,37,ECOIL,0,E,ECOIL_0_32-52,52,ECOIL,0,K,ECOIL_0_32-52,22.373,intra_mol
4081,4,KCOIL,0,A,KCOIL_0_1-21,19,KCOIL,0,L,KCOIL_0_1-21,22.384,intra_mol
4082,21,ECOIL,0,K,ECOIL_0_1-21,30,ECOIL,0,G,linker,22.394,intra_mol
4083,6,ECOIL,0,E,ECOIL_0_1-21,18,KCOIL,0,A,KCOIL_0_1-21,22.396,inter_mol
4084,23,KCOIL,0,G,linker,41,KCOIL,0,A,KCOIL_0_32-52,22.397,intra_mol
4085,10,KCOIL,0,A,KCOIL_0_1-21,24,KCOIL,0,S,linker,22.414,intra_mol
4086,14,KCOIL,0,E,KCOIL_0_1-21,26,KCOIL,0,G,linker,22.417,intra_mol
4087,11,ECOIL,0,A,ECOIL_0_1-21,26,ECOIL,0,G,linker,22.423,intra_mol
4088,10,KCOIL,0,A,KCOIL_0_1-21,31,KCOIL,0,G,linker,22.423,intra_mol
4089,5,KCOIL,0,L,KCOIL_0_1-21,20,KCOIL,0,K,KCOIL_0_1-21,22.429,intra_mol
4090,43,ECOIL,0,L,ECOIL_0_32-52,22,KCOIL,0,G,linker,22.431,inter_mol
4091,35,ECOIL,0,A,ECOIL_0_32-52,50,ECOIL,0,L,ECOIL_0_32-52,22.440,intra_mol
4092,35,ECOIL,0,A,ECOIL_0_32-52,4,KCOIL,0,A,KCOIL_0_1-21,22.443,inter_mol
4093,1,ECOIL,0,E,ECOIL_0_1-21,13,KCOIL,0,K,KCOIL_0_1-21,22.451,inter_mol
4094,6,KCOIL,0,K,KCOIL_0_1-21,21,KCOIL,0,E,KCOIL_0_1-21,22.453,intra_mol
4095,32,KCOIL,0,K,KCOIL_0_32-52,47,KCOIL,0,I,KCOIL_0_32-52,22.461,intra_mol
4096,6,ECOIL,0,E,ECOIL_0_1-21,19,KCOIL,0,L,KCOIL_0_1-21,22.468,inter_mol
4097,49,ECOIL,0,A,ECOIL_0_32-52,36,KCOIL,0,L,KCOIL_0_32-52,22.475,inter_mol
4098,2,ECOIL,0,I,ECOIL_0_1-21,38,ECOIL,0,K,ECOIL_0_32-52,22.489,intra_mol
4099,21,ECOIL,0,K,ECOIL_0_1-21,29,ECOIL,0,G,linker,22.496,intra_mol
4100,5,ECOIL,0,L,ECOIL_0_1-21,19,KCOIL,0,L,KCOIL_0_1-21,22.506,inter_mol
4101,36,ECOIL,0,L,ECOIL_0_32-52,51,ECOIL,0,E,ECOIL_0_32-52,22.510,intra_mol
4102,19,ECOIL,0,L,ECOIL_0_1-21,4,KCOIL,0,A,KCOIL_0_1-21,22.516,inter_mol
4103,10,ECOIL,0,A,ECOIL_0_1-21,27,ECOIL,0,G,linker,22.518,intra_mol
4104,39,ECOIL,0,E,ECOIL_0_32-52,29,KCOIL,0,G,linker,22.521,inter_mol
4105,7,ECOIL,0,K,ECOIL_0_1-21,38,ECOIL,0,K,ECOIL_0_32-52,22.522,intra_mol
4106,13,ECOIL,0,E,ECOIL_0_1-21,29,ECOIL,0,G,linker,22.526,intra_mol
4107,37,ECOIL,0,E,ECOIL_0_32-52,50,KCOIL,0,L,KCOIL_0_32-52,22.527,inter_mol
4108,50,ECOIL,0,L,ECOIL_0_32-52,38,KCOIL,0,E,KCOIL_0_32-52,22.535,inter_mol
4109,18,ECOIL,0,A,ECOIL_0_1-21,6,KCOIL,0,K,KCOIL_0_1-21,22.546,inter_mol
4110,10,ECOIL,0,A,ECOIL_0_1-21,29,KCOIL,0,G,linker,22.549,inter_mol
4111,22,ECOIL,0,G,linker,41,ECOIL,0,A,ECOIL_0_32-52,22.550,intra_mol
4112,23,ECOIL,0,G,linker,8,KCOIL,0,K,KCOIL_0_1-21,22.569,inter_mol
4113,1,ECOIL,0,E,ECOIL_0_1-21,36,ECOIL,0,L,ECOIL_0_32-52,22.572,intra_mol
4114,37,ECOIL,0,E,ECOIL_0_32-52,49,KCOIL,0,A,KCOIL_0_32-52,22.576,inter_mol
4115,7,ECOIL,0,K,ECOIL_0_1-21,17,KCOIL,0,A,KCOIL_0_1-21,22.576,inter_mol
4116,42,ECOIL,0,A,ECOIL_0_32-52,22,KCOIL,0,G,linker,22.599,inter_mol
4117,5,ECOIL,0,L,ECOIL_0_1-21,32,ECOIL,0,E,ECOIL_0_32-52,22.622,intra_mol
4118,33,ECOIL,0,I,ECOIL_0_32-52,46,KCOIL,0,K,KCOIL_0_32-52,22.622,inter_mol
4119,13,ECOIL,0,E,ECOIL_0_1-21,51,KCOIL,0,K,KCOIL_0_32-52,22.650,inter_mol
4120,27,KCOIL,0,G,linker,41,KCOIL,0,A,KCOIL_0_32-52,22.668,intra_mol
4121,21,ECOIL,0,K,ECOIL_0_1-21,43,KCOIL,0,L,KCOIL_0_32-52,22.671,inter_mol
4122,7,KCOIL,0,E,KCOIL_0_1-21,33,KCOIL,0,I,KCOIL_0_32-52,22.678,intra_mol
4123,2,KCOIL,0,I,KCOIL_0_1-21,37,KCOIL,0,K,KCOIL_0_32-52,22.678,intra_mol
4124,25,ECOIL,0,G,linker,44,KCOIL,0,K,KCOIL_0_32-52,22.679,inter_mol
4125,25,ECOIL,0,G,linker,43,KCOIL,0,L,KCOIL_0_32-52,22.684,inter_mol
4126,11,ECOIL,0,A,ECOIL_0_1-21,30,ECOIL,0,G,linker,22.688,intra_mol
4127,28,KCOIL,0,S,linker,40,KCOIL,0,I,KCOIL_0_32-52,22.689,intra_mol
4128,19,ECOIL,0,L,ECOIL_0_1-21,46,KCOIL,0,K,KCOIL_0_32-52,22.694,inter_mol
4129,25,ECOIL,0,G,linker,42,KCOIL,0,A,KCOIL_0_32-52,22.713,inter_mol
4130,1,KCOIL,0,K,KCOIL_0_1-21,36,KCOIL,0,L,KCOIL_0_32-52,22.716,intra_mol
4131,13,KCOIL,0,K,KCOIL_0_1-21,26,KCOIL,0,G,linker,22.729,intra_mol
4132,29,ECOIL,0,G,linker,42,KCOIL,0,A,KCOIL_0_32-52,22.735,inter_mol
4133,46,ECOIL,0,E,ECOIL_0_32-52,19,KCOIL,0,L,KCOIL_0_1-21,22.736,inter_mol
4134,31,KCOIL,0,G,linker,46,KCOIL,0,K,KCOIL_0_32-52,22.738,intra_mol
4135,1,ECOIL,0,E,ECOIL_0_1-21,16,ECOIL,0,I,ECOIL_0_1-21,22.744,intra_mol
4136,35,KCOIL,0,A,KCOIL_0_32-52,50,KCOIL,0,L,KCOIL_0_32-52,22.757,intra_mol
4137,3,KCOIL,0,A,KCOIL_0_1-21,18,KCOIL,0,A,KCOIL_0_1-21,22.757,intra_mol
4138,7,ECOIL,0,K,ECOIL_0_1-21,33,ECOIL,0,I,ECOIL_0_32-52,22.765,intra_mol
4139,7,KCOIL,0,E,KCOIL_0_1-21,52,KCOIL,0,E,KCOIL_0_32-52,22.767,intra_mol
4140,6,KCOIL,0,K,KCOIL_0_1-21,33,KCOIL,0,I,KCOIL_0_32-52,22.778,intra_mol
4141,35,ECOIL,0,A,ECOIL_0_32-52,50,KCOIL,0,L,KCOIL_0_32-52,22.790,inter_mol
4142,27,ECOIL,0,G,linker,8,KCOIL,0,K,KCOIL_0_1-21,22.796,inter_mol
4143,48,ECOIL,0,A,ECOIL_0_32-52,38,KCOIL,0,E,KCOIL_0_32-52,22.801,inter_mol
4144,22,ECOIL,0,G,linker,43,KCOIL,0,L,KCOIL_0_32-52,22.803,inter_mol
4145,2,KCOIL,0,I,KCOIL_0_1-21,38,KCOIL,0,E,KCOIL_0_32-52,22.805,intra_mol
4146,24,ECOIL,0,S,linker,44,KCOIL,0,K,KCOIL_0_32-52,22.806,inter_mol
4147,11,ECOIL,0,A,ECOIL_0_1-21,28,KCOIL,0,S,linker,22.808,inter_mol
4148,29,ECOIL,0,G,linker,46,ECOIL,0,E,ECOIL_0_32-52,22.811,intra_mol
4149,21,KCOIL,0,E,KCOIL_0_1-21,39,KCOIL,0,K,KCOIL_0_32-52,22.828,intra_mol
4150,7,KCOIL,0,E,KCOIL_0_1-21,38,KCOIL,0,E,KCOIL_0_32-52,22.831,intra_mol
4151,18,ECOIL,0,A,ECOIL_0_1-21,46,KCOIL,0,K,KCOIL_0_32-52,22.843,inter_mol
4152,26,ECOIL,0,G,linker,44,ECOIL,0,E,ECOIL_0_32-52,22.856,intra_mol
4153,7,ECOIL,0,K,ECOIL_0_1-21,18,KCOIL,0,A,KCOIL_0_1-21,22.859,inter_mol
4154,50,ECOIL,0,L,ECOIL_0_32-52,15,KCOIL,0,K,KCOIL_0_1-21,22.873,inter_mol
4155,17,ECOIL,0,A,ECOIL_0_1-21,45,KCOIL,0,E,KCOIL_0_32-52,22.873,inter_mol
4156,20,ECOIL,0,E,ECOIL_0_1-21,47,ECOIL,0,I,ECOIL_0_32-52,22.891,intra_mol
4157,34,ECOIL,0,A,ECOIL_0_32-52,49,ECOIL,0,A,ECOIL_0_32-52,22.898,intra_mol
4158,41,ECOIL,0,A,ECOIL_0_32-52,24,KCOIL,0,S,linker,22.914,inter_mol
4159,10,ECOIL,0,A,ECOIL_0_1-21,52,KCOIL,0,E,KCOIL_0_32-52,22.915,inter_mol
4160,6,ECOIL,0,E,ECOIL_0_1-21,21,ECOIL,0,K,ECOIL_0_1-21,22.926,intra_mol
4161,49,ECOIL,0,A,ECOIL_0_32-52,15,KCOIL,0,K,KCOIL_0_1-21,22.936,inter_mol
4162,3,ECOIL,0,A,ECOIL_0_1-21,32,KCOIL,0,K,KCOIL_0_32-52,22.937,inter_mol
4163,5,ECOIL,0,L,ECOIL_0_1-21,31,KCOIL,0,G,linker,22.938,inter_mol
4164,21,ECOIL,0,K,ECOIL_0_1-21,41,ECOIL,0,A,ECOIL_0_32-52,22.939,intra_mol
4165,7,ECOIL,0,K,ECOIL_0_1-21,30,KCOIL,0,G,linker,22.950,inter_mol
4166,23,ECOIL,0,G,linker,43,KCOIL,0,L,KCOIL_0_32-52,22.959,inter_mol
4167,2,KCOIL,0,I,KCOIL_0_1-21,17,KCOIL,0,A,KCOIL_0_1-21,22.968,intra_mol
4168,7,KCOIL,0,E,KCOIL_0_1-21,32,KCOIL,0,K,KCOIL_0_32-52,22.970,intra_mol
4169,31,ECOIL,0,G,linker,8,KCOIL,0,K,KCOIL_0_1-21,22.976,inter_mol
4170,3,ECOIL,0,A,ECOIL_0_1-21,34,KCOIL,0,A,KCOIL_0_32-52,22.992,inter_mol
4171,14,KCOIL,0,E,KCOIL_0_1-21,45,KCOIL,0,E,KCOIL_0_32-52,22.998,intra_mol
4172,46,ECOIL,0,E,ECOIL_0_32-52,18,KCOIL,0,A,KCOIL_0_1-21,23.001,inter_mol
4173,19,ECOIL,0,L,ECOIL_0_1-21,47,ECOIL,0,I,ECOIL_0_32-52,23.005,intra_mol
4174,10,ECOIL,0,A,ECOIL_0_1-21,52,ECOIL,0,K,ECOIL_0_32-52,23.007,intra_mol
4175,14,KCOIL,0,E,KCOIL_0_1-21,48,KCOIL,0,A,KCOIL_0_32-52,23.014,intra_mol
4176,37,ECOIL,0,E,ECOIL_0_32-52,28,KCOIL,0,S,linker,23.018,inter_mol
4177,9,KCOIL,0,I,KCOIL_0_1-21,30,KCOIL,0,G,linker,23.022,intra_mol
4178,5,ECOIL,0,L,ECOIL_0_1-21,18,KCOIL,0,A,KCOIL_0_1-21,23.026,inter_mol
4179,2,ECOIL,0,I,ECOIL_0_1-21,37,ECOIL,0,E,ECOIL_0_32-52,23.033,intra_mol
4180,2,ECOIL,0,I,ECOIL_0_1-21,17,ECOIL,0,A,ECOIL_0_1-21,23.040,intra_mol
4181,23,ECOIL,0,G,linker,42,KCOIL,0,A,KCOIL_0_32-52,23.043,inter_mol
4182,3,ECOIL,0,A,ECOIL_0_1-21,18,ECOIL,0,A,ECOIL_0_1-21,23.057,intra_mol
4183,21,ECOIL,0,K,ECOIL_0_1-21,43,ECOIL,0,L,ECOIL_0_32-52,23.060,intra_mol
4184,24,ECOIL,0,S,linker,44,ECOIL,0,E,ECOIL_0_32-52,23.070,intra_mol
4185,15,ECOIL,0,E,ECOIL_0_1-21,50,KCOIL,0,L,KCOIL_0_32-52,23.075,inter_mol
4186,15,ECOIL,0,E,ECOIL_0_1-21,49,KCOIL,0,A,KCOIL_0_32-52,23.081,inter_mol
4187,22,ECOIL,0,G,linker,43,ECOIL,0,L,ECOIL_0_32-52,23.106,intra_mol
4188,33,KCOIL,0,I,KCOIL_0_32-52,48,KCOIL,0,A,KCOIL_0_32-52,23.108,intra_mol
4189,33,ECOIL,0,I,ECOIL_0_32-52,48,ECOIL,0,A,ECOIL_0_32-52,23.111,intra_mol
4190,19,ECOIL,0,L,ECOIL_0_1-21,47,KCOIL,0,I,KCOIL_0_32-52,23.120,inter_mol
4191,45,ECOIL,0,K,ECOIL_0_32-52,21,KCOIL,0,E,KCOIL_0_1-21,23.125,inter_mol
4192,25,ECOIL,0,G,linker,44,ECOIL,0,E,ECOIL_0_32-52,23.133,intra_mol
4193,21,ECOIL,0,K,ECOIL_0_1-21,41,KCOIL,0,A,KCOIL_0_32-52,23.148,inter_mol
4194,35,ECOIL,0,A,ECOIL_0_32-52,2,KCOIL,0,I,KCOIL_0_1-21,23.152,inter_mol
4195,23,ECOIL,0,G,linker,43,ECOIL,0,L,ECOIL_0_32-52,23.155,intra_mol
4196,14,KCOIL,0,E,KCOIL_0_1-21,27,KCOIL,0,G,linker,23.158,intra_mol
4197,21,ECOIL,0,K,ECOIL_0_1-21,38,ECOIL,0,K,ECOIL_0_32-52,23.180,intra_mol
4198,8,ECOIL,0,E,ECOIL_0_1-21,29,KCOIL,0,G,linker,23.184,inter_mol
4199,37,KCOIL,0,K,KCOIL_0_32-52,52,KCOIL,0,E,KCOIL_0_32-52,23.185,intra_mol
4200,31,ECOIL,0,G,linker,47,KCOIL,0,I,KCOIL_0_32-52,23.191,inter_mol
4201,14,ECOIL,0,K,ECOIL_0_1-21,48,KCOIL,0,A,KCOIL_0_32-52,23.194,inter_mol
4202,17,ECOIL,0,A,ECOIL_0_1-21,46,ECOIL,0,E,ECOIL_0_32-52,23.208,intra_mol
4203,29,KCOIL,0,G,linker,42,KCOIL,0,A,KCOIL_0_32-52,23.209,intra_mol
4204,6,ECOIL,0,E,ECOIL_0_1-21,33,ECOIL,0,I,ECOIL_0_32-52,23.216,intra_mol
4205,49,ECOIL,0,A,ECOIL_0_32-52,38,KCOIL,0,E,KCOIL_0_32-52,23.216,inter_mol
4206,16,ECOIL,0,I,ECOIL_0_1-21,50,ECOIL,0,L,ECOIL_0_32-52,23.217,intra_mol
4207,32,ECOIL,0,E,ECOIL_0_32-52,47,ECOIL,0,I,ECOIL_0_32-52,23.221,intra_mol
4208,34,KCOIL,0,A,KCOIL_0_32-52,49,KCOIL,0,A,KCOIL_0_32-52,23.231,intra_mol
4209,26,ECOIL,0,G,linker,44,KCOIL,0,K,KCOIL_0_32-52,23.298,inter_mol
4210,12,ECOIL,0,L,ECOIL_0_1-21,52,ECOIL,0,K,ECOIL_0_32-52,23.311,intra_mol
4211,14,ECOIL,0,K,ECOIL_0_1-21,50,KCOIL,0,L,KCOIL_0_32-52,23.313,inter_mol
4212,48,ECOIL,0,A,ECOIL_0_32-52,20,KCOIL,0,K,KCOIL_0_1-21,23.324,inter_mol
4213,43,ECOIL,0,L,ECOIL_0_32-52,30,KCOIL,0,G,linker,23.326,inter_mol
4214,22,ECOIL,0,G,linker,42,KCOIL,0,A,KCOIL_0_32-52,23.333,inter_mol
4215,7,ECOIL,0,K,ECOIL_0_1-21,22,ECOIL,0,G,linker,23.338,intra_mol
4216,13,KCOIL,0,K,KCOIL_0_1-21,27,KCOIL,0,G,linker,23.340,intra_mol
4217,10,KCOIL,0,A,KCOIL_0_1-21,52,KCOIL,0,E,KCOIL_0_32-52,23.350,intra_mol
4218,28,ECOIL,0,S,linker,43,KCOIL,0,L,KCOIL_0_32-52,23.360,inter_mol
4219,17,ECOIL,0,A,ECOIL_0_1-21,45,ECOIL,0,K,ECOIL_0_32-52,23.375,intra_mol
4220,4,ECOIL,0,A,ECOIL_0_1-21,31,KCOIL,0,G,linker,23.382,inter_mol
4221,17,ECOIL,0,A,ECOIL_0_1-21,1,KCOIL,0,K,KCOIL_0_1-21,23.382,inter_mol
4222,30,KCOIL,0,G,linker,44,KCOIL,0,K,KCOIL_0_32-52,23.388,intra_mol
4223,1,KCOIL,0,K,KCOIL_0_1-21,16,KCOIL,0,I,KCOIL_0_1-21,23.389,intra_mol
4224,17,ECOIL,0,A,ECOIL_0_1-21,2,KCOIL,0,I,KCOIL_0_1-21,23.390,inter_mol
4225,18,ECOIL,0,A,ECOIL_0_1-21,45,KCOIL,0,E,KCOIL_0_32-52,23.395,inter_mol
4226,16,ECOIL,0,I,ECOIL_0_1-21,51,ECOIL,0,E,ECOIL_0_32-52,23.399,intra_mol
4227,51,ECOIL,0,E,ECOIL_0_32-52,17,KCOIL,0,A,KCOIL_0_1-21,23.417,inter_mol
4228,16,KCOIL,0,I,KCOIL_0_1-21,51,KCOIL,0,K,KCOIL_0_32-52,23.419,intra_mol
4229,20,ECOIL,0,E,ECOIL_0_1-21,3,KCOIL,0,A,KCOIL_0_1-21,23.420,inter_mol
4230,7,ECOIL,0,K,ECOIL_0_1-21,52,ECOIL,0,K,ECOIL_0_32-52,23.423,intra_mol
4231,7,ECOIL,0,K,ECOIL_0_1-21,32,ECOIL,0,E,ECOIL_0_32-52,23.424,intra_mol
4232,35,ECOIL,0,A,ECOIL_0_32-52,3,KCOIL,0,A,KCOIL_0_1-21,23.425,inter_mol
4233,3,KCOIL,0,A,KCOIL_0_1-21,37,KCOIL,0,K,KCOIL_0_32-52,23.437,intra_mol
4234,19,KCOIL,0,L,KCOIL_0_1-21,47,KCOIL,0,I,KCOIL_0_32-52,23.437,intra_mol
4235,15,KCOIL,0,K,KCOIL_0_1-21,48,KCOIL,0,A,KCOIL_0_32-52,23.441,intra_mol
4236,9,ECOIL,0,I,ECOIL_0_1-21,28,ECOIL,0,S,linker,23.442,intra_mol
4237,33,ECOIL,0,I,ECOIL_0_32-52,4,KCOIL,0,A,KCOIL_0_1-21,23.444,inter_mol
4238,48,ECOIL,0,A,ECOIL_0_32-52,18,KCOIL,0,A,KCOIL_0_1-21,23.462,inter_mol
4239,16,ECOIL,0,I,ECOIL_0_1-21,50,KCOIL,0,L,KCOIL_0_32-52,23.462,inter_mol
4240,40,ECOIL,0,I,ECOIL_0_32-52,29,KCOIL,0,G,linker,23.477,inter_mol
4241,1,ECOIL,0,E,ECOIL_0_1-21,38,ECOIL,0,K,ECOIL_0_32-52,23.481,intra_mol
4242,11,ECOIL,0,A,ECOIL_0_1-21,52,KCOIL,0,E,KCOIL_0_32-52,23.485,inter_mol
4243,4,ECOIL,0,A,ECOIL_0_1-21,20,ECOIL,0,E,ECOIL_0_1-21,23.489,intra_mol
4244,15,ECOIL,0,E,ECOIL_0_1-21,48,ECOIL,0,A,ECOIL_0_32-52,23.498,intra_mol
4245,9,ECOIL,0,I,ECOIL_0_1-21,29,ECOIL,0,G,linker,23.500,intra_mol
4246,32,ECOIL,0,E,ECOIL_0_32-52,48,KCOIL,0,A,KCOIL_0_32-52,23.505,inter_mol
4247,32,ECOIL,0,E,ECOIL_0_32-52,5,KCOIL,0,L,KCOIL_0_1-21,23.511,inter_mol
4248,49,ECOIL,0,A,ECOIL_0_32-52,17,KCOIL,0,A,KCOIL_0_1-21,23.512,inter_mol
4249,1,ECOIL,0,E,ECOIL_0_1-21,34,KCOIL,0,A,KCOIL_0_32-52,23.536,inter_mol
4250,19,ECOIL,0,L,ECOIL_0_1-21,45,ECOIL,0,K,ECOIL_0_32-52,23.544,intra_mol
4251,7,KCOIL,0,E,KCOIL_0_1-21,22,KCOIL,0,G,linker,23.556,intra_mol
4252,17,KCOIL,0,A,KCOIL_0_1-21,45,KCOIL,0,E,KCOIL_0_32-52,23.558,intra_mol
4253,9,ECOIL,0,I,ECOIL_0_1-21,26,ECOIL,0,G,linker,23.559,intra_mol
4254,10,ECOIL,0,A,ECOIL_0_1-21,27,KCOIL,0,G,linker,23.563,inter_mol
4255,12,KCOIL,0,L,KCOIL_0_1-21,52,KCOIL,0,E,KCOIL_0_32-52,23.563,intra_mol
4256,16,ECOIL,0,I,ECOIL_0_1-21,49,ECOIL,0,A,ECOIL_0_32-52,23.580,intra_mol
4257,4,KCOIL,0,A,KCOIL_0_1-21,32,KCOIL,0,K,KCOIL_0_32-52,23.581,intra_mol
4258,14,ECOIL,0,K,ECOIL_0_1-21,45,ECOIL,0,K,ECOIL_0_32-52,23.593,intra_mol
4259,16,KCOIL,0,I,KCOIL_0_1-21,50,KCOIL,0,L,KCOIL_0_32-52,23.594,intra_mol
4260,8,KCOIL,0,K,KCOIL_0_1-21,30,KCOIL,0,G,linker,23.597,intra_mol
4261,9,KCOIL,0,I,KCOIL_0_1-21,24,KCOIL,0,S,linker,23.609,intra_mol
4262,33,ECOIL,0,I,ECOIL_0_32-52,48,KCOIL,0,A,KCOIL_0_32-52,23.622,inter_mol
4263,14,KCOIL,0,E,KCOIL_0_1-21,50,KCOIL,0,L,KCOIL_0_32-52,23.622,intra_mol
4264,19,ECOIL,0,L,ECOIL_0_1-21,46,ECOIL,0,E,ECOIL_0_32-52,23.634,intra_mol
4265,13,ECOIL,0,E,ECOIL_0_1-21,28,KCOIL,0,S,linker,23.634,inter_mol
4266,18,ECOIL,0,A,ECOIL_0_1-21,47,ECOIL,0,I,ECOIL_0_32-52,23.641,intra_mol
4267,51,ECOIL,0,E,ECOIL_0_32-52,36,KCOIL,0,L,KCOIL_0_32-52,23.643,inter_mol
4268,14,ECOIL,0,K,ECOIL_0_1-21,48,ECOIL,0,A,ECOIL_0_32-52,23.644,intra_mol
4269,31,ECOIL,0,G,linker,47,ECOIL,0,I,ECOIL_0_32-52,23.646,intra_mol
4270,6,KCOIL,0,K,KCOIL_0_1-21,34,KCOIL,0,A,KCOIL_0_32-52,23.651,intra_mol
4271,34,ECOIL,0,A,ECOIL_0_32-52,4,KCOIL,0,A,KCOIL_0_1-21,23.652,inter_mol
4272,22,KCOIL,0,G,linker,41,KCOIL,0,A,KCOIL_0_32-52,23.657,intra_mol
4273,8,ECOIL,0,E,ECOIL_0_1-21,25,ECOIL,0,G,linker,23.669,intra_mol
4274,11,KCOIL,0,A,KCOIL_0_1-21,26,KCOIL,0,G,linker,23.676,intra_mol
4275,21,KCOIL,0,E,KCOIL_0_1-21,38,KCOIL,0,E,KCOIL_0_32-52,23.684,intra_mol
4276,14,ECOIL,0,K,ECOIL_0_1-21,30,ECOIL,0,G,linker,23.685,intra_mol
4277,19,KCOIL,0,L,KCOIL_0_1-21,45,KCOIL,0,E,KCOIL_0_32-52,23.691,intra_mol
4278,23,KCOIL,0,G,linker,43,KCOIL,0,L,KCOIL_0_32-52,23.718,intra_mol
4279,4,KCOIL,0,A,KCOIL_0_1-21,33,KCOIL,0,I,KCOIL_0_32-52,23.723,intra_mol
4280,14,ECOIL,0,K,ECOIL_0_1-21,28,ECOIL,0,S,linker,23.724,intra_mol
4281,8,ECOIL,0,E,ECOIL_0_1-21,27,ECOIL,0,G,linker,23.727,intra_mol
4282,27,ECOIL,0,G,linker,46,ECOIL,0,E,ECOIL_0_32-52,23.740,intra_mol
4283,34,ECOIL,0,A,ECOIL_0_32-52,51,KCOIL,0,K,KCOIL_0_32-52,23.756,inter_mol
4284,6,ECOIL,0,E,ECOIL_0_1-21,31,KCOIL,0,G,linker,23.759,inter_mol
4285,10,ECOIL,0,A,ECOIL_0_1-21,24,KCOIL,0,S,linker,23.761,inter_mol
4286,8,ECOIL,0,E,ECOIL_0_1-21,30,ECOIL,0,G,linker,23.766,intra_mol
4287,18,ECOIL,0,A,ECOIL_0_1-21,47,KCOIL,0,I,KCOIL_0_32-52,23.775,inter_mol
4288,47,ECOIL,0,I,ECOIL_0_32-52,32,KCOIL,0,K,KCOIL_0_32-52,23.782,inter_mol
4289,11,KCOIL,0,A,KCOIL_0_1-21,27,KCOIL,0,G,linker,23.785,intra_mol
4290,4,KCOIL,0,A,KCOIL_0_1-21,20,KCOIL,0,K,KCOIL_0_1-21,23.786,intra_mol
4291,41,ECOIL,0,A,ECOIL_0_32-52,30,KCOIL,0,G,linker,23.790,inter_mol
4292,35,ECOIL,0,A,ECOIL_0_32-52,51,ECOIL,0,E,ECOIL_0_32-52,23.796,intra_mol
4293,20,ECOIL,0,E,ECOIL_0_1-21,45,ECOIL,0,K,ECOIL_0_32-52,23.800,intra_mol
4294,21,ECOIL,0,K,ECOIL_0_1-21,5,KCOIL,0,L,KCOIL_0_1-21,23.801,inter_mol
4295,26,KCOIL,0,G,linker,41,KCOIL,0,A,KCOIL_0_32-52,23.836,intra_mol
4296,11,ECOIL,0,A,ECOIL_0_1-21,28,ECOIL,0,S,linker,23.836,intra_mol
4297,25,ECOIL,0,G,linker,8,KCOIL,0,K,KCOIL_0_1-21,23.841,inter_mol
4298,10,KCOIL,0,A,KCOIL_0_1-21,30,KCOIL,0,G,linker,23.844,intra_mol
4299,14,KCOIL,0,E,KCOIL_0_1-21,51,KCOIL,0,K,KCOIL_0_32-52,23.849,intra_mol
4300,21,ECOIL,0,K,ECOIL_0_1-21,42,KCOIL,0,A,KCOIL_0_32-52,23.864,inter_mol
4301,2,KCOIL,0,I,KCOIL_0_1-21,35,KCOIL,0,A,KCOIL_0_32-52,23.880,intra_mol
4302,3,ECOIL,0,A,ECOIL_0_1-21,38,ECOIL,0,K,ECOIL_0_32-52,23.895,intra_mol
4303,21,KCOIL,0,E,KCOIL_0_1-21,41,KCOIL,0,A,KCOIL_0_32-52,23.899,intra_mol
4304,26,ECOIL,0,G,linker,43,KCOIL,0,L,KCOIL_0_32-52,23.900,inter_mol
4305,2,ECOIL,0,I,ECOIL_0_1-21,35,ECOIL,0,A,ECOIL_0_32-52,23.906,intra_mol
4306,6,ECOIL,0,E,ECOIL_0_1-21,34,ECOIL,0,A,ECOIL_0_32-52,23.912,intra_mol
4307,21,ECOIL,0,K,ECOIL_0_1-21,44,ECOIL,0,E,ECOIL_0_32-52,23.914,intra_mol
4308,46,ECOIL,0,E,ECOIL_0_32-52,32,KCOIL,0,K,KCOIL_0_32-52,23.922,inter_mol
4309,20,KCOIL,0,K,KCOIL_0_1-21,47,KCOIL,0,I,KCOIL_0_32-52,23.927,intra_mol
4310,7,KCOIL,0,E,KCOIL_0_1-21,34,KCOIL,0,A,KCOIL_0_32-52,23.937,intra_mol
4311,30,ECOIL,0,G,linker,47,KCOIL,0,I,KCOIL_0_32-52,23.943,inter_mol
4312,16,ECOIL,0,I,ECOIL_0_1-21,49,KCOIL,0,A,KCOIL_0_32-52,23.947,inter_mol
4313,3,ECOIL,0,A,ECOIL_0_1-21,37,ECOIL,0,E,ECOIL_0_32-52,23.952,intra_mol
4314,7,ECOIL,0,K,ECOIL_0_1-21,34,ECOIL,0,A,ECOIL_0_32-52,23.975,intra_mol
4315,18,KCOIL,0,A,KCOIL_0_1-21,47,KCOIL,0,I,KCOIL_0_32-52,23.999,intra_mol
4316,13,ECOIL,0,E,ECOIL_0_1-21,52,ECOIL,0,K,ECOIL_0_32-52,24.031,intra_mol
4317,39,ECOIL,0,E,ECOIL_0_32-52,28,KCOIL,0,S,linker,24.038,inter_mol
4318,10,ECOIL,0,A,ECOIL_0_1-21,26,ECOIL,0,G,linker,24.041,intra_mol
4319,35,KCOIL,0,A,KCOIL_0_32-52,51,KCOIL,0,K,KCOIL_0_32-52,24.050,intra_mol
4320,23,ECOIL,0,G,linker,42,ECOIL,0,A,ECOIL_0_32-52,24.061,intra_mol
4321,14,ECOIL,0,K,ECOIL_0_1-21,49,KCOIL,0,A,KCOIL_0_32-52,24.063,inter_mol
4322,12,KCOIL,0,L,KCOIL_0_1-21,28,KCOIL,0,S,linker,24.074,intra_mol
4323,16,KCOIL,0,I,KCOIL_0_1-21,49,KCOIL,0,A,KCOIL_0_32-52,24.084,intra_mol
4324,32,ECOIL,0,E,ECOIL_0_32-52,6,KCOIL,0,K,KCOIL_0_1-21,24.090,inter_mol
4325,6,KCOIL,0,K,KCOIL_0_1-21,32,KCOIL,0,K,KCOIL_0_32-52,24.091,intra_mol
4326,3,KCOIL,0,A,KCOIL_0_1-21,38,KCOIL,0,E,KCOIL_0_32-52,24.108,intra_mol
4327,29,ECOIL,0,G,linker,45,KCOIL,0,E,KCOIL_0_32-52,24.110,inter_mol
4328,14,ECOIL,0,K,ECOIL_0_1-21,50,ECOIL,0,L,ECOIL_0_32-52,24.113,intra_mol
4329,3,KCOIL,0,A,KCOIL_0_1-21,19,KCOIL,0,L,KCOIL_0_1-21,24.123,intra_mol
4330,31,ECOIL,0,G,linker,46,KCOIL,0,K,KCOIL_0_32-52,24.132,inter_mol
4331,10,ECOIL,0,A,ECOIL_0_1-21,25,KCOIL,0,G,linker,24.138,inter_mol
4332,17,KCOIL,0,A,KCOIL_0_1-21,46,KCOIL,0,K,KCOIL_0_32-52,24.152,intra_mol
4333,4,KCOIL,0,A,KCOIL_0_1-21,34,KCOIL,0,A,KCOIL_0_32-52,24.152,intra_mol
4334,15,ECOIL,0,E,ECOIL_0_1-21,50,ECOIL,0,L,ECOIL_0_32-52,24.161,intra_mol
4335,11,ECOIL,0,A,ECOIL_0_1-21,29,ECOIL,0,G,linker,24.166,intra_mol
4336,21,ECOIL,0,K,ECOIL_0_1-21,4,KCOIL,0,A,KCOIL_0_1-21,24.173,inter_mol
4337,21,KCOIL,0,E,KCOIL_0_1-21,43,KCOIL,0,L,KCOIL_0_32-52,24.174,intra_mol
4338,28,ECOIL,0,S,linker,42,KCOIL,0,A,KCOIL_0_32-52,24.185,inter_mol
4339,36,ECOIL,0,L,ECOIL_0_32-52,1,KCOIL,0,K,KCOIL_0_1-21,24.190,inter_mol
4340,9,ECOIL,0,I,ECOIL_0_1-21,29,KCOIL,0,G,linker,24.207,inter_mol
4341,26,ECOIL,0,G,linker,42,KCOIL,0,A,KCOIL_0_32-52,24.210,inter_mol
4342,3,ECOIL,0,A,ECOIL_0_1-21,33,KCOIL,0,I,KCOIL_0_32-52,24.218,inter_mol
4343,2,ECOIL,0,I,ECOIL_0_1-21,34,KCOIL,0,A,KCOIL_0_32-52,24.221,inter_mol
4344,4,ECOIL,0,A,ECOIL_0_1-21,33,ECOIL,0,I,ECOIL_0_32-52,24.234,intra_mol
4345,28,ECOIL,0,S,linker,46,ECOIL,0,E,ECOIL_0_32-52,24.243,intra_mol
4346,3,ECOIL,0,A,ECOIL_0_1-21,19,ECOIL,0,L,ECOIL_0_1-21,24.251,intra_mol
4347,23,KCOIL,0,G,linker,44,KCOIL,0,K,KCOIL_0_32-52,24.265,intra_mol
4348,15,KCOIL,0,K,KCOIL_0_1-21,50,KCOIL,0,L,KCOIL_0_32-52,24.279,intra_mol
4349,10,ECOIL,0,A,ECOIL_0_1-21,30,ECOIL,0,G,linker,24.281,intra_mol
4350,48,ECOIL,0,A,ECOIL_0_32-52,19,KCOIL,0,L,KCOIL_0_1-21,24.283,inter_mol
4351,1,ECOIL,0,E,ECOIL_0_1-21,15,KCOIL,0,K,KCOIL_0_1-21,24.285,inter_mol
4352,48,ECOIL,0,A,ECOIL_0_32-52,35,KCOIL,0,A,KCOIL_0_32-52,24.293,inter_mol
4353,31,ECOIL,0,G,linker,6,KCOIL,0,K,KCOIL_0_1-21,24.295,inter_mol
4354,10,KCOIL,0,A,KCOIL_0_1-21,25,KCOIL,0,G,linker,24.297,intra_mol
4355,4,ECOIL,0,A,ECOIL_0_1-21,17,KCOIL,0,A,KCOIL_0_1-21,24.299,inter_mol
4356,5,ECOIL,0,L,ECOIL_0_1-21,20,KCOIL,0,K,KCOIL_0_1-21,24.316,inter_mol
4357,30,ECOIL,0,G,linker,47,ECOIL,0,I,ECOIL_0_32-52,24.318,intra_mol
4358,38,ECOIL,0,K,ECOIL_0_32-52,29,KCOIL,0,G,linker,24.324,inter_mol
4359,20,ECOIL,0,E,ECOIL_0_1-21,47,KCOIL,0,I,KCOIL_0_32-52,24.325,inter_mol
4360,22,KCOIL,0,G,linker,43,KCOIL,0,L,KCOIL_0_32-52,24.326,intra_mol
4361,3,KCOIL,0,A,KCOIL_0_1-21,35,KCOIL,0,A,KCOIL_0_32-52,24.338,intra_mol
4362,31,ECOIL,0,G,linker,48,KCOIL,0,A,KCOIL_0_32-52,24.359,inter_mol
4363,27,ECOIL,0,G,linker,6,KCOIL,0,K,KCOIL_0_1-21,24.369,inter_mol
4364,36,ECOIL,0,L,ECOIL_0_32-52,52,KCOIL,0,E,KCOIL_0_32-52,24.380,inter_mol
4365,34,ECOIL,0,A,ECOIL_0_32-52,50,ECOIL,0,L,ECOIL_0_32-52,24.384,intra_mol
4366,8,ECOIL,0,E,ECOIL_0_1-21,23,KCOIL,0,G,linker,24.385,inter_mol
4367,41,ECOIL,0,A,ECOIL_0_32-52,25,KCOIL,0,G,linker,24.410,inter_mol
4368,28,ECOIL,0,S,linker,8,KCOIL,0,K,KCOIL_0_1-21,24.412,inter_mol
4369,3,ECOIL,0,A,ECOIL_0_1-21,35,ECOIL,0,A,ECOIL_0_32-52,24.413,intra_mol
4370,13,KCOIL,0,K,KCOIL_0_1-21,52,KCOIL,0,E,KCOIL_0_32-52,24.420,intra_mol
4371,27,KCOIL,0,G,linker,42,KCOIL,0,A,KCOIL_0_32-52,24.434,intra_mol
4372,22,ECOIL,0,G,linker,42,ECOIL,0,A,ECOIL_0_32-52,24.439,intra_mol
4373,25,KCOIL,0,G,linker,41,KCOIL,0,A,KCOIL_0_32-52,24.439,intra_mol
4374,17,ECOIL,0,A,ECOIL_0_1-21,48,ECOIL,0,A,ECOIL_0_32-52,24.446,intra_mol
4375,28,KCOIL,0,S,linker,41,KCOIL,0,A,KCOIL_0_32-52,24.447,intra_mol
4376,19,KCOIL,0,L,KCOIL_0_1-21,46,KCOIL,0,K,KCOIL_0_32-52,24.450,intra_mol
4377,21,KCOIL,0,E,KCOIL_0_1-21,44,KCOIL,0,K,KCOIL_0_32-52,24.455,intra_mol
4378,36,KCOIL,0,L,KCOIL_0_32-52,52,KCOIL,0,E,KCOIL_0_32-52,24.462,intra_mol
4379,23,ECOIL,0,G,linker,44,KCOIL,0,K,KCOIL_0_32-52,24.480,inter_mol
4380,1,ECOIL,0,E,ECOIL_0_1-21,35,ECOIL,0,A,ECOIL_0_32-52,24.480,intra_mol
4381,9,ECOIL,0,I,ECOIL_0_1-21,24,KCOIL,0,S,linker,24.494,inter_mol
4382,20,KCOIL,0,K,KCOIL_0_1-21,45,KCOIL,0,E,KCOIL_0_32-52,24.501,intra_mol
4383,5,ECOIL,0,L,ECOIL_0_1-21,31,ECOIL,0,G,linker,24.502,intra_mol
4384,34,ECOIL,0,A,ECOIL_0_32-52,3,KCOIL,0,A,KCOIL_0_1-21,24.516,inter_mol
4385,20,ECOIL,0,E,ECOIL_0_1-21,46,ECOIL,0,E,ECOIL_0_32-52,24.518,intra_mol
4386,1,ECOIL,0,E,ECOIL_0_1-21,16,KCOIL,0,I,KCOIL_0_1-21,24.529,inter_mol
4387,22,ECOIL,0,G,linker,44,ECOIL,0,E,ECOIL_0_32-52,24.530,intra_mol
4388,4,ECOIL,0,A,ECOIL_0_1-21,34,ECOIL,0,A,ECOIL_0_32-52,24.531,intra_mol
4389,34,KCOIL,0,A,KCOIL_0_32-52,50,KCOIL,0,L,KCOIL_0_32-52,24.533,intra_mol
4390,27,ECOIL,0,G,linker,45,KCOIL,0,E,KCOIL_0_32-52,24.533,inter_mol
4391,36,ECOIL,0,L,ECOIL_0_32-52,52,ECOIL,0,K,ECOIL_0_32-52,24.539,intra_mol
4392,50,ECOIL,0,L,ECOIL_0_32-52,17,KCOIL,0,A,KCOIL_0_1-21,24.540,inter_mol
4393,4,ECOIL,0,A,ECOIL_0_1-21,19,KCOIL,0,L,KCOIL_0_1-21,24.554,inter_mol
4394,35,ECOIL,0,A,ECOIL_0_32-52,52,KCOIL,0,E,KCOIL_0_32-52,24.558,inter_mol
4395,44,ECOIL,0,E,ECOIL_0_32-52,31,KCOIL,0,G,linker,24.560,inter_mol
4396,52,ECOIL,0,K,ECOIL_0_32-52,16,KCOIL,0,I,KCOIL_0_1-21,24.563,inter_mol
4397,18,ECOIL,0,A,ECOIL_0_1-21,3,KCOIL,0,A,KCOIL_0_1-21,24.580,inter_mol
4398,22,ECOIL,0,G,linker,7,KCOIL,0,E,KCOIL_0_1-21,24.588,inter_mol
4399,14,ECOIL,0,K,ECOIL_0_1-21,51,ECOIL,0,E,ECOIL_0_32-52,24.590,intra_mol
4400,51,ECOIL,0,E,ECOIL_0_32-52,37,KCOIL,0,K,KCOIL_0_32-52,24.597,inter_mol
4401,50,ECOIL,0,L,ECOIL_0_32-52,35,KCOIL,0,A,KCOIL_0_32-52,24.599,inter_mol
4402,29,KCOIL,0,G,linker,43,KCOIL,0,L,KCOIL_0_32-52,24.603,intra_mol
4403,1,KCOIL,0,K,KCOIL_0_1-21,38,KCOIL,0,E,KCOIL_0_32-52,24.611,intra_mol
4404,4,ECOIL,0,A,ECOIL_0_1-21,32,ECOIL,0,E,ECOIL_0_32-52,24.633,intra_mol
4405,16,ECOIL,0,I,ECOIL_0_1-21,51,KCOIL,0,K,KCOIL_0_32-52,24.634,inter_mol
4406,24,KCOIL,0,S,linker,41,KCOIL,0,A,KCOIL_0_32-52,24.637,intra_mol
4407,42,ECOIL,0,A,ECOIL_0_32-52,30,KCOIL,0,G,linker,24.644,inter_mol
4408,23,KCOIL,0,G,linker,42,KCOIL,0,A,KCOIL_0_32-52,24.656,intra_mol
4409,30,ECOIL,0,G,linker,8,KCOIL,0,K,KCOIL_0_1-21,24.684,inter_mol
4410,3,ECOIL,0,A,ECOIL_0_1-21,20,ECOIL,0,E,ECOIL_0_1-21,24.701,intra_mol
4411,10,ECOIL,0,A,ECOIL_0_1-21,26,KCOIL,0,G,linker,24.713,inter_mol
4412,9,ECOIL,0,I,ECOIL_0_1-21,27,KCOIL,0,G,linker,24.726,inter_mol
4413,7,ECOIL,0,K,ECOIL_0_1-21,23,ECOIL,0,G,linker,24.728,intra_mol
4414,31,ECOIL,0,G,linker,5,KCOIL,0,L,KCOIL_0_1-21,24.739,inter_mol
4415,17,KCOIL,0,A,KCOIL_0_1-21,48,KCOIL,0,A,KCOIL_0_32-52,24.760,intra_mol
4416,8,ECOIL,0,E,ECOIL_0_1-21,27,KCOIL,0,G,linker,24.761,inter_mol
4417,7,KCOIL,0,E,KCOIL_0_1-21,23,KCOIL,0,G,linker,24.763,intra_mol
4418,8,ECOIL,0,E,ECOIL_0_1-21,22,KCOIL,0,G,linker,24.768,inter_mol
4419,20,ECOIL,0,E,ECOIL_0_1-21,46,KCOIL,0,K,KCOIL_0_32-52,24.771,inter_mol
4420,30,ECOIL,0,G,linker,48,KCOIL,0,A,KCOIL_0_32-52,24.774,inter_mol
4421,34,ECOIL,0,A,ECOIL_0_32-52,2,KCOIL,0,I,KCOIL_0_1-21,24.784,inter_mol
4422,5,KCOIL,0,L,KCOIL_0_1-21,21,KCOIL,0,E,KCOIL_0_1-21,24.785,intra_mol
4423,3,KCOIL,0,A,KCOIL_0_1-21,20,KCOIL,0,K,KCOIL_0_1-21,24.786,intra_mol
4424,30,KCOIL,0,G,linker,45,KCOIL,0,E,KCOIL_0_32-52,24.787,intra_mol
4425,14,ECOIL,0,K,ECOIL_0_1-21,29,ECOIL,0,G,linker,24.788,intra_mol
4426,6,ECOIL,0,E,ECOIL_0_1-21,32,ECOIL,0,E,ECOIL_0_32-52,24.789,intra_mol
4427,37,ECOIL,0,E,ECOIL_0_32-52,1,KCOIL,0,K,KCOIL_0_1-21,24.801,inter_mol
4428,32,KCOIL,0,K,KCOIL_0_32-52,48,KCOIL,0,A,KCOIL_0_32-52,24.810,intra_mol
4429,34,ECOIL,0,A,ECOIL_0_32-52,49,KCOIL,0,A,KCOIL_0_32-52,24.822,inter_mol
4430,1,ECOIL,0,E,ECOIL_0_1-21,37,ECOIL,0,E,ECOIL_0_32-52,24.825,intra_mol
4431,6,KCOIL,0,K,KCOIL_0_1-21,22,KCOIL,0,G,linker,24.826,intra_mol
4432,5,KCOIL,0,L,KCOIL_0_1-21,31,KCOIL,0,G,linker,24.833,intra_mol
4433,21,ECOIL,0,K,ECOIL_0_1-21,6,KCOIL,0,K,KCOIL_0_1-21,24.839,inter_mol
4434,33,ECOIL,0,I,ECOIL_0_32-52,3,KCOIL,0,A,KCOIL_0_1-21,24.841,inter_mol
4435,5,ECOIL,0,L,ECOIL_0_1-21,21,ECOIL,0,K,ECOIL_0_1-21,24.852,intra_mol
4436,1,ECOIL,0,E,ECOIL_0_1-21,14,KCOIL,0,E,KCOIL_0_1-21,24.865,inter_mol
4437,26,ECOIL,0,G,linker,8,KCOIL,0,K,KCOIL_0_1-21,24.869,inter_mol
4438,31,KCOIL,0,G,linker,47,KCOIL,0,I,KCOIL_0_32-52,24.870,intra_mol
4439,11,KCOIL,0,A,KCOIL_0_1-21,29,KCOIL,0,G,linker,24.874,intra_mol
4440,10,ECOIL,0,A,ECOIL_0_1-21,28,ECOIL,0,S,linker,24.877,intra_mol
4441,27,ECOIL,0,G,linker,47,ECOIL,0,I,ECOIL_0_32-52,24.897,intra_mol
4442,19,ECOIL,0,L,ECOIL_0_1-21,3,KCOIL,0,A,KCOIL_0_1-21,24.902,inter_mol
4443,32,ECOIL,0,E,ECOIL_0_32-52,7,KCOIL,0,E,KCOIL_0_1-21,24.919,inter_mol
4444,28,ECOIL,0,S,linker,6,KCOIL,0,K,KCOIL_0_1-21,24.922,inter_mol
4445,23,ECOIL,0,G,linker,44,ECOIL,0,E,ECOIL_0_32-52,24.934,intra_mol
4446,21,ECOIL,0,K,ECOIL_0_1-21,42,ECOIL,0,A,ECOIL_0_32-52,24.938,intra_mol
4447,2,KCOIL,0,I,KCOIL_0_1-21,18,KCOIL,0,A,KCOIL_0_1-21,24.949,intra_mol
4448,2,ECOIL,0,I,ECOIL_0_1-21,32,KCOIL,0,K,KCOIL_0_32-52,24.952,inter_mol
4449,45,ECOIL,0,K,ECOIL_0_32-52,32,KCOIL,0,K,KCOIL_0_32-52,24.959,inter_mol
4450,22,ECOIL,0,G,linker,44,KCOIL,0,K,KCOIL_0_32-52,24.967,inter_mol
4451,9,KCOIL,0,I,KCOIL_0_1-21,25,KCOIL,0,G,linker,24.969,intra_mol
4452,18,ECOIL,0,A,ECOIL_0_1-21,46,ECOIL,0,E,ECOIL_0_32-52,24.976,intra_mol
4453,29,ECOIL,0,G,linker,47,ECOIL,0,I,ECOIL_0_32-52,24.986,intra_mol
4454,6,ECOIL,0,E,ECOIL_0_1-21,20,KCOIL,0,K,KCOIL_0_1-21,24.989,inter_mol
4455,1,ECOIL,0,E,ECOIL_0_1-21,17,ECOIL,0,A,ECOIL_0_1-21,25.004,intra_mol
4456,27,ECOIL,0,G,linker,7,KCOIL,0,E,KCOIL_0_1-21,25.009,inter_mol
4457,1,KCOIL,0,K,KCOIL_0_1-21,35,KCOIL,0,A,KCOIL_0_32-52,25.027,intra_mol
4458,26,ECOIL,0,G,linker,45,ECOIL,0,K,ECOIL_0_32-52,25.034,intra_mol
4459,1,ECOIL,0,E,ECOIL_0_1-21,32,KCOIL,0,K,KCOIL_0_32-52,25.034,inter_mol
4460,35,ECOIL,0,A,ECOIL_0_32-52,52,ECOIL,0,K,ECOIL_0_32-52,25.041,intra_mol
4461,38,ECOIL,0,K,ECOIL_0_32-52,28,KCOIL,0,S,linker,25.052,inter_mol
4462,47,ECOIL,0,I,ECOIL_0_32-52,21,KCOIL,0,E,KCOIL_0_1-21,25.067,inter_mol
4463,34,ECOIL,0,A,ECOIL_0_32-52,51,ECOIL,0,E,ECOIL_0_32-52,25.070,intra_mol
4464,33,ECOIL,0,I,ECOIL_0_32-52,49,ECOIL,0,A,ECOIL_0_32-52,25.079,intra_mol
4465,2,ECOIL,0,I,ECOIL_0_1-21,18,ECOIL,0,A,ECOIL_0_1-21,25.091,intra_mol
4466,15,ECOIL,0,E,ECOIL_0_1-21,51,KCOIL,0,K,KCOIL_0_32-52,25.093,inter_mol
4467,34,KCOIL,0,A,KCOIL_0_32-52,51,KCOIL,0,K,KCOIL_0_32-52,25.095,intra_mol
4468,9,ECOIL,0,I,ECOIL_0_1-21,25,KCOIL,0,G,linker,25.108,inter_mol
4469,30,ECOIL,0,G,linker,6,KCOIL,0,K,KCOIL_0_1-21,25.129,inter_mol
4470,8,KCOIL,0,K,KCOIL_0_1-21,24,KCOIL,0,S,linker,25.132,intra_mol
4471,29,ECOIL,0,G,linker,8,KCOIL,0,K,KCOIL_0_1-21,25.132,inter_mol
4472,29,ECOIL,0,G,linker,6,KCOIL,0,K,KCOIL_0_1-21,25.134,inter_mol
4473,20,ECOIL,0,E,ECOIL_0_1-21,45,KCOIL,0,E,KCOIL_0_32-52,25.135,inter_mol
4474,43,ECOIL,0,L,ECOIL_0_32-52,24,KCOIL,0,S,linker,25.141,inter_mol
4475,11,ECOIL,0,A,ECOIL_0_1-21,52,ECOIL,0,K,ECOIL_0_32-52,25.143,intra_mol
4476,37,ECOIL,0,E,ECOIL_0_32-52,52,KCOIL,0,E,KCOIL_0_32-52,25.147,inter_mol
4477,48,ECOIL,0,A,ECOIL_0_32-52,33,KCOIL,0,I,KCOIL_0_32-52,25.148,inter_mol
4478,6,ECOIL,0,E,ECOIL_0_1-21,22,ECOIL,0,G,linker,25.149,intra_mol
4479,40,ECOIL,0,I,ECOIL_0_32-52,28,KCOIL,0,S,linker,25.179,inter_mol
4480,41,ECOIL,0,A,ECOIL_0_32-52,26,KCOIL,0,G,linker,25.183,inter_mol
4481,22,KCOIL,0,G,linker,44,KCOIL,0,K,KCOIL_0_32-52,25.207,intra_mol
4482,31,ECOIL,0,G,linker,48,ECOIL,0,A,ECOIL_0_32-52,25.208,intra_mol
4483,15,KCOIL,0,K,KCOIL_0_1-21,51,KCOIL,0,K,KCOIL_0_32-52,25.211,intra_mol
4484,14,KCOIL,0,E,KCOIL_0_1-21,29,KCOIL,0,G,linker,25.212,intra_mol
4485,2,ECOIL,0,I,ECOIL_0_1-21,17,KCOIL,0,A,KCOIL_0_1-21,25.224,inter_mol
4486,15,ECOIL,0,E,ECOIL_0_1-21,49,ECOIL,0,A,ECOIL_0_32-52,25.228,intra_mol
4487,38,ECOIL,0,K,ECOIL_0_32-52,1,KCOIL,0,K,KCOIL_0_1-21,25.249,inter_mol
4488,42,ECOIL,0,A,ECOIL_0_32-52,24,KCOIL,0,S,linker,25.250,inter_mol
4489,7,ECOIL,0,K,ECOIL_0_1-21,24,ECOIL,0,S,linker,25.257,intra_mol
4490,4,ECOIL,0,A,ECOIL_0_1-21,18,KCOIL,0,A,KCOIL_0_1-21,25.258,inter_mol
4491,1,KCOIL,0,K,KCOIL_0_1-21,37,KCOIL,0,K,KCOIL_0_32-52,25.263,intra_mol
4492,14,KCOIL,0,E,KCOIL_0_1-21,49,KCOIL,0,A,KCOIL_0_32-52,25.283,intra_mol
4493,15,ECOIL,0,E,ECOIL_0_1-21,51,ECOIL,0,E,ECOIL_0_32-52,25.292,intra_mol
4494,2,ECOIL,0,I,ECOIL_0_1-21,33,KCOIL,0,I,KCOIL_0_32-52,25.293,inter_mol
4495,27,KCOIL,0,G,linker,43,KCOIL,0,L,KCOIL_0_32-52,25.295,intra_mol
4496,11,KCOIL,0,A,KCOIL_0_1-21,52,KCOIL,0,E,KCOIL_0_32-52,25.295,intra_mol
4497,30,ECOIL,0,G,linker,46,KCOIL,0,K,KCOIL_0_32-52,25.307,inter_mol
4498,52,ECOIL,0,K,ECOIL_0_32-52,39,KCOIL,0,K,KCOIL_0_32-52,25.310,inter_mol
4499,33,KCOIL,0,I,KCOIL_0_32-52,49,KCOIL,0,A,KCOIL_0_32-52,25.318,intra_mol
4500,48,ECOIL,0,A,ECOIL_0_32-52,34,KCOIL,0,A,KCOIL_0_32-52,25.326,inter_mol
4501,49,ECOIL,0,A,ECOIL_0_32-52,35,KCOIL,0,A,KCOIL_0_32-52,25.343,inter_mol
4502,13,KCOIL,0,K,KCOIL_0_1-21,29,KCOIL,0,G,linker,25.345,intra_mol
4503,34,ECOIL,0,A,ECOIL_0_32-52,50,KCOIL,0,L,KCOIL_0_32-52,25.354,inter_mol
4504,18,ECOIL,0,A,ECOIL_0_1-21,45,ECOIL,0,K,ECOIL_0_32-52,25.365,intra_mol
4505,52,ECOIL,0,K,ECOIL_0_32-52,15,KCOIL,0,K,KCOIL_0_1-21,25.368,inter_mol
4506,4,KCOIL,0,A,KCOIL_0_1-21,21,KCOIL,0,E,KCOIL_0_1-21,25.377,intra_mol
4507,10,ECOIL,0,A,ECOIL_0_1-21,29,ECOIL,0,G,linker,25.402,intra_mol
4508,3,ECOIL,0,A,ECOIL_0_1-21,17,KCOIL,0,A,KCOIL_0_1-21,25.425,inter_mol
4509,18,KCOIL,0,A,KCOIL_0_1-21,45,KCOIL,0,E,KCOIL_0_32-52,25.426,intra_mol
4510,29,ECOIL,0,G,linker,47,KCOIL,0,I,KCOIL_0_32-52,25.427,inter_mol
4511,1,KCOIL,0,K,KCOIL_0_1-21,17,KCOIL,0,A,KCOIL_0_1-21,25.437,intra_mol
4512,30,ECOIL,0,G,linker,48,ECOIL,0,A,ECOIL_0_32-52,25.441,intra_mol
4513,32,ECOIL,0,E,ECOIL_0_32-52,48,ECOIL,0,A,ECOIL_0_32-52,25.462,intra_mol
4514,8,ECOIL,0,E,ECOIL_0_1-21,21,KCOIL,0,E,KCOIL_0_1-21,25.464,inter_mol
4515,7,ECOIL,0,K,ECOIL_0_1-21,20,KCOIL,0,K,KCOIL_0_1-21,25.469,inter_mol
4516,15,KCOIL,0,K,KCOIL_0_1-21,49,KCOIL,0,A,KCOIL_0_32-52,25.471,intra_mol
4517,20,ECOIL,0,E,ECOIL_0_1-21,2,KCOIL,0,I,KCOIL_0_1-21,25.477,inter_mol
4518,41,ECOIL,0,A,ECOIL_0_32-52,27,KCOIL,0,G,linker,25.480,inter_mol
4519,20,ECOIL,0,E,ECOIL_0_1-21,48,ECOIL,0,A,ECOIL_0_32-52,25.486,intra_mol
4520,51,ECOIL,0,E,ECOIL_0_32-52,38,KCOIL,0,E,KCOIL_0_32-52,25.511,inter_mol
4521,8,ECOIL,0,E,ECOIL_0_1-21,26,ECOIL,0,G,linker,25.511,intra_mol
4522,4,ECOIL,0,A,ECOIL_0_1-21,21,ECOIL,0,K,ECOIL_0_1-21,25.521,intra_mol
4523,27,ECOIL,0,G,linker,5,KCOIL,0,L,KCOIL_0_1-21,25.533,inter_mol
4524,1,ECOIL,0,E,ECOIL_0_1-21,33,KCOIL,0,I,KCOIL_0_32-52,25.533,inter_mol
4525,17,ECOIL,0,A,ECOIL_0_1-21,48,KCOIL,0,A,KCOIL_0_32-52,25.545,inter_mol
4526,27,ECOIL,0,G,linker,47,KCOIL,0,I,KCOIL_0_32-52,25.553,inter_mol
4527,33,ECOIL,0,I,ECOIL_0_32-52,2,KCOIL,0,I,KCOIL_0_1-21,25.567,inter_mol
4528,8,ECOIL,0,E,ECOIL_0_1-21,29,ECOIL,0,G,linker,25.604,intra_mol
4529,28,ECOIL,0,S,linker,47,ECOIL,0,I,ECOIL_0_32-52,25.604,intra_mol
4530,25,ECOIL,0,G,linker,45,ECOIL,0,K,ECOIL_0_32-52,25.608,intra_mol
4531,6,KCOIL,0,K,KCOIL_0_1-21,23,KCOIL,0,G,linker,25.609,intra_mol
4532,22,ECOIL,0,G,linker,5,KCOIL,0,L,KCOIL_0_1-21,25.618,inter_mol
4533,31,ECOIL,0,G,linker,7,KCOIL,0,E,KCOIL_0_1-21,25.624,inter_mol
4534,5,ECOIL,0,L,ECOIL_0_1-21,30,KCOIL,0,G,linker,25.628,inter_mol
4535,21,ECOIL,0,K,ECOIL_0_1-21,44,KCOIL,0,K,KCOIL_0_32-52,25.631,inter_mol
4536,9,ECOIL,0,I,ECOIL_0_1-21,26,KCOIL,0,G,linker,25.637,inter_mol
4537,45,ECOIL,0,K,ECOIL_0_32-52,23,KCOIL,0,G,linker,25.644,inter_mol
4538,7,ECOIL,0,K,ECOIL_0_1-21,29,KCOIL,0,G,linker,25.651,inter_mol
4539,35,KCOIL,0,A,KCOIL_0_32-52,52,KCOIL,0,E,KCOIL_0_32-52,25.653,intra_mol
4540,14,ECOIL,0,K,ECOIL_0_1-21,49,ECOIL,0,A,ECOIL_0_32-52,25.656,intra_mol
4541,24,ECOIL,0,S,linker,7,KCOIL,0,E,KCOIL_0_1-21,25.691,inter_mol
4542,18,KCOIL,0,A,KCOIL_0_1-21,46,KCOIL,0,K,KCOIL_0_32-52,25.699,intra_mol
4543,29,ECOIL,0,G,linker,48,ECOIL,0,A,ECOIL_0_32-52,25.708,intra_mol
4544,2,ECOIL,0,I,ECOIL_0_1-21,19,ECOIL,0,L,ECOIL_0_1-21,25.711,intra_mol
4545,22,KCOIL,0,G,linker,42,KCOIL,0,A,KCOIL_0_32-52,25.713,intra_mol
4546,2,KCOIL,0,I,KCOIL_0_1-21,19,KCOIL,0,L,KCOIL_0_1-21,25.726,intra_mol
4547,10,ECOIL,0,A,ECOIL_0_1-21,28,KCOIL,0,S,linker,25.750,inter_mol
4548,52,ECOIL,0,K,ECOIL_0_32-52,17,KCOIL,0,A,KCOIL_0_1-21,25.758,inter_mol
4549,9,KCOIL,0,I,KCOIL_0_1-21,27,KCOIL,0,G,linker,25.775,intra_mol
4550,44,ECOIL,0,E,ECOIL_0_32-52,24,KCOIL,0,S,linker,25.783,inter_mol
4551,30,KCOIL,0,G,linker,46,KCOIL,0,K,KCOIL_0_32-52,25.789,intra_mol
4552,10,KCOIL,0,A,KCOIL_0_1-21,26,KCOIL,0,G,linker,25.803,intra_mol
4553,49,ECOIL,0,A,ECOIL_0_32-52,20,KCOIL,0,K,KCOIL_0_1-21,25.817,inter_mol
4554,3,KCOIL,0,A,KCOIL_0_1-21,33,KCOIL,0,I,KCOIL_0_32-52,25.827,intra_mol
4555,45,ECOIL,0,K,ECOIL_0_32-52,22,KCOIL,0,G,linker,25.835,inter_mol
4556,24,ECOIL,0,S,linker,45,KCOIL,0,E,KCOIL_0_32-52,25.838,inter_mol
4557,46,ECOIL,0,E,ECOIL_0_32-52,21,KCOIL,0,E,KCOIL_0_1-21,25.839,inter_mol
4558,2,KCOIL,0,I,KCOIL_0_1-21,34,KCOIL,0,A,KCOIL_0_32-52,25.847,intra_mol
4559,51,ECOIL,0,E,ECOIL_0_32-52,18,KCOIL,0,A,KCOIL_0_1-21,25.878,inter_mol
4560,26,KCOIL,0,G,linker,42,KCOIL,0,A,KCOIL_0_32-52,25.885,intra_mol
4561,19,ECOIL,0,L,ECOIL_0_1-21,48,KCOIL,0,A,KCOIL_0_32-52,25.895,inter_mol
4562,25,ECOIL,0,G,linker,45,KCOIL,0,E,KCOIL_0_32-52,25.897,inter_mol
4563,5,ECOIL,0,L,ECOIL_0_1-21,30,ECOIL,0,G,linker,25.898,intra_mol
4564,13,ECOIL,0,E,ECOIL_0_1-21,52,KCOIL,0,E,KCOIL_0_32-52,25.933,inter_mol
4565,19,ECOIL,0,L,ECOIL_0_1-21,48,ECOIL,0,A,ECOIL_0_32-52,25.956,intra_mol
4566,9,KCOIL,0,I,KCOIL_0_1-21,26,KCOIL,0,G,linker,25.960,intra_mol
4567,5,KCOIL,0,L,KCOIL_0_1-21,22,KCOIL,0,G,linker,25.961,intra_mol
4568,28,ECOIL,0,S,linker,7,KCOIL,0,E,KCOIL_0_1-21,25.973,inter_mol
4569,18,ECOIL,0,A,ECOIL_0_1-21,2,KCOIL,0,I,KCOIL_0_1-21,25.976,inter_mol
4570,2,ECOIL,0,I,ECOIL_0_1-21,20,ECOIL,0,E,ECOIL_0_1-21,25.984,intra_mol
4571,20,KCOIL,0,K,KCOIL_0_1-21,46,KCOIL,0,K,KCOIL_0_32-52,26.006,intra_mol
4572,6,ECOIL,0,E,ECOIL_0_1-21,30,KCOIL,0,G,linker,26.006,inter_mol
4573,18,ECOIL,0,A,ECOIL_0_1-21,1,KCOIL,0,K,KCOIL_0_1-21,26.008,inter_mol
4574,28,KCOIL,0,S,linker,42,KCOIL,0,A,KCOIL_0_32-52,26.010,intra_mol
4575,33,ECOIL,0,I,ECOIL_0_32-52,51,KCOIL,0,K,KCOIL_0_32-52,26.011,inter_mol
4576,30,ECOIL,0,G,linker,5,KCOIL,0,L,KCOIL_0_1-21,26.022,inter_mol
4577,5,ECOIL,0,L,ECOIL_0_1-21,22,ECOIL,0,G,linker,26.028,intra_mol
4578,33,ECOIL,0,I,ECOIL_0_32-52,50,ECOIL,0,L,ECOIL_0_32-52,26.033,intra_mol
4579,17,ECOIL,0,A,ECOIL_0_1-21,51,ECOIL,0,E,ECOIL_0_32-52,26.046,intra_mol
4580,2,KCOIL,0,I,KCOIL_0_1-21,33,KCOIL,0,I,KCOIL_0_32-52,26.050,intra_mol
4581,10,KCOIL,0,A,KCOIL_0_1-21,27,KCOIL,0,G,linker,26.051,intra_mol
4582,3,ECOIL,0,A,ECOIL_0_1-21,31,KCOIL,0,G,linker,26.060,inter_mol
4583,8,ECOIL,0,E,ECOIL_0_1-21,28,ECOIL,0,S,linker,26.066,intra_mol
4584,43,ECOIL,0,L,ECOIL_0_32-52,25,KCOIL,0,G,linker,26.069,inter_mol
4585,4,ECOIL,0,A,ECOIL_0_1-21,30,KCOIL,0,G,linker,26.076,inter_mol
4586,43,ECOIL,0,L,ECOIL_0_32-52,27,KCOIL,0,G,linker,26.077,inter_mol
4587,33,KCOIL,0,I,KCOIL_0_32-52,50,KCOIL,0,L,KCOIL_0_32-52,26.081,intra_mol
4588,19,ECOIL,0,L,ECOIL_0_1-21,2,KCOIL,0,I,KCOIL_0_1-21,26.088,inter_mol
4589,28,ECOIL,0,S,linker,45,KCOIL,0,E,KCOIL_0_32-52,26.088,inter_mol
4590,48,ECOIL,0,A,ECOIL_0_32-52,21,KCOIL,0,E,KCOIL_0_1-21,26.089,inter_mol
4591,50,ECOIL,0,L,ECOIL_0_32-52,34,KCOIL,0,A,KCOIL_0_32-52,26.090,inter_mol
4592,14,ECOIL,0,K,ECOIL_0_1-21,51,KCOIL,0,K,KCOIL_0_32-52,26.099,inter_mol
4593,20,ECOIL,0,E,ECOIL_0_1-21,1,KCOIL,0,K,KCOIL_0_1-21,26.112,inter_mol
4594,24,ECOIL,0,S,linker,45,ECOIL,0,K,ECOIL_0_32-52,26.115,intra_mol
4595,17,KCOIL,0,A,KCOIL_0_1-21,51,KCOIL,0,K,KCOIL_0_32-52,26.137,intra_mol
4596,2,ECOIL,0,I,ECOIL_0_1-21,34,ECOIL,0,A,ECOIL_0_32-52,26.141,intra_mol
4597,24,ECOIL,0,S,linker,5,KCOIL,0,L,KCOIL_0_1-21,26.142,inter_mol
4598,21,KCOIL,0,E,KCOIL_0_1-21,42,KCOIL,0,A,KCOIL_0_32-52,26.144,intra_mol
4599,3,ECOIL,0,A,ECOIL_0_1-21,19,KCOIL,0,L,KCOIL_0_1-21,26.147,inter_mol
4600,46,ECOIL,0,E,ECOIL_0_32-52,31,KCOIL,0,G,linker,26.153,inter_mol
4601,32,ECOIL,0,E,ECOIL_0_32-52,49,KCOIL,0,A,KCOIL_0_32-52,26.182,inter_mol
4602,32,ECOIL,0,E,ECOIL_0_32-52,4,KCOIL,0,A,KCOIL_0_1-21,26.200,inter_mol
4603,7,ECOIL,0,K,ECOIL_0_1-21,31,ECOIL,0,G,linker,26.204,intra_mol
4604,17,ECOIL,0,A,ECOIL_0_1-21,50,ECOIL,0,L,ECOIL_0_32-52,26.227,intra_mol
4605,19,KCOIL,0,L,KCOIL_0_1-21,48,KCOIL,0,A,KCOIL_0_32-52,26.229,intra_mol
4606,34,ECOIL,0,A,ECOIL_0_32-52,52,ECOIL,0,K,ECOIL_0_32-52,26.255,intra_mol
4607,3,KCOIL,0,A,KCOIL_0_1-21,32,KCOIL,0,K,KCOIL_0_32-52,26.262,intra_mol
4608,27,ECOIL,0,G,linker,48,ECOIL,0,A,ECOIL_0_32-52,26.263,intra_mol
4609,24,KCOIL,0,S,linker,43,KCOIL,0,L,KCOIL_0_32-52,26.271,intra_mol
4610,8,ECOIL,0,E,ECOIL_0_1-21,26,KCOIL,0,G,linker,26.289,inter_mol
4611,2,KCOIL,0,I,KCOIL_0_1-21,20,KCOIL,0,K,KCOIL_0_1-21,26.295,intra_mol
4612,29,KCOIL,0,G,linker,44,KCOIL,0,K,KCOIL_0_32-52,26.296,intra_mol
4613,23,ECOIL,0,G,linker,7,KCOIL,0,E,KCOIL_0_1-21,26.314,inter_mol
4614,3,KCOIL,0,A,KCOIL_0_1-21,34,KCOIL,0,A,KCOIL_0_32-52,26.320,intra_mol
4615,49,ECOIL,0,A,ECOIL_0_32-52,18,KCOIL,0,A,KCOIL_0_1-21,26.321,inter_mol
4616,8,KCOIL,0,K,KCOIL_0_1-21,25,KCOIL,0,G,linker,26.324,intra_mol
4617,5,ECOIL,0,L,ECOIL_0_1-21,27,ECOIL,0,G,linker,26.325,intra_mol
4618,5,ECOIL,0,L,ECOIL_0_1-21,24,ECOIL,0,S,linker,26.326,intra_mol
4619,20,KCOIL,0,K,KCOIL_0_1-21,48,KCOIL,0,A,KCOIL_0_32-52,26.331,intra_mol
4620,27,KCOIL,0,G,linker,44,KCOIL,0,K,KCOIL_0_32-52,26.334,intra_mol
4621,3,ECOIL,0,A,ECOIL_0_1-21,33,ECOIL,0,I,ECOIL_0_32-52,26.339,intra_mol
4622,49,ECOIL,0,A,ECOIL_0_32-52,34,KCOIL,0,A,KCOIL_0_32-52,26.346,inter_mol
4623,3,ECOIL,0,A,ECOIL_0_1-21,18,KCOIL,0,A,KCOIL_0_1-21,26.364,inter_mol
4624,42,ECOIL,0,A,ECOIL_0_32-52,25,KCOIL,0,G,linker,26.374,inter_mol
4625,32,KCOIL,0,K,KCOIL_0_32-52,49,KCOIL,0,A,KCOIL_0_32-52,26.383,intra_mol
4626,26,KCOIL,0,G,linker,43,KCOIL,0,L,KCOIL_0_32-52,26.393,intra_mol
4627,3,KCOIL,0,A,KCOIL_0_1-21,21,KCOIL,0,E,KCOIL_0_1-21,26.394,intra_mol
4628,28,ECOIL,0,S,linker,48,ECOIL,0,A,ECOIL_0_32-52,26.395,intra_mol
4629,1,ECOIL,0,E,ECOIL_0_1-21,18,ECOIL,0,A,ECOIL_0_1-21,26.403,intra_mol
4630,8,ECOIL,0,E,ECOIL_0_1-21,25,KCOIL,0,G,linker,26.410,inter_mol
4631,5,KCOIL,0,L,KCOIL_0_1-21,23,KCOIL,0,G,linker,26.414,intra_mol
4632,33,KCOIL,0,I,KCOIL_0_32-52,51,KCOIL,0,K,KCOIL_0_32-52,26.422,intra_mol
4633,17,ECOIL,0,A,ECOIL_0_1-21,50,KCOIL,0,L,KCOIL_0_32-52,26.423,inter_mol
4634,33,ECOIL,0,I,ECOIL_0_32-52,49,KCOIL,0,A,KCOIL_0_32-52,26.434,inter_mol
4635,24,ECOIL,0,S,linker,6,KCOIL,0,K,KCOIL_0_1-21,26.453,inter_mol
4636,2,ECOIL,0,I,ECOIL_0_1-21,33,ECOIL,0,I,ECOIL_0_32-52,26.458,intra_mol
4637,43,ECOIL,0,L,ECOIL_0_32-52,26,KCOIL,0,G,linker,26.465,inter_mol
4638,9,KCOIL,0,I,KCOIL_0_1-21,29,KCOIL,0,G,linker,26.469,intra_mol
4639,25,KCOIL,0,G,linker,43,KCOIL,0,L,KCOIL_0_32-52,26.486,intra_mol
4640,25,KCOIL,0,G,linker,42,KCOIL,0,A,KCOIL_0_32-52,26.496,intra_mol
4641,33,ECOIL,0,I,ECOIL_0_32-52,51,ECOIL,0,E,ECOIL_0_32-52,26.497,intra_mol
4642,8,ECOIL,0,E,ECOIL_0_1-21,28,KCOIL,0,S,linker,26.499,inter_mol
4643,29,ECOIL,0,G,linker,48,KCOIL,0,A,KCOIL_0_32-52,26.517,inter_mol
4644,8,ECOIL,0,E,ECOIL_0_1-21,24,KCOIL,0,S,linker,26.523,inter_mol
4645,32,ECOIL,0,E,ECOIL_0_32-52,51,KCOIL,0,K,KCOIL_0_32-52,26.534,inter_mol
4646,52,ECOIL,0,K,ECOIL_0_32-52,36,KCOIL,0,L,KCOIL_0_32-52,26.539,inter_mol
4647,44,ECOIL,0,E,ECOIL_0_32-52,30,KCOIL,0,G,linker,26.541,inter_mol
4648,51,ECOIL,0,E,ECOIL_0_32-52,20,KCOIL,0,K,KCOIL_0_1-21,26.544,inter_mol
4649,22,ECOIL,0,G,linker,6,KCOIL,0,K,KCOIL_0_1-21,26.574,inter_mol
4650,43,ECOIL,0,L,ECOIL_0_32-52,29,KCOIL,0,G,linker,26.578,inter_mol
4651,14,KCOIL,0,E,KCOIL_0_1-21,28,KCOIL,0,S,linker,26.584,intra_mol
4652,7,KCOIL,0,E,KCOIL_0_1-21,31,KCOIL,0,G,linker,26.584,intra_mol
4653,52,ECOIL,0,K,ECOIL_0_32-52,37,KCOIL,0,K,KCOIL_0_32-52,26.617,inter_mol
4654,17,KCOIL,0,A,KCOIL_0_1-21,50,KCOIL,0,L,KCOIL_0_32-52,26.621,intra_mol
4655,31,ECOIL,0,G,linker,49,ECOIL,0,A,ECOIL_0_32-52,26.621,intra_mol
4656,47,ECOIL,0,I,ECOIL_0_32-52,31,KCOIL,0,G,linker,26.659,inter_mol
4657,2,KCOIL,0,I,KCOIL_0_1-21,32,KCOIL,0,K,KCOIL_0_32-52,26.660,intra_mol
4658,6,ECOIL,0,E,ECOIL_0_1-21,23,ECOIL,0,G,linker,26.663,intra_mol
4659,22,ECOIL,0,G,linker,4,KCOIL,0,A,KCOIL_0_1-21,26.664,inter_mol
4660,13,KCOIL,0,K,KCOIL_0_1-21,28,KCOIL,0,S,linker,26.673,intra_mol
4661,3,ECOIL,0,A,ECOIL_0_1-21,21,ECOIL,0,K,ECOIL_0_1-21,26.674,intra_mol
4662,28,ECOIL,0,S,linker,47,KCOIL,0,I,KCOIL_0_32-52,26.696,inter_mol
4663,3,ECOIL,0,A,ECOIL_0_1-21,34,ECOIL,0,A,ECOIL_0_32-52,26.697,intra_mol
4664,49,ECOIL,0,A,ECOIL_0_32-52,33,KCOIL,0,I,KCOIL_0_32-52,26.697,inter_mol
4665,30,ECOIL,0,G,linker,49,ECOIL,0,A,ECOIL_0_32-52,26.701,intra_mol
4666,1,KCOIL,0,K,KCOIL_0_1-21,18,KCOIL,0,A,KCOIL_0_1-21,26.704,intra_mol
4667,2,ECOIL,0,I,ECOIL_0_1-21,18,KCOIL,0,A,KCOIL_0_1-21,26.710,inter_mol
4668,6,ECOIL,0,E,ECOIL_0_1-21,24,ECOIL,0,S,linker,26.730,intra_mol
4669,42,ECOIL,0,A,ECOIL_0_32-52,27,KCOIL,0,G,linker,26.740,inter_mol
4670,2,ECOIL,0,I,ECOIL_0_1-21,19,KCOIL,0,L,KCOIL_0_1-21,26.742,inter_mol
4671,33,ECOIL,0,I,ECOIL_0_32-52,50,KCOIL,0,L,KCOIL_0_32-52,26.746,inter_mol
4672,4,KCOIL,0,A,KCOIL_0_1-21,22,KCOIL,0,G,linker,26.752,intra_mol
4673,50,ECOIL,0,L,ECOIL_0_32-52,33,KCOIL,0,I,KCOIL_0_32-52,26.753,inter_mol
4674,31,KCOIL,0,G,linker,48,KCOIL,0,A,KCOIL_0_32-52,26.759,intra_mol
4675,51,ECOIL,0,E,ECOIL_0_32-52,35,KCOIL,0,A,KCOIL_0_32-52,26.777,inter_mol
4676,35,ECOIL,0,A,ECOIL_0_32-52,1,KCOIL,0,K,KCOIL_0_1-21,26.782,inter_mol
4677,42,ECOIL,0,A,ECOIL_0_32-52,26,KCOIL,0,G,linker,26.783,inter_mol
4678,49,ECOIL,0,A,ECOIL_0_32-52,19,KCOIL,0,L,KCOIL_0_1-21,26.784,inter_mol
4679,29,ECOIL,0,G,linker,5,KCOIL,0,L,KCOIL_0_1-21,26.789,inter_mol
4680,24,KCOIL,0,S,linker,42,KCOIL,0,A,KCOIL_0_32-52,26.810,intra_mol
4681,32,ECOIL,0,E,ECOIL_0_32-52,49,ECOIL,0,A,ECOIL_0_32-52,26.810,intra_mol
4682,25,ECOIL,0,G,linker,46,ECOIL,0,E,ECOIL_0_32-52,26.811,intra_mol
4683,23,ECOIL,0,G,linker,5,KCOIL,0,L,KCOIL_0_1-21,26.814,inter_mol
4684,16,ECOIL,0,I,ECOIL_0_1-21,52,ECOIL,0,K,ECOIL_0_32-52,26.821,intra_mol
4685,5,ECOIL,0,L,ECOIL_0_1-21,23,ECOIL,0,G,linker,26.824,intra_mol
4686,21,ECOIL,0,K,ECOIL_0_1-21,3,KCOIL,0,A,KCOIL_0_1-21,26.830,inter_mol
4687,29,ECOIL,0,G,linker,7,KCOIL,0,E,KCOIL_0_1-21,26.835,inter_mol
4688,34,KCOIL,0,A,KCOIL_0_32-52,52,KCOIL,0,E,KCOIL_0_32-52,26.841,intra_mol
4689,18,ECOIL,0,A,ECOIL_0_1-21,48,KCOIL,0,A,KCOIL_0_32-52,26.844,inter_mol
4690,31,ECOIL,0,G,linker,51,KCOIL,0,K,KCOIL_0_32-52,26.846,inter_mol
4691,28,ECOIL,0,S,linker,5,KCOIL,0,L,KCOIL_0_1-21,26.846,inter_mol
4692,26,ECOIL,0,G,linker,46,ECOIL,0,E,ECOIL_0_32-52,26.862,intra_mol
4693,6,ECOIL,0,E,ECOIL_0_1-21,31,ECOIL,0,G,linker,26.865,intra_mol
4694,17,ECOIL,0,A,ECOIL_0_1-21,49,ECOIL,0,A,ECOIL_0_32-52,26.898,intra_mol
4695,11,KCOIL,0,A,KCOIL_0_1-21,28,KCOIL,0,S,linker,26.909,intra_mol
4696,21,ECOIL,0,K,ECOIL_0_1-21,47,ECOIL,0,I,ECOIL_0_32-52,26.917,intra_mol
4697,18,ECOIL,0,A,ECOIL_0_1-21,48,ECOIL,0,A,ECOIL_0_32-52,26.924,intra_mol
4698,30,ECOIL,0,G,linker,7,KCOIL,0,E,KCOIL_0_1-21,26.927,inter_mol
4699,1,ECOIL,0,E,ECOIL_0_1-21,19,ECOIL,0,L,ECOIL_0_1-21,26.931,intra_mol
4700,25,ECOIL,0,G,linker,7,KCOIL,0,E,KCOIL_0_1-21,26.932,inter_mol
4701,32,KCOIL,0,K,KCOIL_0_32-52,50,KCOIL,0,L,KCOIL_0_32-52,26.932,intra_mol
4702,8,KCOIL,0,K,KCOIL_0_1-21,27,KCOIL,0,G,linker,26.940,intra_mol
4703,4,ECOIL,0,A,ECOIL_0_1-21,22,ECOIL,0,G,linker,26.944,intra_mol
4704,8,KCOIL,0,K,KCOIL_0_1-21,29,KCOIL,0,G,linker,26.944,intra_mol
4705,26,ECOIL,0,G,linker,45,KCOIL,0,E,KCOIL_0_32-52,26.954,inter_mol
4706,27,ECOIL,0,G,linker,46,KCOIL,0,K,KCOIL_0_32-52,26.958,inter_mol
4707,30,ECOIL,0,G,linker,51,KCOIL,0,K,KCOIL_0_32-52,26.972,inter_mol
4708,24,KCOIL,0,S,linker,44,KCOIL,0,K,KCOIL_0_32-52,26.974,intra_mol
4709,24,ECOIL,0,S,linker,46,ECOIL,0,E,ECOIL_0_32-52,26.975,intra_mol
4710,50,ECOIL,0,L,ECOIL_0_32-52,18,KCOIL,0,A,KCOIL_0_1-21,26.992,inter_mol
4711,4,ECOIL,0,A,ECOIL_0_1-21,31,ECOIL,0,G,linker,26.997,intra_mol
4712,51,ECOIL,0,E,ECOIL_0_32-52,19,KCOIL,0,L,KCOIL_0_1-21,26.999,inter_mol
4713,47,ECOIL,0,I,ECOIL_0_32-52,22,KCOIL,0,G,linker,27.005,inter_mol
4714,4,ECOIL,0,A,ECOIL_0_1-21,20,KCOIL,0,K,KCOIL_0_1-21,27.017,inter_mol
4715,19,ECOIL,0,L,ECOIL_0_1-21,1,KCOIL,0,K,KCOIL_0_1-21,27.040,inter_mol
4716,5,KCOIL,0,L,KCOIL_0_1-21,30,KCOIL,0,G,linker,27.072,intra_mol
4717,7,ECOIL,0,K,ECOIL_0_1-21,25,ECOIL,0,G,linker,27.081,intra_mol
4718,7,ECOIL,0,K,ECOIL_0_1-21,22,KCOIL,0,G,linker,27.095,inter_mol
4719,18,KCOIL,0,A,KCOIL_0_1-21,48,KCOIL,0,A,KCOIL_0_32-52,27.095,intra_mol
4720,23,ECOIL,0,G,linker,45,KCOIL,0,E,KCOIL_0_32-52,27.097,inter_mol
4721,41,ECOIL,0,A,ECOIL_0_32-52,29,KCOIL,0,G,linker,27.100,inter_mol
4722,9,ECOIL,0,I,ECOIL_0_1-21,28,KCOIL,0,S,linker,27.100,inter_mol
4723,26,KCOIL,0,G,linker,44,KCOIL,0,K,KCOIL_0_32-52,27.101,intra_mol
4724,25,ECOIL,0,G,linker,6,KCOIL,0,K,KCOIL_0_1-21,27.114,inter_mol
4725,7,ECOIL,0,K,ECOIL_0_1-21,23,KCOIL,0,G,linker,27.137,inter_mol
4726,4,KCOIL,0,A,KCOIL_0_1-21,31,KCOIL,0,G,linker,27.144,intra_mol
4727,17,ECOIL,0,A,ECOIL_0_1-21,49,KCOIL,0,A,KCOIL_0_32-52,27.153,inter_mol
4728,45,ECOIL,0,K,ECOIL_0_32-52,31,KCOIL,0,G,linker,27.155,inter_mol
4729,6,ECOIL,0,E,ECOIL_0_1-21,21,KCOIL,0,E,KCOIL_0_1-21,27.167,inter_mol
4730,50,ECOIL,0,L,ECOIL_0_32-52,20,KCOIL,0,K,KCOIL_0_1-21,27.172,inter_mol
4731,26,ECOIL,0,G,linker,6,KCOIL,0,K,KCOIL_0_1-21,27.190,inter_mol
4732,47,ECOIL,0,I,ECOIL_0_32-52,23,KCOIL,0,G,linker,27.192,inter_mol
4733,24,ECOIL,0,S,linker,47,ECOIL,0,I,ECOIL_0_32-52,27.199,intra_mol
4734,25,ECOIL,0,G,linker,5,KCOIL,0,L,KCOIL_0_1-21,27.213,inter_mol
4735,1,KCOIL,0,K,KCOIL_0_1-21,32,KCOIL,0,K,KCOIL_0_32-52,27.230,intra_mol
4736,1,ECOIL,0,E,ECOIL_0_1-21,34,ECOIL,0,A,ECOIL_0_32-52,27.242,intra_mol
4737,24,ECOIL,0,S,linker,46,KCOIL,0,K,KCOIL_0_32-52,27.267,inter_mol
4738,48,ECOIL,0,A,ECOIL_0_32-52,32,KCOIL,0,K,KCOIL_0_32-52,27.269,inter_mol
4739,32,ECOIL,0,E,ECOIL_0_32-52,50,KCOIL,0,L,KCOIL_0_32-52,27.269,inter_mol
4740,29,ECOIL,0,G,linker,49,ECOIL,0,A,ECOIL_0_32-52,27.280,intra_mol
4741,3,ECOIL,0,A,ECOIL_0_1-21,32,ECOIL,0,E,ECOIL_0_32-52,27.283,intra_mol
4742,24,ECOIL,0,S,linker,47,KCOIL,0,I,KCOIL_0_32-52,27.317,inter_mol
4743,25,KCOIL,0,G,linker,44,KCOIL,0,K,KCOIL_0_32-52,27.321,intra_mol
4744,29,KCOIL,0,G,linker,45,KCOIL,0,E,KCOIL_0_32-52,27.325,intra_mol
4745,6,ECOIL,0,E,ECOIL_0_1-21,22,KCOIL,0,G,linker,27.327,inter_mol
4746,31,ECOIL,0,G,linker,4,KCOIL,0,A,KCOIL_0_1-21,27.332,inter_mol
4747,28,KCOIL,0,S,linker,43,KCOIL,0,L,KCOIL_0_32-52,27.337,intra_mol
4748,27,ECOIL,0,G,linker,48,KCOIL,0,A,KCOIL_0_32-52,27.338,inter_mol
4749,50,ECOIL,0,L,ECOIL_0_32-52,19,KCOIL,0,L,KCOIL_0_1-21,27.340,inter_mol
4750,6,KCOIL,0,K,KCOIL_0_1-21,31,KCOIL,0,G,linker,27.345,intra_mol
4751,10,KCOIL,0,A,KCOIL_0_1-21,29,KCOIL,0,G,linker,27.346,intra_mol
4752,46,ECOIL,0,E,ECOIL_0_32-52,23,KCOIL,0,G,linker,27.360,inter_mol
4753,5,ECOIL,0,L,ECOIL_0_1-21,25,ECOIL,0,G,linker,27.371,intra_mol
4754,15,ECOIL,0,E,ECOIL_0_1-21,52,KCOIL,0,E,KCOIL_0_32-52,27.378,inter_mol
4755,31,ECOIL,0,G,linker,49,KCOIL,0,A,KCOIL_0_32-52,27.378,inter_mol
4756,34,ECOIL,0,A,ECOIL_0_32-52,52,KCOIL,0,E,KCOIL_0_32-52,27.378,inter_mol
4757,26,ECOIL,0,G,linker,7,KCOIL,0,E,KCOIL_0_1-21,27.379,inter_mol
4758,29,ECOIL,0,G,linker,46,KCOIL,0,K,KCOIL_0_32-52,27.383,inter_mol
4759,5,ECOIL,0,L,ECOIL_0_1-21,29,ECOIL,0,G,linker,27.415,intra_mol
4760,16,KCOIL,0,I,KCOIL_0_1-21,52,KCOIL,0,E,KCOIL_0_32-52,27.421,intra_mol
4761,8,KCOIL,0,K,KCOIL_0_1-21,26,KCOIL,0,G,linker,27.441,intra_mol
4762,5,ECOIL,0,L,ECOIL_0_1-21,21,KCOIL,0,E,KCOIL_0_1-21,27.441,inter_mol
4763,20,ECOIL,0,E,ECOIL_0_1-21,51,ECOIL,0,E,ECOIL_0_32-52,27.446,intra_mol
4764,44,ECOIL,0,E,ECOIL_0_32-52,25,KCOIL,0,G,linker,27.458,inter_mol
4765,17,KCOIL,0,A,KCOIL_0_1-21,49,KCOIL,0,A,KCOIL_0_32-52,27.460,intra_mol
4766,7,ECOIL,0,K,ECOIL_0_1-21,27,ECOIL,0,G,linker,27.482,intra_mol
4767,27,ECOIL,0,G,linker,4,KCOIL,0,A,KCOIL_0_1-21,27.489,inter_mol
4768,21,ECOIL,0,K,ECOIL_0_1-21,46,KCOIL,0,K,KCOIL_0_32-52,27.518,inter_mol
4769,1,KCOIL,0,K,KCOIL_0_1-21,19,KCOIL,0,L,KCOIL_0_1-21,27.559,intra_mol
4770,32,ECOIL,0,E,ECOIL_0_32-52,50,ECOIL,0,L,ECOIL_0_32-52,27.567,intra_mol
4771,1,ECOIL,0,E,ECOIL_0_1-21,31,KCOIL,0,G,linker,27.581,inter_mol
4772,7,ECOIL,0,K,ECOIL_0_1-21,27,KCOIL,0,G,linker,27.595,inter_mol
4773,25,ECOIL,0,G,linker,47,ECOIL,0,I,ECOIL_0_32-52,27.599,intra_mol
4774,20,ECOIL,0,E,ECOIL_0_1-21,48,KCOIL,0,A,KCOIL_0_32-52,27.599,inter_mol
4775,1,KCOIL,0,K,KCOIL_0_1-21,34,KCOIL,0,A,KCOIL_0_32-52,27.600,intra_mol
4776,22,ECOIL,0,G,linker,45,KCOIL,0,E,KCOIL_0_32-52,27.621,inter_mol
4777,4,KCOIL,0,A,KCOIL_0_1-21,23,KCOIL,0,G,linker,27.628,intra_mol
4778,21,KCOIL,0,E,KCOIL_0_1-21,47,KCOIL,0,I,KCOIL_0_32-52,27.636,intra_mol
4779,2,ECOIL,0,I,ECOIL_0_1-21,32,ECOIL,0,E,ECOIL_0_32-52,27.647,intra_mol
4780,25,ECOIL,0,G,linker,47,KCOIL,0,I,KCOIL_0_32-52,27.654,inter_mol
4781,5,ECOIL,0,L,ECOIL_0_1-21,23,KCOIL,0,G,linker,27.675,inter_mol
4782,23,ECOIL,0,G,linker,6,KCOIL,0,K,KCOIL_0_1-21,27.687,inter_mol
4783,30,KCOIL,0,G,linker,47,KCOIL,0,I,KCOIL_0_32-52,27.691,intra_mol
4784,1,ECOIL,0,E,ECOIL_0_1-21,33,ECOIL,0,I,ECOIL_0_32-52,27.697,intra_mol
4785,6,ECOIL,0,E,ECOIL_0_1-21,23,KCOIL,0,G,linker,27.727,inter_mol
4786,32,ECOIL,0,E,ECOIL_0_32-52,2,KCOIL,0,I,KCOIL_0_1-21,27.730,inter_mol
4787,46,ECOIL,0,E,ECOIL_0_32-52,22,KCOIL,0,G,linker,27.732,inter_mol
4788,32,ECOIL,0,E,ECOIL_0_32-52,3,KCOIL,0,A,KCOIL_0_1-21,27.761,inter_mol
4789,6,ECOIL,0,E,ECOIL_0_1-21,27,ECOIL,0,G,linker,27.764,intra_mol
4790,5,ECOIL,0,L,ECOIL_0_1-21,22,KCOIL,0,G,linker,27.796,inter_mol
4791,1,ECOIL,0,E,ECOIL_0_1-21,32,ECOIL,0,E,ECOIL_0_32-52,27.797,intra_mol
4792,22,ECOIL,0,G,linker,46,KCOIL,0,K,KCOIL_0_32-52,27.806,inter_mol
4793,24,ECOIL,0,S,linker,4,KCOIL,0,A,KCOIL_0_1-21,27.827,inter_mol
4794,42,ECOIL,0,A,ECOIL_0_32-52,29,KCOIL,0,G,linker,27.839,inter_mol
4795,26,ECOIL,0,G,linker,47,ECOIL,0,I,ECOIL_0_32-52,27.849,intra_mol
4796,1,KCOIL,0,K,KCOIL_0_1-21,33,KCOIL,0,I,KCOIL_0_32-52,27.862,intra_mol
4797,52,ECOIL,0,K,ECOIL_0_32-52,38,KCOIL,0,E,KCOIL_0_32-52,27.863,inter_mol
4798,19,ECOIL,0,L,ECOIL_0_1-21,50,KCOIL,0,L,KCOIL_0_32-52,27.874,inter_mol
4799,4,ECOIL,0,A,ECOIL_0_1-21,24,ECOIL,0,S,linker,27.898,intra_mol
4800,19,ECOIL,0,L,ECOIL_0_1-21,49,KCOIL,0,A,KCOIL_0_32-52,27.904,inter_mol
4801,7,ECOIL,0,K,ECOIL_0_1-21,21,KCOIL,0,E,KCOIL_0_1-21,27.904,inter_mol
4802,16,ECOIL,0,I,ECOIL_0_1-21,52,KCOIL,0,E,KCOIL_0_32-52,27.920,inter_mol
4803,4,ECOIL,0,A,ECOIL_0_1-21,23,ECOIL,0,G,linker,27.925,intra_mol
4804,21,ECOIL,0,K,ECOIL_0_1-21,47,KCOIL,0,I,KCOIL_0_32-52,27.933,inter_mol
4805,25,ECOIL,0,G,linker,46,KCOIL,0,K,KCOIL_0_32-52,27.933,inter_mol
4806,7,KCOIL,0,E,KCOIL_0_1-21,24,KCOIL,0,S,linker,27.936,intra_mol
4807,19,ECOIL,0,L,ECOIL_0_1-21,50,ECOIL,0,L,ECOIL_0_32-52,27.937,intra_mol
4808,20,KCOIL,0,K,KCOIL_0_1-21,51,KCOIL,0,K,KCOIL_0_32-52,27.945,intra_mol
4809,30,ECOIL,0,G,linker,49,KCOIL,0,A,KCOIL_0_32-52,27.959,inter_mol
4810,22,ECOIL,0,G,linker,47,ECOIL,0,I,ECOIL_0_32-52,27.961,intra_mol
4811,31,ECOIL,0,G,linker,50,ECOIL,0,L,ECOIL_0_32-52,27.972,intra_mol
4812,1,ECOIL,0,E,ECOIL_0_1-21,17,KCOIL,0,A,KCOIL_0_1-21,27.974,inter_mol
4813,23,ECOIL,0,G,linker,46,KCOIL,0,K,KCOIL_0_32-52,27.977,inter_mol
4814,2,ECOIL,0,I,ECOIL_0_1-21,31,KCOIL,0,G,linker,28.005,inter_mol
4815,23,KCOIL,0,G,linker,45,KCOIL,0,E,KCOIL_0_32-52,28.016,intra_mol
4816,26,ECOIL,0,G,linker,5,KCOIL,0,L,KCOIL_0_1-21,28.036,inter_mol
4817,20,ECOIL,0,E,ECOIL_0_1-21,50,ECOIL,0,L,ECOIL_0_32-52,28.053,intra_mol
4818,5,ECOIL,0,L,ECOIL_0_1-21,28,ECOIL,0,S,linker,28.062,intra_mol
4819,51,ECOIL,0,E,ECOIL_0_32-52,33,KCOIL,0,I,KCOIL_0_32-52,28.116,inter_mol
4820,19,ECOIL,0,L,ECOIL_0_1-21,49,ECOIL,0,A,ECOIL_0_32-52,28.117,intra_mol
4821,17,ECOIL,0,A,ECOIL_0_1-21,51,KCOIL,0,K,KCOIL_0_32-52,28.128,inter_mol
4822,18,ECOIL,0,A,ECOIL_0_1-21,50,KCOIL,0,L,KCOIL_0_32-52,28.145,inter_mol
4823,7,KCOIL,0,E,KCOIL_0_1-21,30,KCOIL,0,G,linker,28.147,intra_mol
4824,20,ECOIL,0,E,ECOIL_0_1-21,49,ECOIL,0,A,ECOIL_0_32-52,28.157,intra_mol
4825,50,ECOIL,0,L,ECOIL_0_32-52,32,KCOIL,0,K,KCOIL_0_32-52,28.178,inter_mol
4826,1,ECOIL,0,E,ECOIL_0_1-21,20,ECOIL,0,E,ECOIL_0_1-21,28.230,intra_mol
4827,7,ECOIL,0,K,ECOIL_0_1-21,30,ECOIL,0,G,linker,28.233,intra_mol
4828,51,ECOIL,0,E,ECOIL_0_32-52,34,KCOIL,0,A,KCOIL_0_32-52,28.251,inter_mol
4829,27,ECOIL,0,G,linker,49,ECOIL,0,A,ECOIL_0_32-52,28.254,intra_mol
4830,29,ECOIL,0,G,linker,51,KCOIL,0,K,KCOIL_0_32-52,28.275,inter_mol
4831,27,KCOIL,0,G,linker,45,KCOIL,0,E,KCOIL_0_32-52,28.280,intra_mol
4832,23,ECOIL,0,G,linker,4,KCOIL,0,A,KCOIL_0_1-21,28.281,inter_mol
4833,21,ECOIL,0,K,ECOIL_0_1-21,45,KCOIL,0,E,KCOIL_0_32-52,28.306,inter_mol
4834,28,ECOIL,0,S,linker,48,KCOIL,0,A,KCOIL_0_32-52,28.312,inter_mol
4835,2,ECOIL,0,I,ECOIL_0_1-21,20,KCOIL,0,K,KCOIL_0_1-21,28.319,inter_mol
4836,6,ECOIL,0,E,ECOIL_0_1-21,25,ECOIL,0,G,linker,28.321,intra_mol
4837,26,ECOIL,0,G,linker,47,KCOIL,0,I,KCOIL_0_32-52,28.335,inter_mol
4838,19,ECOIL,0,L,ECOIL_0_1-21,51,ECOIL,0,E,ECOIL_0_32-52,28.340,intra_mol
4839,33,ECOIL,0,I,ECOIL_0_32-52,1,KCOIL,0,K,KCOIL_0_1-21,28.344,inter_mol
4840,52,ECOIL,0,K,ECOIL_0_32-52,20,KCOIL,0,K,KCOIL_0_1-21,28.346,inter_mol
4841,31,ECOIL,0,G,linker,50,KCOIL,0,L,KCOIL_0_32-52,28.359,inter_mol
4842,23,KCOIL,0,G,linker,47,KCOIL,0,I,KCOIL_0_32-52,28.362,intra_mol
4843,22,ECOIL,0,G,linker,47,KCOIL,0,I,KCOIL_0_32-52,28.365,inter_mol
4844,3,KCOIL,0,A,KCOIL_0_1-21,22,KCOIL,0,G,linker,28.365,intra_mol
4845,23,ECOIL,0,G,linker,45,ECOIL,0,K,ECOIL_0_32-52,28.375,intra_mol
4846,19,KCOIL,0,L,KCOIL_0_1-21,50,KCOIL,0,L,KCOIL_0_32-52,28.386,intra_mol
4847,32,KCOIL,0,K,KCOIL_0_32-52,51,KCOIL,0,K,KCOIL_0_32-52,28.390,intra_mol
4848,28,ECOIL,0,S,linker,49,ECOIL,0,A,ECOIL_0_32-52,28.401,intra_mol
4849,31,KCOIL,0,G,linker,49,KCOIL,0,A,KCOIL_0_32-52,28.412,intra_mol
4850,30,ECOIL,0,G,linker,50,ECOIL,0,L,ECOIL_0_32-52,28.414,intra_mol
4851,34,ECOIL,0,A,ECOIL_0_32-52,1,KCOIL,0,K,KCOIL_0_1-21,28.415,inter_mol
4852,33,ECOIL,0,I,ECOIL_0_32-52,52,ECOIL,0,K,ECOIL_0_32-52,28.425,intra_mol
4853,19,KCOIL,0,L,KCOIL_0_1-21,51,KCOIL,0,K,KCOIL_0_32-52,28.430,intra_mol
4854,31,ECOIL,0,G,linker,3,KCOIL,0,A,KCOIL_0_1-21,28.432,inter_mol
4855,18,ECOIL,0,A,ECOIL_0_1-21,49,KCOIL,0,A,KCOIL_0_32-52,28.437,inter_mol
4856,28,KCOIL,0,S,linker,44,KCOIL,0,K,KCOIL_0_32-52,28.447,intra_mol
4857,18,ECOIL,0,A,ECOIL_0_1-21,50,ECOIL,0,L,ECOIL_0_32-52,28.459,intra_mol
4858,41,ECOIL,0,A,ECOIL_0_32-52,28,KCOIL,0,S,linker,28.463,inter_mol
4859,29,KCOIL,0,G,linker,46,KCOIL,0,K,KCOIL_0_32-52,28.463,intra_mol
4860,44,ECOIL,0,E,ECOIL_0_32-52,26,KCOIL,0,G,linker,28.490,inter_mol
4861,14,KCOIL,0,E,KCOIL_0_1-21,52,KCOIL,0,E,KCOIL_0_32-52,28.502,intra_mol
4862,31,ECOIL,0,G,linker,2,KCOIL,0,I,KCOIL_0_1-21,28.511,inter_mol
4863,14,ECOIL,0,K,ECOIL_0_1-21,52,KCOIL,0,E,KCOIL_0_32-52,28.519,inter_mol
4864,22,ECOIL,0,G,linker,45,ECOIL,0,K,ECOIL_0_32-52,28.522,intra_mol
4865,3,ECOIL,0,A,ECOIL_0_1-21,20,KCOIL,0,K,KCOIL_0_1-21,28.560,inter_mol
4866,21,ECOIL,0,K,ECOIL_0_1-21,45,ECOIL,0,K,ECOIL_0_32-52,28.570,intra_mol
4867,3,ECOIL,0,A,ECOIL_0_1-21,30,KCOIL,0,G,linker,28.570,inter_mol
4868,23,ECOIL,0,G,linker,47,KCOIL,0,I,KCOIL_0_32-52,28.576,inter_mol
4869,23,ECOIL,0,G,linker,47,ECOIL,0,I,ECOIL_0_32-52,28.582,intra_mol
4870,6,ECOIL,0,E,ECOIL_0_1-21,30,ECOIL,0,G,linker,28.590,intra_mol
4871,27,ECOIL,0,G,linker,3,KCOIL,0,A,KCOIL_0_1-21,28.602,inter_mol
4872,5,ECOIL,0,L,ECOIL_0_1-21,29,KCOIL,0,G,linker,28.616,inter_mol
4873,52,ECOIL,0,K,ECOIL_0_32-52,18,KCOIL,0,A,KCOIL_0_1-21,28.618,inter_mol
4874,4,ECOIL,0,A,ECOIL_0_1-21,30,ECOIL,0,G,linker,28.621,intra_mol
4875,2,KCOIL,0,I,KCOIL_0_1-21,21,KCOIL,0,E,KCOIL_0_1-21,28.639,intra_mol
4876,21,ECOIL,0,K,ECOIL_0_1-21,1,KCOIL,0,K,KCOIL_0_1-21,28.641,inter_mol
4877,3,ECOIL,0,A,ECOIL_0_1-21,22,ECOIL,0,G,linker,28.644,intra_mol
4878,5,ECOIL,0,L,ECOIL_0_1-21,26,ECOIL,0,G,linker,28.646,intra_mol
4879,9,KCOIL,0,I,KCOIL_0_1-21,28,KCOIL,0,S,linker,28.665,intra_mol
4880,43,ECOIL,0,L,ECOIL_0_32-52,28,KCOIL,0,S,linker,28.670,inter_mol
4881,2,ECOIL,0,I,ECOIL_0_1-21,21,ECOIL,0,K,ECOIL_0_1-21,28.676,intra_mol
4882,30,ECOIL,0,G,linker,4,KCOIL,0,A,KCOIL_0_1-21,28.677,inter_mol
4883,44,ECOIL,0,E,ECOIL_0_32-52,27,KCOIL,0,G,linker,28.681,inter_mol
4884,28,ECOIL,0,S,linker,4,KCOIL,0,A,KCOIL_0_1-21,28.706,inter_mol
4885,1,ECOIL,0,E,ECOIL_0_1-21,19,KCOIL,0,L,KCOIL_0_1-21,28.714,inter_mol
4886,19,KCOIL,0,L,KCOIL_0_1-21,49,KCOIL,0,A,KCOIL_0_32-52,28.726,intra_mol
4887,28,ECOIL,0,S,linker,46,KCOIL,0,K,KCOIL_0_32-52,28.732,inter_mol
4888,18,KCOIL,0,A,KCOIL_0_1-21,50,KCOIL,0,L,KCOIL_0_32-52,28.737,intra_mol
4889,22,KCOIL,0,G,linker,47,KCOIL,0,I,KCOIL_0_32-52,28.743,intra_mol
4890,48,ECOIL,0,A,ECOIL_0_32-52,22,KCOIL,0,G,linker,28.747,inter_mol
4891,18,ECOIL,0,A,ECOIL_0_1-21,51,ECOIL,0,E,ECOIL_0_32-52,28.756,intra_mol
4892,18,KCOIL,0,A,KCOIL_0_1-21,51,KCOIL,0,K,KCOIL_0_32-52,28.764,intra_mol
4893,46,ECOIL,0,E,ECOIL_0_32-52,30,KCOIL,0,G,linker,28.784,inter_mol
4894,21,ECOIL,0,K,ECOIL_0_1-21,46,ECOIL,0,E,ECOIL_0_32-52,28.790,intra_mol
4895,19,ECOIL,0,L,ECOIL_0_1-21,51,KCOIL,0,K,KCOIL_0_32-52,28.811,inter_mol
4896,23,ECOIL,0,G,linker,46,ECOIL,0,E,ECOIL_0_32-52,28.812,intra_mol
4897,51,ECOIL,0,E,ECOIL_0_32-52,21,KCOIL,0,E,KCOIL_0_1-21,28.820,inter_mol
4898,4,ECOIL,0,A,ECOIL_0_1-21,29,KCOIL,0,G,linker,28.826,inter_mol
4899,49,ECOIL,0,A,ECOIL_0_32-52,32,KCOIL,0,K,KCOIL_0_32-52,28.864,inter_mol
4900,4,ECOIL,0,A,ECOIL_0_1-21,27,ECOIL,0,G,linker,28.864,intra_mol
4901,14,ECOIL,0,K,ECOIL_0_1-21,52,ECOIL,0,K,ECOIL_0_32-52,28.872,intra_mol
4902,22,ECOIL,0,G,linker,46,ECOIL,0,E,ECOIL_0_32-52,28.872,intra_mol
4903,20,ECOIL,0,E,ECOIL_0_1-21,50,KCOIL,0,L,KCOIL_0_32-52,28.872,inter_mol
4904,33,KCOIL,0,I,KCOIL_0_32-52,52,KCOIL,0,E,KCOIL_0_32-52,28.934,intra_mol
4905,21,ECOIL,0,K,ECOIL_0_1-21,2,KCOIL,0,I,KCOIL_0_1-21,28.938,inter_mol
4906,20,KCOIL,0,K,KCOIL_0_1-21,50,KCOIL,0,L,KCOIL_0_32-52,28.958,intra_mol
4907,15,ECOIL,0,E,ECOIL_0_1-21,52,ECOIL,0,K,ECOIL_0_32-52,28.961,intra_mol
4908,49,ECOIL,0,A,ECOIL_0_32-52,21,KCOIL,0,E,KCOIL_0_1-21,28.965,inter_mol
4909,21,KCOIL,0,E,KCOIL_0_1-21,45,KCOIL,0,E,KCOIL_0_32-52,28.975,intra_mol
4910,6,KCOIL,0,K,KCOIL_0_1-21,24,KCOIL,0,S,linker,29.003,intra_mol
4911,32,ECOIL,0,E,ECOIL_0_32-52,51,ECOIL,0,E,ECOIL_0_32-52,29.011,intra_mol
4912,6,ECOIL,0,E,ECOIL_0_1-21,29,KCOIL,0,G,linker,29.031,inter_mol
4913,30,ECOIL,0,G,linker,50,KCOIL,0,L,KCOIL_0_32-52,29.038,inter_mol
4914,48,ECOIL,0,A,ECOIL_0_32-52,23,KCOIL,0,G,linker,29.040,inter_mol
4915,47,ECOIL,0,I,ECOIL_0_32-52,30,KCOIL,0,G,linker,29.049,inter_mol
4916,45,ECOIL,0,K,ECOIL_0_32-52,24,KCOIL,0,S,linker,29.063,inter_mol
4917,31,ECOIL,0,G,linker,51,ECOIL,0,E,ECOIL_0_32-52,29.064,intra_mol
4918,7,ECOIL,0,K,ECOIL_0_1-21,26,ECOIL,0,G,linker,29.071,intra_mol
4919,4,KCOIL,0,A,KCOIL_0_1-21,30,KCOIL,0,G,linker,29.089,intra_mol
4920,29,ECOIL,0,G,linker,4,KCOIL,0,A,KCOIL_0_1-21,29.093,inter_mol
4921,7,ECOIL,0,K,ECOIL_0_1-21,25,KCOIL,0,G,linker,29.112,inter_mol
4922,25,ECOIL,0,G,linker,4,KCOIL,0,A,KCOIL_0_1-21,29.121,inter_mol
4923,18,ECOIL,0,A,ECOIL_0_1-21,49,ECOIL,0,A,ECOIL_0_32-52,29.140,intra_mol
4924,22,KCOIL,0,G,linker,45,KCOIL,0,E,KCOIL_0_32-52,29.142,intra_mol
4925,22,ECOIL,0,G,linker,3,KCOIL,0,A,KCOIL_0_1-21,29.147,inter_mol
4926,7,ECOIL,0,K,ECOIL_0_1-21,24,KCOIL,0,S,linker,29.164,inter_mol
4927,1,KCOIL,0,K,KCOIL_0_1-21,20,KCOIL,0,K,KCOIL_0_1-21,29.176,intra_mol
4928,32,ECOIL,0,E,ECOIL_0_32-52,52,KCOIL,0,E,KCOIL_0_32-52,29.199,inter_mol
4929,15,KCOIL,0,K,KCOIL_0_1-21,52,KCOIL,0,E,KCOIL_0_32-52,29.207,intra_mol
4930,7,ECOIL,0,K,ECOIL_0_1-21,26,KCOIL,0,G,linker,29.211,inter_mol
4931,10,KCOIL,0,A,KCOIL_0_1-21,28,KCOIL,0,S,linker,29.228,intra_mol
4932,7,ECOIL,0,K,ECOIL_0_1-21,28,KCOIL,0,S,linker,29.240,inter_mol
4933,4,ECOIL,0,A,ECOIL_0_1-21,25,ECOIL,0,G,linker,29.248,intra_mol
4934,6,KCOIL,0,K,KCOIL_0_1-21,30,KCOIL,0,G,linker,29.251,intra_mol
4935,29,ECOIL,0,G,linker,50,ECOIL,0,L,ECOIL_0_32-52,29.260,intra_mol
4936,20,KCOIL,0,K,KCOIL_0_1-21,49,KCOIL,0,A,KCOIL_0_32-52,29.268,intra_mol
4937,2,ECOIL,0,I,ECOIL_0_1-21,31,ECOIL,0,G,linker,29.269,intra_mol
4938,26,ECOIL,0,G,linker,46,KCOIL,0,K,KCOIL_0_32-52,29.269,inter_mol
4939,23,KCOIL,0,G,linker,46,KCOIL,0,K,KCOIL_0_32-52,29.273,intra_mol
4940,3,KCOIL,0,A,KCOIL_0_1-21,23,KCOIL,0,G,linker,29.273,intra_mol
4941,1,ECOIL,0,E,ECOIL_0_1-21,18,KCOIL,0,A,KCOIL_0_1-21,29.394,inter_mol
4942,31,KCOIL,0,G,linker,50,KCOIL,0,L,KCOIL_0_32-52,29.399,intra_mol
4943,30,ECOIL,0,G,linker,2,KCOIL,0,I,KCOIL_0_1-21,29.400,inter_mol
4944,5,KCOIL,0,L,KCOIL_0_1-21,24,KCOIL,0,S,linker,29.413,intra_mol
4945,28,ECOIL,0,S,linker,3,KCOIL,0,A,KCOIL_0_1-21,29.425,inter_mol
4946,45,ECOIL,0,K,ECOIL_0_32-52,30,KCOIL,0,G,linker,29.425,inter_mol
4947,26,ECOIL,0,G,linker,48,ECOIL,0,A,ECOIL_0_32-52,29.439,intra_mol
4948,42,ECOIL,0,A,ECOIL_0_32-52,28,KCOIL,0,S,linker,29.442,inter_mol
4949,27,ECOIL,0,G,linker,51,KCOIL,0,K,KCOIL_0_32-52,29.445,inter_mol
4950,30,ECOIL,0,G,linker,3,KCOIL,0,A,KCOIL_0_1-21,29.465,inter_mol
4951,3,ECOIL,0,A,ECOIL_0_1-21,31,ECOIL,0,G,linker,29.469,intra_mol
4952,27,ECOIL,0,G,linker,2,KCOIL,0,I,KCOIL_0_1-21,29.470,inter_mol
4953,30,ECOIL,0,G,linker,51,ECOIL,0,E,ECOIL_0_32-52,29.507,intra_mol
4954,33,ECOIL,0,I,ECOIL_0_32-52,52,KCOIL,0,E,KCOIL_0_32-52,29.527,inter_mol
4955,26,KCOIL,0,G,linker,45,KCOIL,0,E,KCOIL_0_32-52,29.552,intra_mol
4956,51,ECOIL,0,E,ECOIL_0_32-52,32,KCOIL,0,K,KCOIL_0_32-52,29.553,inter_mol
4957,18,KCOIL,0,A,KCOIL_0_1-21,49,KCOIL,0,A,KCOIL_0_32-52,29.585,intra_mol
4958,24,ECOIL,0,S,linker,48,ECOIL,0,A,ECOIL_0_32-52,29.596,intra_mol
4959,24,ECOIL,0,S,linker,48,KCOIL,0,A,KCOIL_0_32-52,29.606,inter_mol
4960,20,ECOIL,0,E,ECOIL_0_1-21,49,KCOIL,0,A,KCOIL_0_32-52,29.607,inter_mol
4961,25,ECOIL,0,G,linker,48,KCOIL,0,A,KCOIL_0_32-52,29.617,inter_mol
4962,8,KCOIL,0,K,KCOIL_0_1-21,28,KCOIL,0,S,linker,29.638,intra_mol
4963,7,KCOIL,0,E,KCOIL_0_1-21,25,KCOIL,0,G,linker,29.648,intra_mol
4964,52,ECOIL,0,K,ECOIL_0_32-52,19,KCOIL,0,L,KCOIL_0_1-21,29.659,inter_mol
4965,4,ECOIL,0,A,ECOIL_0_1-21,23,KCOIL,0,G,linker,29.663,inter_mol
4966,6,ECOIL,0,E,ECOIL_0_1-21,28,ECOIL,0,S,linker,29.665,intra_mol
4967,27,ECOIL,0,G,linker,50,ECOIL,0,L,ECOIL_0_32-52,29.665,intra_mol
4968,5,ECOIL,0,L,ECOIL_0_1-21,27,KCOIL,0,G,linker,29.667,inter_mol
4969,52,ECOIL,0,K,ECOIL_0_32-52,35,KCOIL,0,A,KCOIL_0_32-52,29.668,inter_mol
4970,25,ECOIL,0,G,linker,48,ECOIL,0,A,ECOIL_0_32-52,29.670,intra_mol
4971,29,ECOIL,0,G,linker,3,KCOIL,0,A,KCOIL_0_1-21,29.679,inter_mol
4972,3,KCOIL,0,A,KCOIL_0_1-21,31,KCOIL,0,G,linker,29.716,intra_mol
4973,6,ECOIL,0,E,ECOIL_0_1-21,29,ECOIL,0,G,linker,29.735,intra_mol
4974,29,ECOIL,0,G,linker,51,ECOIL,0,E,ECOIL_0_32-52,29.745,intra_mol
4975,30,KCOIL,0,G,linker,48,KCOIL,0,A,KCOIL_0_32-52,29.747,intra_mol
4976,6,ECOIL,0,E,ECOIL_0_1-21,26,ECOIL,0,G,linker,29.784,intra_mol
4977,1,ECOIL,0,E,ECOIL_0_1-21,31,ECOIL,0,G,linker,29.789,intra_mol
4978,4,ECOIL,0,A,ECOIL_0_1-21,22,KCOIL,0,G,linker,29.795,inter_mol
4979,29,ECOIL,0,G,linker,49,KCOIL,0,A,KCOIL_0_32-52,29.806,inter_mol
4980,18,ECOIL,0,A,ECOIL_0_1-21,51,KCOIL,0,K,KCOIL_0_32-52,29.818,inter_mol
4981,24,ECOIL,0,S,linker,3,KCOIL,0,A,KCOIL_0_1-21,29.822,inter_mol
4982,7,ECOIL,0,K,ECOIL_0_1-21,29,ECOIL,0,G,linker,29.835,intra_mol
4983,27,KCOIL,0,G,linker,46,KCOIL,0,K,KCOIL_0_32-52,29.844,intra_mol
4984,28,KCOIL,0,S,linker,45,KCOIL,0,E,KCOIL_0_32-52,29.849,intra_mol
4985,2,KCOIL,0,I,KCOIL_0_1-21,31,KCOIL,0,G,linker,29.850,intra_mol
4986,21,KCOIL,0,E,KCOIL_0_1-21,46,KCOIL,0,K,KCOIL_0_32-52,29.856,intra_mol
4987,21,ECOIL,0,K,ECOIL_0_1-21,48,ECOIL,0,A,ECOIL_0_32-52,29.859,intra_mol
4988,17,ECOIL,0,A,ECOIL_0_1-21,52,ECOIL,0,K,ECOIL_0_32-52,29.864,intra_mol
4989,27,ECOIL,0,G,linker,51,ECOIL,0,E,ECOIL_0_32-52,29.866,intra_mol
4990,7,ECOIL,0,K,ECOIL_0_1-21,28,ECOIL,0,S,linker,29.877,intra_mol
4991,26,ECOIL,0,G,linker,4,KCOIL,0,A,KCOIL_0_1-21,29.884,inter_mol
4992,20,ECOIL,0,E,ECOIL_0_1-21,51,KCOIL,0,K,KCOIL_0_32-52,29.888,inter_mol
4993,22,KCOIL,0,G,linker,46,KCOIL,0,K,KCOIL_0_32-52,29.938,intra_mol
4994,31,ECOIL,0,G,linker,52,KCOIL,0,E,KCOIL_0_32-52,29.944,inter_mol
4995,3,ECOIL,0,A,ECOIL_0_1-21,23,ECOIL,0,G,linker,29.949,intra_mol
4996,44,ECOIL,0,E,ECOIL_0_32-52,29,KCOIL,0,G,linker,29.965,inter_mol
4997,28,ECOIL,0,S,linker,51,KCOIL,0,K,KCOIL_0_32-52,29.974,inter_mol
4998,4,ECOIL,0,A,ECOIL_0_1-21,21,KCOIL,0,E,KCOIL_0_1-21,29.976,inter_mol
4999,3,ECOIL,0,A,ECOIL_0_1-21,24,ECOIL,0,S,linker,30.006,intra_mol
5000,48,ECOIL,0,A,ECOIL_0_32-52,31,KCOIL,0,G,linker,30.030,inter_mol
5001,29,ECOIL,0,G,linker,2,KCOIL,0,I,KCOIL_0_1-21,30.031,inter_mol
5002,30,ECOIL,0,G,linker,52,KCOIL,0,E,KCOIL_0_32-52,30.131,inter_mol
5003,28,ECOIL,0,S,linker,51,ECOIL,0,E,ECOIL_0_32-52,30.156,intra_mol
5004,30,ECOIL,0,G,linker,52,ECOIL,0,K,ECOIL_0_32-52,30.166,intra_mol
5005,6,ECOIL,0,E,ECOIL_0_1-21,27,KCOIL,0,G,linker,30.183,inter_mol
5006,26,ECOIL,0,G,linker,48,KCOIL,0,A,KCOIL_0_32-52,30.185,inter_mol
5007,25,KCOIL,0,G,linker,45,KCOIL,0,E,KCOIL_0_32-52,30.204,intra_mol
5008,31,ECOIL,0,G,linker,52,ECOIL,0,K,ECOIL_0_32-52,30.217,intra_mol
5009,50,ECOIL,0,L,ECOIL_0_32-52,21,KCOIL,0,E,KCOIL_0_1-21,30.229,inter_mol
5010,28,ECOIL,0,S,linker,50,ECOIL,0,L,ECOIL_0_32-52,30.244,intra_mol
5011,6,ECOIL,0,E,ECOIL_0_1-21,24,KCOIL,0,S,linker,30.255,inter_mol
5012,29,ECOIL,0,G,linker,52,ECOIL,0,K,ECOIL_0_32-52,30.295,intra_mol
5013,5,ECOIL,0,L,ECOIL_0_1-21,24,KCOIL,0,S,linker,30.299,inter_mol
5014,4,ECOIL,0,A,ECOIL_0_1-21,29,ECOIL,0,G,linker,30.337,intra_mol
5015,28,ECOIL,0,S,linker,2,KCOIL,0,I,KCOIL_0_1-21,30.347,inter_mol
5016,27,ECOIL,0,G,linker,49,KCOIL,0,A,KCOIL_0_32-52,30.355,inter_mol
5017,5,KCOIL,0,L,KCOIL_0_1-21,29,KCOIL,0,G,linker,30.357,intra_mol
5018,24,KCOIL,0,S,linker,45,KCOIL,0,E,KCOIL_0_32-52,30.364,intra_mol
5019,2,ECOIL,0,I,ECOIL_0_1-21,22,ECOIL,0,G,linker,30.414,intra_mol
5020,2,KCOIL,0,I,KCOIL_0_1-21,22,KCOIL,0,G,linker,30.421,intra_mol
5021,21,KCOIL,0,E,KCOIL_0_1-21,48,KCOIL,0,A,KCOIL_0_32-52,30.425,intra_mol
5022,47,ECOIL,0,I,ECOIL_0_32-52,24,KCOIL,0,S,linker,30.453,inter_mol
5023,5,KCOIL,0,L,KCOIL_0_1-21,25,KCOIL,0,G,linker,30.462,intra_mol
5024,32,KCOIL,0,K,KCOIL_0_32-52,52,KCOIL,0,E,KCOIL_0_32-52,30.467,intra_mol
5025,1,ECOIL,0,E,ECOIL_0_1-21,30,KCOIL,0,G,linker,30.478,inter_mol
5026,1,ECOIL,0,E,ECOIL_0_1-21,20,KCOIL,0,K,KCOIL_0_1-21,30.495,inter_mol
5027,32,ECOIL,0,E,ECOIL_0_32-52,1,KCOIL,0,K,KCOIL_0_1-21,30.507,inter_mol
5028,2,ECOIL,0,I,ECOIL_0_1-21,30,ECOIL,0,G,linker,30.509,intra_mol
5029,29,ECOIL,0,G,linker,50,KCOIL,0,L,KCOIL_0_32-52,30.516,inter_mol
5030,31,KCOIL,0,G,linker,51,KCOIL,0,K,KCOIL_0_32-52,30.530,intra_mol
5031,46,ECOIL,0,E,ECOIL_0_32-52,24,KCOIL,0,S,linker,30.536,inter_mol
5032,4,ECOIL,0,A,ECOIL_0_1-21,27,KCOIL,0,G,linker,30.539,inter_mol
5033,45,ECOIL,0,K,ECOIL_0_32-52,25,KCOIL,0,G,linker,30.551,inter_mol
5034,17,KCOIL,0,A,KCOIL_0_1-21,52,KCOIL,0,E,KCOIL_0_32-52,30.565,intra_mol
5035,5,KCOIL,0,L,KCOIL_0_1-21,27,KCOIL,0,G,linker,30.587,intra_mol
5036,2,ECOIL,0,I,ECOIL_0_1-21,30,KCOIL,0,G,linker,30.595,inter_mol
5037,23,ECOIL,0,G,linker,3,KCOIL,0,A,KCOIL_0_1-21,30.605,inter_mol
5038,1,ECOIL,0,E,ECOIL_0_1-21,21,ECOIL,0,K,ECOIL_0_1-21,30.629,intra_mol
5039,52,ECOIL,0,K,ECOIL_0_32-52,33,KCOIL,0,I,KCOIL_0_32-52,30.649,inter_mol
5040,4,KCOIL,0,A,KCOIL_0_1-21,24,KCOIL,0,S,linker,30.652,intra_mol
5041,5,ECOIL,0,L,ECOIL_0_1-21,25,KCOIL,0,G,linker,30.684,inter_mol
5042,52,ECOIL,0,K,ECOIL_0_32-52,34,KCOIL,0,A,KCOIL_0_32-52,30.692,inter_mol
5043,1,KCOIL,0,K,KCOIL_0_1-21,31,KCOIL,0,G,linker,30.698,intra_mol
5044,6,KCOIL,0,K,KCOIL_0_1-21,25,KCOIL,0,G,linker,30.711,intra_mol
5045,29,KCOIL,0,G,linker,47,KCOIL,0,I,KCOIL_0_32-52,30.722,intra_mol
5046,32,ECOIL,0,E,ECOIL_0_32-52,52,ECOIL,0,K,ECOIL_0_32-52,30.730,intra_mol
5047,27,ECOIL,0,G,linker,50,KCOIL,0,L,KCOIL_0_32-52,30.743,inter_mol
5048,22,ECOIL,0,G,linker,2,KCOIL,0,I,KCOIL_0_1-21,30.757,inter_mol
5049,6,ECOIL,0,E,ECOIL_0_1-21,25,KCOIL,0,G,linker,30.805,inter_mol
5050,22,ECOIL,0,G,linker,48,ECOIL,0,A,ECOIL_0_32-52,30.813,intra_mol
5051,2,ECOIL,0,I,ECOIL_0_1-21,27,ECOIL,0,G,linker,30.827,intra_mol
5052,25,ECOIL,0,G,linker,3,KCOIL,0,A,KCOIL_0_1-21,30.830,inter_mol
5053,5,ECOIL,0,L,ECOIL_0_1-21,26,KCOIL,0,G,linker,30.842,inter_mol
5054,20,ECOIL,0,E,ECOIL_0_1-21,52,ECOIL,0,K,ECOIL_0_32-52,30.865,intra_mol
5055,23,KCOIL,0,G,linker,48,KCOIL,0,A,KCOIL_0_32-52,30.890,intra_mol
5056,4,ECOIL,0,A,ECOIL_0_1-21,26,ECOIL,0,G,linker,30.890,intra_mol
5057,50,ECOIL,0,L,ECOIL_0_32-52,31,KCOIL,0,G,linker,30.905,inter_mol
5058,4,ECOIL,0,A,ECOIL_0_1-21,28,ECOIL,0,S,linker,30.905,intra_mol
5059,52,ECOIL,0,K,ECOIL_0_32-52,21,KCOIL,0,E,KCOIL_0_1-21,30.907,inter_mol
5060,2,KCOIL,0,I,KCOIL_0_1-21,23,KCOIL,0,G,linker,30.928,intra_mol
5061,3,ECOIL,0,A,ECOIL_0_1-21,27,ECOIL,0,G,linker,30.931,intra_mol
5062,24,ECOIL,0,S,linker,2,KCOIL,0,I,KCOIL_0_1-21,30.941,inter_mol
5063,1,KCOIL,0,K,KCOIL_0_1-21,21,KCOIL,0,E,KCOIL_0_1-21,30.962,intra_mol
5064,7,KCOIL,0,E,KCOIL_0_1-21,27,KCOIL,0,G,linker,31.012,intra_mol
5065,1,ECOIL,0,E,ECOIL_0_1-21,30,ECOIL,0,G,linker,31.019,intra_mol
5066,2,ECOIL,0,I,ECOIL_0_1-21,21,KCOIL,0,E,KCOIL_0_1-21,31.032,inter_mol
5067,2,ECOIL,0,I,ECOIL_0_1-21,24,ECOIL,0,S,linker,31.063,intra_mol
5068,3,ECOIL,0,A,ECOIL_0_1-21,30,ECOIL,0,G,linker,31.072,intra_mol
5069,23,ECOIL,0,G,linker,48,KCOIL,0,A,KCOIL_0_32-52,31.074,inter_mol
5070,3,ECOIL,0,A,ECOIL_0_1-21,21,KCOIL,0,E,KCOIL_0_1-21,31.093,inter_mol
5071,7,KCOIL,0,E,KCOIL_0_1-21,26,KCOIL,0,G,linker,31.107,intra_mol
5072,27,KCOIL,0,G,linker,47,KCOIL,0,I,KCOIL_0_32-52,31.116,intra_mol
5073,28,ECOIL,0,S,linker,52,ECOIL,0,K,ECOIL_0_32-52,31.118,intra_mol
5074,3,ECOIL,0,A,ECOIL_0_1-21,22,KCOIL,0,G,linker,31.189,inter_mol
5075,45,ECOIL,0,K,ECOIL_0_32-52,26,KCOIL,0,G,linker,31.227,inter_mol
5076,22,ECOIL,0,G,linker,48,KCOIL,0,A,KCOIL_0_32-52,31.227,inter_mol
5077,22,ECOIL,0,G,linker,1,KCOIL,0,K,KCOIL_0_1-21,31.227,inter_mol
5078,5,KCOIL,0,L,KCOIL_0_1-21,26,KCOIL,0,G,linker,31.234,intra_mol
5079,26,ECOIL,0,G,linker,3,KCOIL,0,A,KCOIL_0_1-21,31.244,inter_mol
5080,21,ECOIL,0,K,ECOIL_0_1-21,48,KCOIL,0,A,KCOIL_0_32-52,31.254,inter_mol
5081,24,KCOIL,0,S,linker,47,KCOIL,0,I,KCOIL_0_32-52,31.263,intra_mol
5082,26,KCOIL,0,G,linker,46,KCOIL,0,K,KCOIL_0_32-52,31.264,intra_mol
5083,17,ECOIL,0,A,ECOIL_0_1-21,52,KCOIL,0,E,KCOIL_0_32-52,31.309,inter_mol
5084,27,ECOIL,0,G,linker,52,ECOIL,0,K,ECOIL_0_32-52,31.312,intra_mol
5085,23,ECOIL,0,G,linker,48,ECOIL,0,A,ECOIL_0_32-52,31.320,intra_mol
5086,6,ECOIL,0,E,ECOIL_0_1-21,26,KCOIL,0,G,linker,31.330,inter_mol
5087,3,ECOIL,0,A,ECOIL_0_1-21,23,KCOIL,0,G,linker,31.371,inter_mol
5088,51,ECOIL,0,E,ECOIL_0_32-52,22,KCOIL,0,G,linker,31.381,inter_mol
5089,45,ECOIL,0,K,ECOIL_0_32-52,27,KCOIL,0,G,linker,31.395,inter_mol
5090,3,ECOIL,0,A,ECOIL_0_1-21,29,KCOIL,0,G,linker,31.403,inter_mol
5091,49,ECOIL,0,A,ECOIL_0_32-52,31,KCOIL,0,G,linker,31.411,inter_mol
5092,21,ECOIL,0,K,ECOIL_0_1-21,51,ECOIL,0,E,ECOIL_0_32-52,31.448,intra_mol
5093,49,ECOIL,0,A,ECOIL_0_32-52,22,KCOIL,0,G,linker,31.457,inter_mol
5094,30,KCOIL,0,G,linker,49,KCOIL,0,A,KCOIL_0_32-52,31.467,intra_mol
5095,26,ECOIL,0,G,linker,49,ECOIL,0,A,ECOIL_0_32-52,31.469,intra_mol
5096,28,KCOIL,0,S,linker,46,KCOIL,0,K,KCOIL_0_32-52,31.475,intra_mol
5097,3,ECOIL,0,A,ECOIL_0_1-21,25,ECOIL,0,G,linker,31.478,intra_mol
5098,46,ECOIL,0,E,ECOIL_0_32-52,27,KCOIL,0,G,linker,31.487,inter_mol
5099,2,ECOIL,0,I,ECOIL_0_1-21,23,ECOIL,0,G,linker,31.502,intra_mol
5100,49,ECOIL,0,A,ECOIL_0_32-52,23,KCOIL,0,G,linker,31.508,inter_mol
5101,19,ECOIL,0,L,ECOIL_0_1-21,52,ECOIL,0,K,ECOIL_0_32-52,31.510,intra_mol
5102,28,ECOIL,0,S,linker,49,KCOIL,0,A,KCOIL_0_32-52,31.517,inter_mol
5103,46,ECOIL,0,E,ECOIL_0_32-52,25,KCOIL,0,G,linker,31.535,inter_mol
5104,22,KCOIL,0,G,linker,48,KCOIL,0,A,KCOIL_0_32-52,31.558,intra_mol
5105,7,KCOIL,0,E,KCOIL_0_1-21,29,KCOIL,0,G,linker,31.574,intra_mol
5106,25,KCOIL,0,G,linker,46,KCOIL,0,K,KCOIL_0_32-52,31.632,intra_mol
5107,25,ECOIL,0,G,linker,49,ECOIL,0,A,ECOIL_0_32-52,31.641,intra_mol
5108,24,KCOIL,0,S,linker,46,KCOIL,0,K,KCOIL_0_32-52,31.677,intra_mol
5109,5,ECOIL,0,L,ECOIL_0_1-21,28,KCOIL,0,S,linker,31.689,inter_mol
5110,47,ECOIL,0,I,ECOIL_0_32-52,25,KCOIL,0,G,linker,31.692,inter_mol
5111,3,KCOIL,0,A,KCOIL_0_1-21,30,KCOIL,0,G,linker,31.696,intra_mol
5112,24,ECOIL,0,S,linker,49,ECOIL,0,A,ECOIL_0_32-52,31.698,intra_mol
5113,44,ECOIL,0,E,ECOIL_0_32-52,28,KCOIL,0,S,linker,31.703,inter_mol
5114,25,ECOIL,0,G,linker,2,KCOIL,0,I,KCOIL_0_1-21,31.745,inter_mol
5115,21,KCOIL,0,E,KCOIL_0_1-21,51,KCOIL,0,K,KCOIL_0_32-52,31.752,intra_mol
5116,2,ECOIL,0,I,ECOIL_0_1-21,29,ECOIL,0,G,linker,31.773,intra_mol
5117,1,ECOIL,0,E,ECOIL_0_1-21,22,ECOIL,0,G,linker,31.778,intra_mol
5118,28,ECOIL,0,S,linker,50,KCOIL,0,L,KCOIL_0_32-52,31.820,inter_mol
5119,2,ECOIL,0,I,ECOIL_0_1-21,22,KCOIL,0,G,linker,31.821,inter_mol
5120,19,ECOIL,0,L,ECOIL_0_1-21,52,KCOIL,0,E,KCOIL_0_32-52,31.823,inter_mol
5121,46,ECOIL,0,E,ECOIL_0_32-52,26,KCOIL,0,G,linker,31.849,inter_mol
5122,23,ECOIL,0,G,linker,2,KCOIL,0,I,KCOIL_0_1-21,31.861,inter_mol
5123,25,KCOIL,0,G,linker,47,KCOIL,0,I,KCOIL_0_32-52,31.861,intra_mol
5124,29,ECOIL,0,G,linker,52,KCOIL,0,E,KCOIL_0_32-52,31.895,inter_mol
5125,31,ECOIL,0,G,linker,1,KCOIL,0,K,KCOIL_0_1-21,31.917,inter_mol
5126,21,ECOIL,0,K,ECOIL_0_1-21,50,ECOIL,0,L,ECOIL_0_32-52,31.918,intra_mol
5127,6,KCOIL,0,K,KCOIL_0_1-21,27,KCOIL,0,G,linker,31.924,intra_mol
5128,46,ECOIL,0,E,ECOIL_0_32-52,29,KCOIL,0,G,linker,31.931,inter_mol
5129,6,KCOIL,0,K,KCOIL_0_1-21,26,KCOIL,0,G,linker,31.939,intra_mol
5130,51,ECOIL,0,E,ECOIL_0_32-52,23,KCOIL,0,G,linker,31.949,inter_mol
5131,4,KCOIL,0,A,KCOIL_0_1-21,25,KCOIL,0,G,linker,31.950,intra_mol
5132,26,KCOIL,0,G,linker,47,KCOIL,0,I,KCOIL_0_32-52,31.959,intra_mol
5133,4,ECOIL,0,A,ECOIL_0_1-21,24,KCOIL,0,S,linker,31.990,inter_mol
5134,2,ECOIL,0,I,ECOIL_0_1-21,23,KCOIL,0,G,linker,32.011,inter_mol
5135,24,ECOIL,0,S,linker,49,KCOIL,0,A,KCOIL_0_32-52,32.027,inter_mol
5136,47,ECOIL,0,I,ECOIL_0_32-52,27,KCOIL,0,G,linker,32.038,inter_mol
5137,4,ECOIL,0,A,ECOIL_0_1-21,26,KCOIL,0,G,linker,32.047,inter_mol
5138,4,ECOIL,0,A,ECOIL_0_1-21,25,KCOIL,0,G,linker,32.061,inter_mol
5139,1,KCOIL,0,K,KCOIL_0_1-21,22,KCOIL,0,G,linker,32.102,intra_mol
5140,1,ECOIL,0,E,ECOIL_0_1-21,24,ECOIL,0,S,linker,32.103,intra_mol
5141,1,ECOIL,0,E,ECOIL_0_1-21,27,ECOIL,0,G,linker,32.143,intra_mol
5142,24,ECOIL,0,S,linker,50,ECOIL,0,L,ECOIL_0_32-52,32.150,intra_mol
5143,20,KCOIL,0,K,KCOIL_0_1-21,52,KCOIL,0,E,KCOIL_0_32-52,32.158,intra_mol
5144,2,ECOIL,0,I,ECOIL_0_1-21,25,ECOIL,0,G,linker,32.164,intra_mol
5145,2,KCOIL,0,I,KCOIL_0_1-21,30,KCOIL,0,G,linker,32.187,intra_mol
5146,19,KCOIL,0,L,KCOIL_0_1-21,52,KCOIL,0,E,KCOIL_0_32-52,32.212,intra_mol
5147,21,ECOIL,0,K,ECOIL_0_1-21,50,KCOIL,0,L,KCOIL_0_32-52,32.217,inter_mol
5148,50,ECOIL,0,L,ECOIL_0_32-52,22,KCOIL,0,G,linker,32.234,inter_mol
5149,4,ECOIL,0,A,ECOIL_0_1-21,28,KCOIL,0,S,linker,32.235,inter_mol
5150,26,ECOIL,0,G,linker,2,KCOIL,0,I,KCOIL_0_1-21,32.242,inter_mol
5151,25,ECOIL,0,G,linker,49,KCOIL,0,A,KCOIL_0_32-52,32.271,inter_mol
5152,30,KCOIL,0,G,linker,50,KCOIL,0,L,KCOIL_0_32-52,32.282,intra_mol
5153,6,ECOIL,0,E,ECOIL_0_1-21,28,KCOIL,0,S,linker,32.297,inter_mol
5154,31,KCOIL,0,G,linker,52,KCOIL,0,E,KCOIL_0_32-52,32.303,intra_mol
5155,2,ECOIL,0,I,ECOIL_0_1-21,28,ECOIL,0,S,linker,32.310,intra_mol
5156,48,ECOIL,0,A,ECOIL_0_32-52,30,KCOIL,0,G,linker,32.314,inter_mol
5157,25,ECOIL,0,G,linker,51,KCOIL,0,K,KCOIL_0_32-52,32.321,inter_mol
5158,50,ECOIL,0,L,ECOIL_0_32-52,23,KCOIL,0,G,linker,32.333,inter_mol
5159,24,ECOIL,0,S,linker,50,KCOIL,0,L,KCOIL_0_32-52,32.356,inter_mol
5160,47,ECOIL,0,I,ECOIL_0_32-52,29,KCOIL,0,G,linker,32.364,inter_mol
5161,47,ECOIL,0,I,ECOIL_0_32-52,26,KCOIL,0,G,linker,32.394,inter_mol
5162,4,KCOIL,0,A,KCOIL_0_1-21,29,KCOIL,0,G,linker,32.406,intra_mol
5163,24,ECOIL,0,S,linker,51,KCOIL,0,K,KCOIL_0_32-52,32.426,inter_mol
5164,18,ECOIL,0,A,ECOIL_0_1-21,52,ECOIL,0,K,ECOIL_0_32-52,32.428,intra_mol
5165,25,ECOIL,0,G,linker,50,ECOIL,0,L,ECOIL_0_32-52,32.452,intra_mol
5166,21,ECOIL,0,K,ECOIL_0_1-21,49,ECOIL,0,A,ECOIL_0_32-52,32.454,intra_mol
5167,21,KCOIL,0,E,KCOIL_0_1-21,50,KCOIL,0,L,KCOIL_0_32-52,32.456,intra_mol
5168,1,ECOIL,0,E,ECOIL_0_1-21,23,ECOIL,0,G,linker,32.480,intra_mol
5169,48,ECOIL,0,A,ECOIL_0_32-52,24,KCOIL,0,S,linker,32.491,inter_mol
5170,3,KCOIL,0,A,KCOIL_0_1-21,24,KCOIL,0,S,linker,32.497,intra_mol
5171,3,ECOIL,0,A,ECOIL_0_1-21,29,ECOIL,0,G,linker,32.514,intra_mol
5172,26,ECOIL,0,G,linker,51,KCOIL,0,K,KCOIL_0_32-52,32.520,inter_mol
5173,4,KCOIL,0,A,KCOIL_0_1-21,27,KCOIL,0,G,linker,32.522,intra_mol
5174,24,ECOIL,0,S,linker,51,ECOIL,0,E,ECOIL_0_32-52,32.537,intra_mol
5175,27,ECOIL,0,G,linker,1,KCOIL,0,K,KCOIL_0_1-21,32.565,inter_mol
5176,29,KCOIL,0,G,linker,48,KCOIL,0,A,KCOIL_0_32-52,32.589,intra_mol
5177,51,ECOIL,0,E,ECOIL_0_32-52,31,KCOIL,0,G,linker,32.599,inter_mol
5178,24,ECOIL,0,S,linker,1,KCOIL,0,K,KCOIL_0_1-21,32.616,inter_mol
5179,18,ECOIL,0,A,ECOIL_0_1-21,52,KCOIL,0,E,KCOIL_0_32-52,32.627,inter_mol
5180,45,ECOIL,0,K,ECOIL_0_32-52,29,KCOIL,0,G,linker,32.684,inter_mol
5181,26,ECOIL,0,G,linker,50,ECOIL,0,L,ECOIL_0_32-52,32.691,intra_mol
5182,6,KCOIL,0,K,KCOIL_0_1-21,29,KCOIL,0,G,linker,32.707,intra_mol
5183,52,ECOIL,0,K,ECOIL_0_32-52,32,KCOIL,0,K,KCOIL_0_32-52,32.799,inter_mol
5184,25,ECOIL,0,G,linker,50,KCOIL,0,L,KCOIL_0_32-52,32.803,inter_mol
5185,1,ECOIL,0,E,ECOIL_0_1-21,29,ECOIL,0,G,linker,32.827,intra_mol
5186,3,ECOIL,0,A,ECOIL_0_1-21,28,ECOIL,0,S,linker,32.836,intra_mol
5187,1,KCOIL,0,K,KCOIL_0_1-21,23,KCOIL,0,G,linker,32.851,intra_mol
5188,23,ECOIL,0,G,linker,1,KCOIL,0,K,KCOIL_0_1-21,32.859,inter_mol
5189,1,KCOIL,0,K,KCOIL_0_1-21,30,KCOIL,0,G,linker,32.880,intra_mol
5190,21,ECOIL,0,K,ECOIL_0_1-21,49,KCOIL,0,A,KCOIL_0_32-52,32.903,inter_mol
5191,26,ECOIL,0,G,linker,51,ECOIL,0,E,ECOIL_0_32-52,32.910,intra_mol
5192,25,ECOIL,0,G,linker,51,ECOIL,0,E,ECOIL_0_32-52,32.942,intra_mol
5193,22,ECOIL,0,G,linker,50,ECOIL,0,L,ECOIL_0_32-52,32.975,intra_mol
5194,18,KCOIL,0,A,KCOIL_0_1-21,52,KCOIL,0,E,KCOIL_0_32-52,32.978,intra_mol
5195,3,ECOIL,0,A,ECOIL_0_1-21,27,KCOIL,0,G,linker,32.988,inter_mol
5196,3,ECOIL,0,A,ECOIL_0_1-21,26,ECOIL,0,G,linker,33.013,intra_mol
5197,22,ECOIL,0,G,linker,51,ECOIL,0,E,ECOIL_0_32-52,33.018,intra_mol
5198,22,ECOIL,0,G,linker,50,KCOIL,0,L,KCOIL_0_32-52,33.027,inter_mol
5199,4,KCOIL,0,A,KCOIL_0_1-21,26,KCOIL,0,G,linker,33.031,intra_mol
5200,27,KCOIL,0,G,linker,48,KCOIL,0,A,KCOIL_0_32-52,33.060,intra_mol
5201,26,ECOIL,0,G,linker,49,KCOIL,0,A,KCOIL_0_32-52,33.077,inter_mol
5202,1,ECOIL,0,E,ECOIL_0_1-21,25,ECOIL,0,G,linker,33.090,intra_mol
5203,27,ECOIL,0,G,linker,52,KCOIL,0,E,KCOIL_0_32-52,33.107,inter_mol
5204,5,KCOIL,0,L,KCOIL_0_1-21,28,KCOIL,0,S,linker,33.117,intra_mol
5205,23,KCOIL,0,G,linker,51,KCOIL,0,K,KCOIL_0_32-52,33.122,intra_mol
5206,22,ECOIL,0,G,linker,49,ECOIL,0,A,ECOIL_0_32-52,33.164,intra_mol
5207,22,ECOIL,0,G,linker,49,KCOIL,0,A,KCOIL_0_32-52,33.164,inter_mol
5208,1,ECOIL,0,E,ECOIL_0_1-21,29,KCOIL,0,G,linker,33.164,inter_mol
5209,23,ECOIL,0,G,linker,49,KCOIL,0,A,KCOIL_0_32-52,33.198,inter_mol
5210,21,KCOIL,0,E,KCOIL_0_1-21,49,KCOIL,0,A,KCOIL_0_32-52,33.218,intra_mol
5211,30,ECOIL,0,G,linker,1,KCOIL,0,K,KCOIL_0_1-21,33.242,inter_mol
5212,2,ECOIL,0,I,ECOIL_0_1-21,26,ECOIL,0,G,linker,33.274,intra_mol
5213,28,KCOIL,0,S,linker,47,KCOIL,0,I,KCOIL_0_32-52,33.295,intra_mol
5214,30,KCOIL,0,G,linker,51,KCOIL,0,K,KCOIL_0_32-52,33.386,intra_mol
5215,23,KCOIL,0,G,linker,50,KCOIL,0,L,KCOIL_0_32-52,33.406,intra_mol
5216,23,ECOIL,0,G,linker,50,KCOIL,0,L,KCOIL_0_32-52,33.432,inter_mol
5217,23,ECOIL,0,G,linker,49,ECOIL,0,A,ECOIL_0_32-52,33.469,intra_mol
5218,20,ECOIL,0,E,ECOIL_0_1-21,52,KCOIL,0,E,KCOIL_0_32-52,33.499,inter_mol
5219,50,ECOIL,0,L,ECOIL_0_32-52,30,KCOIL,0,G,linker,33.504,inter_mol
5220,23,KCOIL,0,G,linker,49,KCOIL,0,A,KCOIL_0_32-52,33.522,intra_mol
5221,23,ECOIL,0,G,linker,50,ECOIL,0,L,ECOIL_0_32-52,33.527,intra_mol
5222,26,ECOIL,0,G,linker,50,KCOIL,0,L,KCOIL_0_32-52,33.529,inter_mol
5223,22,KCOIL,0,G,linker,51,KCOIL,0,K,KCOIL_0_32-52,33.536,intra_mol
5224,2,ECOIL,0,I,ECOIL_0_1-21,29,KCOIL,0,G,linker,33.600,inter_mol
5225,22,KCOIL,0,G,linker,50,KCOIL,0,L,KCOIL_0_32-52,33.655,intra_mol
5226,24,KCOIL,0,S,linker,48,KCOIL,0,A,KCOIL_0_32-52,33.713,intra_mol
5227,1,ECOIL,0,E,ECOIL_0_1-21,21,KCOIL,0,E,KCOIL_0_1-21,33.791,inter_mol
5228,1,ECOIL,0,E,ECOIL_0_1-21,23,KCOIL,0,G,linker,33.805,inter_mol
5229,3,ECOIL,0,A,ECOIL_0_1-21,24,KCOIL,0,S,linker,33.820,inter_mol
5230,21,ECOIL,0,K,ECOIL_0_1-21,51,KCOIL,0,K,KCOIL_0_32-52,33.850,inter_mol
5231,1,ECOIL,0,E,ECOIL_0_1-21,28,ECOIL,0,S,linker,33.859,intra_mol
5232,28,ECOIL,0,S,linker,1,KCOIL,0,K,KCOIL_0_1-21,33.889,inter_mol
5233,28,ECOIL,0,S,linker,52,KCOIL,0,E,KCOIL_0_32-52,33.905,inter_mol
5234,23,ECOIL,0,G,linker,51,ECOIL,0,E,ECOIL_0_32-52,33.915,intra_mol
5235,49,ECOIL,0,A,ECOIL_0_32-52,30,KCOIL,0,G,linker,33.917,inter_mol
5236,52,ECOIL,0,K,ECOIL_0_32-52,22,KCOIL,0,G,linker,33.922,inter_mol
5237,7,KCOIL,0,E,KCOIL_0_1-21,28,KCOIL,0,S,linker,33.963,intra_mol
5238,26,KCOIL,0,G,linker,48,KCOIL,0,A,KCOIL_0_32-52,33.964,intra_mol
5239,29,ECOIL,0,G,linker,1,KCOIL,0,K,KCOIL_0_1-21,33.971,inter_mol
5240,46,ECOIL,0,E,ECOIL_0_32-52,28,KCOIL,0,S,linker,33.977,inter_mol
5241,25,ECOIL,0,G,linker,1,KCOIL,0,K,KCOIL_0_1-21,33.980,inter_mol
5242,3,KCOIL,0,A,KCOIL_0_1-21,25,KCOIL,0,G,linker,34.016,intra_mol
5243,48,ECOIL,0,A,ECOIL_0_32-52,25,KCOIL,0,G,linker,34.046,inter_mol
5244,1,ECOIL,0,E,ECOIL_0_1-21,22,KCOIL,0,G,linker,34.064,inter_mol
5245,23,ECOIL,0,G,linker,51,KCOIL,0,K,KCOIL_0_32-52,34.082,inter_mol
5246,22,ECOIL,0,G,linker,51,KCOIL,0,K,KCOIL_0_32-52,34.099,inter_mol
5247,2,KCOIL,0,I,KCOIL_0_1-21,24,KCOIL,0,S,linker,34.103,intra_mol
5248,22,KCOIL,0,G,linker,49,KCOIL,0,A,KCOIL_0_32-52,34.124,intra_mol
5249,3,ECOIL,0,A,ECOIL_0_1-21,25,KCOIL,0,G,linker,34.130,inter_mol
5250,25,KCOIL,0,G,linker,48,KCOIL,0,A,KCOIL_0_32-52,34.139,intra_mol
5251,29,KCOIL,0,G,linker,49,KCOIL,0,A,KCOIL_0_32-52,34.209,intra_mol
5252,45,ECOIL,0,K,ECOIL_0_32-52,28,KCOIL,0,S,linker,34.231,inter_mol
5253,52,ECOIL,0,K,ECOIL_0_32-52,23,KCOIL,0,G,linker,34.304,inter_mol
5254,3,ECOIL,0,A,ECOIL_0_1-21,26,KCOIL,0,G,linker,34.369,inter_mol
5255,1,ECOIL,0,E,ECOIL_0_1-21,26,ECOIL,0,G,linker,34.463,intra_mol
5256,26,ECOIL,0,G,linker,52,ECOIL,0,K,ECOIL_0_32-52,34.579,intra_mol
5257,2,ECOIL,0,I,ECOIL_0_1-21,27,KCOIL,0,G,linker,34.655,inter_mol
5258,47,ECOIL,0,I,ECOIL_0_32-52,28,KCOIL,0,S,linker,34.696,inter_mol
5259,2,ECOIL,0,I,ECOIL_0_1-21,24,KCOIL,0,S,linker,34.782,inter_mol
5260,1,ECOIL,0,E,ECOIL_0_1-21,27,KCOIL,0,G,linker,34.810,inter_mol
5261,3,ECOIL,0,A,ECOIL_0_1-21,28,KCOIL,0,S,linker,34.825,inter_mol
5262,51,ECOIL,0,E,ECOIL_0_32-52,30,KCOIL,0,G,linker,34.852,inter_mol
5263,3,KCOIL,0,A,KCOIL_0_1-21,27,KCOIL,0,G,linker,34.871,intra_mol
5264,48,ECOIL,0,A,ECOIL_0_32-52,27,KCOIL,0,G,linker,34.875,inter_mol
5265,49,ECOIL,0,A,ECOIL_0_32-52,24,KCOIL,0,S,linker,34.879,inter_mol
5266,6,KCOIL,0,K,KCOIL_0_1-21,28,KCOIL,0,S,linker,34.891,intra_mol
5267,48,ECOIL,0,A,ECOIL_0_32-52,26,KCOIL,0,G,linker,34.919,inter_mol
5268,26,ECOIL,0,G,linker,1,KCOIL,0,K,KCOIL_0_1-21,34.949,inter_mol
